MINT,jup_mint_listed,jup_has_price,jup_price_usd,jup_confidence
EPjFWdd5AufqSSqeM2qN1xzybapC8G4wEGGkZwyTDt1v,0,0,,
5L87fjh5XZWERN4UGbK62TM1funxFvXSRUGmvbHBGqn1,0,0,,
A94X2fRy3wydNShU4dRaDyap2UuoeWJGWyATtyp61WZf,0,0,,
9QBTKuSCDaJjtxYnYcVzoiKENMdJ5DRei5ZUCEeWyZnj,0,0,,
meebAU3nZrU5PbUt3dVK6ExgbNWCUAkV7C3DaJKMZZ4,0,0,,
BiDB55p4G3n1fGhwKFpxsokBMqgctL4qnZpDH1bVQxMD,0,0,,
Es9vMFrzaCERmJfrF4H2FYD4KCoNkY11McCe8BenwNYB,0,0,,
7Af1biRuBcAQTEU3YkWaGGtQDFoxYmqLMyrBNQKnuogn,0,0,,
HBxHiTHpmnps5ALo2jzZbVmUzPPpZsUT8wN8KtqkBU9h,0,0,,
7H4Co5vUfRGuYCHFitwCr2iCvKpv7QiRA8hFfwa1y4x3,0,0,,
So11111111111111111111111111111111111111112,0,0,,
4qw5MNc9oLKS22hiFTK6TNBHCqegDK3qzhMDgawtwnUL,0,0,,
F5f9hLQ6FNHwuU3dS8CUCRy9r2deJXYCinDL6RAxsPeX,0,0,,
F3nefJBcejYbtdREjui1T9DPh5dBgpkKq7u2GAAMXs5B,0,0,,
4k3Dyjzvzp8eMZWUXbBCjEvwSkkk59S5iCNLY3QrkX6R,0,0,,
MEANeD3XDdUmNMsRGjASkSWdC8prLYsoRJ61pPeHctD,0,0,,
45HfvXJHY9msY2i4EmUpume1mSMLUvdaWsJRbctAobQM,0,0,,
AFbX8oGjGpmVFywbVouvhQSRmiW2aR1mohfahi4Y2AdB,0,0,,
3HaDnJ2PEt7v7RE8dPaSzSCgBL5dWvWtTkGaEGs5ap3N,0,0,,
Basis9oJw9j8cw53oMV7iqsgo6ihi9ALw4QR31rcjUJa,0,0,,
665t3SYTfoVtaRPP7QRbBG3V7ePVtWVKQXYkSaUfxS7u,0,0,,
UNQtEecZ5Zb4gSSVHCAWUQEoNnSVEbWiKCi1v9kdUJJ,0,0,,
9XYbEGVjBK2BWvtvjoJBZtnoHtkkdGiw321tdN6eLa4A,0,0,,
A5UevXJdphkzXhRtTXj8JyoYYrWnkCLHVS986JHtRLyj,0,0,,
Gz3u6eJaKEviYpPC5AwUziz891kNX76PNdsmJrnaNNY4,0,0,,
7vKX5rx57VPE1ozJesFzojdPjGZ3M89894PT27i6seUF,0,0,,
3iBZV8gvUFxp333FFogUPVi6MP9dEZ74xUxVzEQvNPii,0,0,,
43q34gUCKfgBQcJSNq2M4s8uVGuGtfAFQXES1BzW5UBv,0,0,,
EctmRn2jMAdTDvQdG7mxadyiTvhGZiGYNrt9PWe6zioG,0,0,,
5j81MNxc3ru546HtUKq5b3qDg9qmqATZz89MYyKhdwhm,0,0,,
CAPYD6Lrm7bTZ6C7t7JvSxvpEcfKQ9YNB7kUjh6p6XBN,0,0,,
H2rMQMa6kPpWwg2GraKyiiPwnayDBoBNg9WNVuafqXKc,0,0,,
5Z7bWSvcxVeUkroSypFW3Tsw7vPoJUcCxhTFNenLxNoR,0,0,,
FmpqmVcT4hSUfNhach31YUpf6M75bBYaC59JLMyCVNHH,0,0,,
4NGNdLiQ1KG8GgqZimKku4WCLdXbNw6UQJvqax3fE6CJ,0,0,,
6thBfacY24FpPwwtE91awkBQ2qrnHuyUX5BxpX9YsSdF,0,0,,
BBdrgbSeqcQsMP7Wo9Nv2Xac94UPiKjR9tEBS6Kz7NFp,0,0,,
FiFxBfTSqcz6vWRbp5TKbyhgfkXauSfHiRwxKqMcbuNA,0,0,,
CrhUSH7FDwB37BYvPsVnVbsGVeE81biBzfkD4A4fyJMv,0,0,,
GV3MjuGin8aTG6Rhc1vR1QFYp8gq5vW39jnNPLrbzmPi,0,0,,
EcFyPDjqpnyMvh1LhACtC6rrCZ41DMez7RZYocjhmUVS,0,0,,
BygDd5LURoqztD3xETc99WCxLUbTi6WYSht9XiBgZ4HW,0,0,,
PRSMNsEPqhGVCH1TtWiJqPjJyh2cKrLostPZTNy1o5x,0,0,,
AAmGoPDFLG6bE82BgZWjVi8k95tj9Tf3vUN7WvtUm2BU,0,0,,
3PNqq4kEqgRSkV5dYdcc6mtoaoXdaun9ytoCr4BgX5yA,0,0,,
At5j3zhbEj8mfFsSy1MPbjVhrX2uNmRMPEDZiyFcETNX,0,0,,
5y6abqRgxesWCH7xCi5efntYxoZyDxFbBvgHTJS6b2Rm,0,0,,
2FKuYE5D75e9Fjg3ymGBrFfVc8tVKac4SeyvZn5dGNUz,0,0,,
Dh2WZdzcpoGuYgwbRUqt9feBwNiwkE6yg38zNSuV3Kmv,0,0,,
6VYF5jXq6rfq4QRgGMG6co7b1Ev1Lj7KSbHBxfQ9e1L3,0,0,,
Fm9rHUTF5v3hwMLbStjZXqNBBoZyGriQaFM6sTFz3K8A,0,0,,
7xd71KP4HwQ4sM936xL8JQZCwE4amUko1AdCCf6Znjrt,0,0,,
NA45Qgq1xn2EcrrKik7o9rVPMSgmDXK6kv8134Q8ADW,0,0,,
nQRrWF1yWpYzgpndtGRMFYQJxWtauTeUJYWAfULHRSx,0,0,,
6wShYhqA2gs3HUAZ4MyaPDpKPBWFJUQQUGaCoy2k1Tgz,0,0,,
BGN9c9JJxMgmm7rUqeLanYwWwo2GbedjUFaXn7tAeuXK,0,0,,
7g166TuBmnoHKvS2PEkZx6kREZtbfjUxCHGWjCqoDXZv,0,0,,
CbNYA9n3927uXUukee2Hf4tm3xxkffJPPZvGazc2EAH1,0,0,,
6PBEGe6YaKmDPw1Ebza823SuvQWQgGZ2NTANBgaKdxHq,0,0,,
E9bjYSAqabYAd2Zaev4qAMVNAiX7Z2Dp4Sn1JgsTn2b6,0,0,,
EuD5L5XSYKzyDC1YyYzmoWC8gmJhpEh2vMj4f8LeRW8r,0,0,,
J4tV8qjZyzwsYhGmPREDEyehCusPwa7uYm3UssQ6X4A8,0,0,,
3CKQgrcvwhvFqVXXxLTb1u262nh26SJ3uutkSCTtbZxH,0,0,,
GEJpt3Wjmr628FqXxTgxMce1pLntcPV4uFi8ksxMyPQh,0,0,,
5DfhZugS25gPf84LF5u6LjRCzW1XCFuRd88PAujoeic5,0,0,,
D3cm6WRnyBct3p7vFqyTt2CaynsGPuVQT2zW6WHSTX6q,0,0,,
FR87nWEUxVgerFGhZM8Y4AggKGLnaXswr1Pd8wZ4kZcp,0,0,,
CASHVDm2wsJXfhj6VWxb7GiMdoLc17Du7paH4bNr5woT,0,0,,
9vMJfxuKxXBoEa7rM12mYLMwTacLMLDJqHozw96WQL8i,0,0,,
FatneQg39zhrG6XdwYb8fzM4VgybpgqjisJYESSBD7FV,0,0,,
25Vu6457o2gdZRGVVt5K8NbAvaP3esYaQNHbNDitVtw1,0,0,,
GWgwUUrgai3BFeEJZp7bdsBSYiuDqNmHf9uRusWsf3Yi,0,0,,
8H4eH19o9yYWCGFQLe37fQhn9Jkb5TUVw8bwW9cmHNfu,0,0,,
BHcuncUCUxsBw1yyENizoseEAH2Qrt4UxbcukPhQEGPQ,0,0,,
2vRgBSJEVPXxayrhXoazQyCKSGFYQG3ZdfT2Gv5gZykL,0,0,,
CRkwd2QedqDi5u6W2w6jeAViAUd1pR4AXs2aKvh7GW7M,0,0,,
2qfSePaCqvWkYnYUsYSm1VZYKtbzKYHh7gsnKcyrgspp,0,0,,
4ThReWAbAVZjNVgs5Ui9Pk3cZ5TYaD9u6Y89fp6EFzoF,0,0,,
2bXBmaYJwJfj5Cu8TDqLLrW1b9L7dK6sLgKoBBYRBzTH,0,0,,
Fv3ZG56M2cWvF8sy9VWzWyvtHPhugNc1BAzpyoAPvL7r,0,0,,
6156vEwBw11hGF6rkr3um5RPNWfBCYBFH7XcbEF47erH,0,0,,
5y1YcGVPFy8bEiCJi79kegF9igahmvDe5UrqswFvnpMJ,0,0,,
9ajPmmLNtwFsHjeU289Y1v9MU6WwoBGVcAnRVyPcj5YY,0,0,,
NFTUkR4u7wKxy9QLaX2TGvd9oZSWoMo4jqSJqdMb7Nk,0,0,,
FANTafPFBAt93BNJVpdu25pGPmca3RfwdsDsRrT3LX1r,0,0,,
cxxShYRVcepDudXhe7U62QHvw8uBJoKFifmzggGKVC2,0,0,,
MNDEFzGvMt87ueuHvVU9VcTqsAP5b3fTGPsHuuPA5ey,0,0,,
9n4nbM75f5Ui33ZbPYXn59EwSgE8CGsHtAeTH5YFeJ9E,0,0,,
UXPhBoR3qG4UCiGNJfV7MqhHyFqKN68g45GoYvAeL2M,0,0,,
6F9XriABHfWhit6zmMUYAQBSy6XK5VF1cHXuW5LDpRtC,0,0,,
A4zyBooAFkpfy7osonRJMQ8a6zArGxN5fNXjXo1ZTZK2,0,0,,
EwJN2GqUGXXzYmoAciwuABtorHczTA5LqbukKXV1viH7,0,0,,
6j28waP2NyoCBJrrVNHZuEzLDL25DXdNxMFsMNMxYht7,0,0,,
G9tt98aYSznRk7jWsfuz9FnTdokxS6Brohdo9hSmjTRB,0,0,,
MERt85fc5boKw3BW1eYdxonEuJNvXbiMbs6hvheau5K,0,0,,
6nY5u2KWywfY6ERXgBBr6YNfBATHi13HT1fge64vCAKo,0,0,,
HfMVgG3fQr45JtrQD3jpVki6E5H5BSdjN8kCAvDEDKMQ,0,0,,
GJQ1iDoPWWo7pXeNKhC9BLD3FHL2tgFEVGMHYGEfQZT,0,0,,
8VLvHQ4E2t1Azptwh5p26Wg64ycnfE9BV9bDba6U14wG,0,0,,
k5Ybbtmnd1eAtBZoTqB9uzd24bVPz8Aip5EGVCJXQCM,0,0,,
74YedyBSKbjYzWMhwuBQz3mwsN6vuSSdAfzX9WLZQUtq,0,0,,
2wmKXX1xsxLfrvjEPrt2UHiqj8Gbzwxvffr9qmNjsw8g,0,0,,
HDLRMKW1FDz2q5Zg778CZx26UgrtnqpUDkNNJHhmVUFr,0,0,,
56tNQ29XBrbovm5K5SThuQatjCy92w2wKUaUeQ8WCD9g,0,0,,
NpgsBSfavf5hmUeGQAbMz5pHDtXhn9ZFNRQypTr8Tfv,0,0,,
J7WYVzFNynk9D28eBCccw2EYkygygiLDCVCabV7CupWL,0,0,,
CH74tuRLTYcxG7qNJCsV9rghfLXJCQJbsu7i52a8F1Gn,0,0,,
AD27ov5fVU2XzwsbvnFvb1JpCBaCB5dRXrczV9CqSVGb,0,0,,
7Q2afV64in6N6SeZsAAB81TJzwDoD6zpqmHkzi9Dcavn,0,0,,
BAexggGFsiLCKr17cSZF12wkHd8BkR1DBhzuSb78WTR2,0,0,,
FNFKRV3V8DtA3gVJN6UshMiLGYA8izxFwkNWmJbFjmRj,0,0,,
2ASbApnFVSTp2RJvMLgLVfbDwJvu1FRXdhJWrGs89Lhj,0,0,,
6j14WyX1Ag2pLWvn99euK4xp2VcZD62VeJv2iwCrYmT8,0,0,,
5K1JtWpdSksVKaL6R2DuLpCDAjzxK6sq2CpXaXDWHVLg,0,0,,
CRWNYkqdgvhGGae9CKfNka58j6QQkaD5bLhKXvUYqnc1,0,0,,
DM8WStrzE7XHLr5EeuE8693VAqAx3MiTcAqfH6WcsSSC,0,0,,
BABYsocP6cB95xvBDXnjXKX96VBNC37dmNWUtaV9Jk6v,0,0,,
4D2umdRkmjgsFj4Vf9foJGMkTjNQ41jXaGuAL3xb4dQj,0,0,,
EZF2sPJRe26e8iyXaCrmEefrGVBkqqNGv9UPGG9EnTQz,0,0,,
GCxgQbbvJc4UyqGCsUAUa38npzZX27EMxZwckLuWeEkt,0,0,,
r8nuuzXCchjtqsmQZVZDPXXq928tuk7KVH479GsKVpy,0,0,,
5ENUvV3Ur3o3Fg6LVRfHL4sowidiVTMHHsEFqNJXRz6o,0,0,,
6xcfmgzPgABAuAfGDhvvLLMfMDur4at7tU7j3NudUviK,0,0,,
EiNEYyUcPHpGt2btoMeuTrLtsAeayY74ECvPRYzcdPpo,0,0,,
FMBfAxhiTwDmujiEGbexFtExHR9q7nqnRF1Rjd5UmhS7,0,0,,
puppy8Lhckjh768j7vCPLr4244a64ZqioskcXxyb4rC,0,0,,
E48Ueg1o9avL5s7XBjfLViercSrNSJCvmbZMvnwN873,0,0,,
G7eETAaUzmsBPKhokZyfbaT4tD9igdZSmfQGEYWem8Sw,0,0,,
9sQtcMxC7zwoVm9vsbZD6XkbZMik5882sA22oc6kb6bU,0,0,,
8mgeCL7k2cB2KTN8NhD5biqvcbkfrmBogDpYoHmn5cKQ,0,0,,
Eeybx9mpk4zoSHUftcJje97xr939Djdzvmo7E7koHGCA,0,0,,
DFL1zNkaGPWm1BqAVqRjCZvHmwTFrEaJtbzJWgseoNJh,0,0,,
ErGB9xa24Szxbk1M28u2Tx8rKPqzL6BroNkkzk5rG4zj,0,0,,
3UcBMHnSTCXaxUbP6B96kHcED98DgEnNa9rGKzwXKMf4,0,0,,
DiJWJ6hgV7Vm5JP6SU7xvo7nULR14UvrGoWmSu34fEvZ,0,0,,
5gs8nf4wojB5EXgDUWNLwXpknzgV2YWDhveAeBZpVLbp,0,0,,
AfARcLLqRHsZc4xPWHE9nXZAswZaW294Ff1xcYQbjkLq,0,0,,
7rmV64vLfbrbS5rTFvojYWzCVEn8dnJ9RfSRx3nD6C5E,0,0,,
HkNokfCXG33eu5vCcS49mq3jZcKZeQSQCyta964YxxYg,0,0,,
6Kuq8rShSWmYhrzCvymB5GyfQeKfcUb18VHsACw9E7Hf,0,0,,
vqU8NVkkgpFtt3YECwuQRD3RhX7LYaqZKrotZbdiBJn,0,0,,
Gh6jp5U3yfcJwkZ7RoY6Ak2tgd752dSqBSYwHnfK3gft,0,0,,
9qTA3A113oG94ppSpiJTwWCyj44wyNcgPAs5i9d7QQne,0,0,,
BhPXDQio8xtNC6k5Bg5fnUVL9kGN8uvRDNwW8MZBu8DL,0,0,,
6o4f6tuvVQTa9PTrHN9pvUeXEPusN6RLgMam1Zc7tYbm,0,0,,
BiryxNvVTABRs3pEE4fvVuu4d17aAYEsNmcPnJ8E8WeT,0,0,,
HjUhUzi6fVkY1BndaSc4Dcg2mCzvnqzXjVJtXsj78ver,0,0,,
Grk6b4UMRWkgyq4Y6S1BnNRF4hRgtnMFp7Sorkv6Ez4u,0,0,,
DogeLZECE9CthXasBLFxgeA2umEyt8CcV7Jsf6P5ZTFo,0,0,,
CVj6FV4HmhEsn7xQXCjj5iqbDQHB7hQ8AwZjB6P8UMDu,0,0,,
9gP2kCy3wA1ctvYWQk75guqXuHfrEomqydHLtcTCqiLa,0,0,,
CobcsUrt3p91FwvULYKorQejgsm5HoQdv5T8RUZ6PnLA,0,0,,
7vfCXTUXx5WJV5JADk17DUJ4ksgau7utNKj4b963voxs,0,0,,
CDJWUqTcYTVAKXAVXoQZFes5JUFc7owSeq7eMQcDSbo5,0,0,,
xnorPhAzWXUczCP3KjU5yDxmKKZi5cSbxytQ1LgE3kG,0,0,,
7dVH61ChzgmN9BwG4PkzwRP8PbYwPJ7ZPNF2vamKT2H8,0,0,,
SRMuApVNdxXokk5GT7XD5cUUgXMBCoAz2LHeuAoKWRt,0,0,,
D4Rn7ZqJJYW2s97PinbRioZDFZpEHjkxE6TPVenTBQVa,0,0,,
9TE7ebz1dsFo1uQ2T4oYAKSm39Y6fWuHrd6Uk6XaiD16,0,0,,
88881Hu2jGMfCs9tMu5Rr7Ah7WBNBuXqde4nR5ZmKYYy,0,0,,
Bzq68gAVedKqQkQbsM28yQ4LYpc2VComDUD9wJBywdTi,0,0,,
CYbXZ7U1AeV8kjtJG3YqKMLaWtdMLa24JojrikZZdXAG,0,0,,
4q5UBXJxE91BZKX548qhU8i5QBWvZdXzS3RZwfTgLQda,0,0,,
HDiA4quoMibAGeJQzvxajp3Z9cvnkNng99oVrnuNj6px,0,0,,
BDxWSxkMLW1nJ3VggamUKkEKrtCaVqzFxoDApM8HdBks,0,0,,
q4bpaRKw3fJB1AJBeeBaKv3TjYzWsmntLgnSB275YUb,0,0,,
B72xRZAVS5RijKkXdxRVn394qeDDVifnnvQyp6mJQC1g,0,0,,
88YqDBWxYhhwPbExF966EdaCYBKP51xVm1oGBcbWzcf2,0,0,,
c8JyuF2fD84G6Vk4AmeVfTUoseNRmv2A9JpymAXi4B6,0,0,,
FbYPNQTXWYpXKmPoQMVGUUQAiCKwyeLR9wSNsiYQ7pBG,0,0,,
HZNpqL7RT9gxf9eWoWsWzC5DfjzQ41XTQgEA7p3VzaaD,0,0,,
4UuGQgkD3rSeoXatXRWwRfRd21G87d5LiCfkVzNNv1Tt,0,0,,
RLBxxFkseAZ4RgJH3Sqn8jXxhmGoz9jWxDNJMh8pL7a,0,0,,
GnzxEyULVPQYb5F5hxGc8dEGivctVrfr5mtsdp4z5xU2,0,0,,
Ctbe3DDHMVLUs4nY3ZCU5YHQB4S2zpF94R74PutaBXUs,0,0,,
41TwwURtuv4k8TuFxp1vfFYP9noMbHXqtscse8xLM26V,0,0,,
8Wmonq7dhFJXuHqFCcVgWTmmUPCBC4C6J5xbB5HhGb6n,0,0,,
GLmaRDRmYd4u3YLfnj9eq1mrwxa1YfSweZYYZXZLTRdK,0,0,,
3LCSAo9Hf64cxtPbArLog3PKkwGkZFN7Ttz1zLdPWPTS,0,0,,
Fj4js23EXVLoUQ26VPfmwVbt76XLn6souUGis71FvNmM,0,0,,
EyrnrbE5ujd3HQG5PZd9MbECN9yaQrqc8pRwGtaLoyC,0,0,,
E77cpQ4VncGmcAXX16LHFFzNBEBb2U7Ar7LBmZNfCgwL,0,0,,
3os2M3bX9qta154PRbU9rzaPUYAKAqVpaMMS8u2hoUQu,0,0,,
939KAUTAyNdmpahj1vQmbS67D7auhyJnkMt4sv2tzBwU,0,0,,
APTtJyaRX5yGTsJU522N4VYWg3vCvSb65eam5GrPT5Rt,0,0,,
8XSsNvaKU9FDhYWAv7Yc7qSNwuJSzVrXBNEk7AFiWF69,0,0,,
3DHPqxdMXogNNnpqBMF8N4Zs4dn1WR31H7UjWq6FExwG,0,0,,
8qJSyQprMC57TWKaYEmetUR3UUiTP2M3hXdcvFhkZdmv,0,0,,
EzL6LLmv4vgfF7irkjG7ZxM92bTJ9f6nFopDXJTow7zj,0,0,,
7JYZmXjHenJxgLUtBxgYsFfoABmWQFA1fW3tHQKUBThV,0,0,,
5G9Z8LJZSFxG4HYdRB6SQqxuTePPw2sSyTJfCX4pggd7,0,0,,
6naWDMGNWwqffJnnXFLBCLaYu1y5U9Rohe5wwJPHvf1p,0,0,,
FCqfQSujuPxy6V42UvafBhsysWtEq1vhjfMN1PUbgaxA,0,0,,
5RpUwQ8wtdPCZHhu6MERp2RGrpobsbZ6MH5dDHkUjs2,0,0,,
EwxNF8g9UfmsJVcZFTpL9Hx5MCkoQFoJi6XNWzKf1j8e,0,0,,
3CaBxqxWsP5oqS84Pkja4wLxyZYsHzMivQbnfwFJQeL1,0,0,,
DqxzPWQ2FKHn8pRoy9jCpA6M3GkEqYfieiAVwMYWVyXr,0,0,,
DVhia9KmzYCP1URf4s8DrPsE46A5PuT5TPyVRgr4c895,0,0,,
sonarX4VtVkQemriJeLm6CKeW3GDMyiBnnAEMw1MRAE,0,0,,
7R7rZ7SsLDXkYAfJyRCBScLuZwizeMWaTWrwFhSZU2Jq,0,0,,
Ea5SjE2Y6yvCeW5dYTn7PYMuW5ikXkvbGdcmSnXeaLjS,0,0,,
5L2YboFbHAUpBDDJjvDB5M6pu9CW2FRjyDB2asZyvjtE,0,0,,
9wA13aDuKDAAocctNBFpt8F1UU5WQNJBemba3JZFcNzE,0,0,,
3EkHyexJLGCvSxzn5umbtd9N69GoT4p5pfdLTFqCNP9Y,0,0,,
6zQwyDe541Ys4Q85vkhvHMMRW7ypA4PyHCSF1doWZ4tw,0,0,,
5hw5B7TpiQUAXMsiy6XXJm6XZt65c8cDu4XCZ6NxQebS,0,0,,
6Km8PRUQxPmNX6EhmAuu3sFEnCP6uT2Yt42zPFR6VNnD,0,0,,
G7uYedVqFy97mzjygebnmmaMUVxWHFhNZotY6Zzsprvf,0,0,,
CPL7TvVnQXQ8aN2DytF53uskyYAVxgNx5z2waJrc3Cev,0,0,,
Bjgh4YsLdicr8WArz9ftdSmpWNcQjsZ9KV3w9fkjiLG,0,0,,
Aogv6j1wWiBAZcqRNN1Y89eozda2ke6rkc4CYy7c4iCi,0,0,,
gQ4msQb2jupNnbLLiqpKJmTRUcVmct3Cn7dASrrV9jN,0,0,,
3fFHsncY59ue2HPduo1KhbZRWYRd8iek5tj88sPXMgFk,0,0,,
GGupQCMnyEmHKcqFu72qCTm6yEYpVyhouY9dSAMEXLsC,0,0,,
2uRFEWRBQLEKpLmF8mohFZGDcFQmrkQEEZmHQvMUBvY7,0,0,,
39cG39AZ4cG7oGNMe4RhD3xAzjy1nkiNgk8W6WbDCgeR,0,0,,
FncRHFTSigcNzH66WP3Jh7kupaEHtGV48x8RyMm9cU6d,0,0,,
7s7PKr3qhuvZjngR1Zmsy53tFLLhZA4aoMnzeE8Z2H5Z,0,0,,
9dwrdifAVWZsyEPxi15D8LcLsdrvTbpabrGw5EVzc7pp,0,0,,
45ojchnvC3agGNvs86MWBq8N4miiTY6X8ECQzgQNDE4v,0,0,,
8o66EVAf4u2Hr21m2tuRrPtEXFPLr8G8aL1ETStP8fDu,0,0,,
7zBWymxbZt7PVHQzfi3i85frc1YRiQc23K7bh3gos8ZC,0,0,,
DktNJUJAWJyeLw3ykCkFNpGohE24SoEhevKBskRi6P1y,0,0,,
5yUX1XpjLSTDyNBTQ3N3oYpu6RH4gckqnSS6Ecg79fAL,0,0,,
SLT3iSYKeBuCyxvnfij4RUhMfKxZCY3s12Z5pfkTXhV,0,0,,
GENEtH5amGSi8kHAtQoezp1XEXwZJ8vcuePYnXdKrMYz,0,0,,
CN7qFa5iYkHz99PTctvT4xXUHnxwjQ5MHxCuTJtPN5uS,0,0,,
37mG5XYuwMSutQnvERDUZqxumes5hYp89X2gpBbedpZ2,0,0,,
H7Qc9APCWWGDVxGD5fJHmLTmdEgT9GFatAKFNg6sHh8A,0,0,,
5p2zjqCd1WJzAVgcEnjhb9zWDU7b9XVhFhx4usiyN7jB,0,0,,
8ymi88q5DtmdNTn2sPRNFkvMkszMHuLJ1e3RVdWjPa3s,0,0,,
9nEqaUcb16sQ3Tn1psbkWqyhPdLmfHWjKGymREjsAgTE,0,0,,
7puG5H5Mc6QpvaXjAVLr6GnL5hhUMnpLcUm8G3mEsgHQ,0,0,,
9VgfFUFkGGrRePvpKLPkp9DR3crRepf6CJsYU3UmudtY,0,0,,
3He7MjkGXd9MjCu9rv7oUosi4Gav1JuzpDqk6sDX7XJo,0,0,,
Aw8qLRHGhMcKq7rxs5XBNCd9oe3BvoAhpNMVz7AdGmty,0,0,,
7q3AdgKuMeDRnjaMQs7ppXjaw4HUxjsdyMrrfiSZraiN,0,0,,
Ap3JAjPAjQxnkLezqptd6pyE7kx2DNiQ5iT7qdBFS4Ux,0,0,,
7dgHoN8wBZCc5wbnQ2C47TDnBMAxG4Q5L3KjP67z8kNi,0,0,,
49c7WuCZkQgc3M4qH8WuEUNXfgwupZf1xqWkDQ7gjRGt,0,0,,
CSQn7G3SmbBVFRMvNH5SJV5sd2HipWSCphfDVcXwY3K6,0,0,,
9K4uNquZjVSBBN6fBsp62gtYLropyAxAbdZC7D9XErih,0,0,,
5dWmnUa5cnPWTv5gkwboqTV3ZwTj4HgAMkeEsXUKE9kB,0,0,,
7TidyfwBJm3sMX4Evk1pGjCTMYCXukqvdX4VNuy5PSEs,0,0,,
ZEExktbqMM5ZMS569pCNbzky92KeEmiFeVwR3exfBNn,0,0,,
2XSuy8RSESbtYRBbVHxGWuoikn3B6iXKVKzN4i3owTCf,0,0,,
CPXDs2uhNwDKAt9V3vXvtspv9U7rsQ2fVr1qAUDmuCaq,0,0,,
E6Hkw5o48QfNo6iUi1aepjEBzVq4ZjQLxh7xVtdTqoyB,0,0,,
FTkj421DxbS1wajE74J34BJ5a1o9ccA97PkK6mYq9hNQ,0,0,,
F9tytWqLUAPXQTy6dejGtSgvJQZWYC71naD5bCi6caGX,0,0,,
8sMa1Jfcpt2eSkKDtcd6rurX27gqxkrEvXn5jHt3suGB,0,0,,
DVPWKGLFHK73PwgKgTtW28iCZGewQdva2N5HeBLDorVJ,0,0,,
5goWRao6a3yNC4d6UjMdQxonkCMvKBwdpubU3qhfcdf1,0,0,,
gmdu3snwW28DmmxCseChp9owWLUhamH9eS3hWfHG8Vg,0,0,,
ALMmmmbt5KNrPPUBFE4dAKUKSPWTop5s3kUGCdF69gmw,0,0,,
E2VmbootbVCBkMNNxKQgCLMS1X3NoGMaYAsufaAsf7M,0,0,,
DAZbw2FG5PCssV24SsP1E3m1whDn8paXZMwBdfVHRt5w,0,0,,
DbRA7Jp8p3tztoPWrDQeJqpKLKXJpotUzJoeiiCdxewz,0,0,,
HfYFjMKNZygfMC8LsQ8LtpPsPxEJoXJx4M6tqi75Hajo,0,0,,
SAMUmmSvrE8yqtcG94oyP1Zu2P9t8PSRSV3vewsGtPM,0,0,,
ERPueLaiBW48uBhqX1CvCYBv2ApHN6ZFuME1MeQGTdAi,0,0,,
GtHxqAqbaZB8eo8R8pGXUhWxs6X8WQWMWTUWKTgSFbHo,0,0,,
2mDJPcvv7vigZo9ZPxhHLpKQSixCkbohVY35eX6NkN6m,0,0,,
7YhfUG27m7ceDCBnB48dGy4mAJab2hqi6YKkp9Ho7ybv,0,0,,
3m7A2A8HHdqmiDrjAfaddj7Hxd88FrBHA1KSoqjoELtu,0,0,,
6gDZSTqGhhUNWE2DuWUa7zSFenmQz2NpAZRpPrg61LF8,0,0,,
6XWfkyg5mzGtKNftSDgYjyoPyUsLRf2rafj95XSFSFrr,0,0,,
6uZ7MRGGf3FJhzk9TUk3QRMR2fz83WY9BEVBukRvMRVX,0,0,,
9BiqBycZWkWH21vYqCbu2bL1PjZbR5GxWGA8LQkShbyt,0,0,,
HysWcbHiYY9888pHbaqhwLYZQeZrcQMXKQWRqS7zcPK5,0,0,,
6bLp99VoqKU1C3Qp6VTNvSoCoc78jMGxPkGSSopq8wHB,0,0,,
Bo4ehCeRcRj2wp5tQpjfCJxYFn4KyRacfDzSa4Aj27tH,0,0,,
4Hx6Bj56eGyw8EJrrheM6LBQAvVYRikYCWsALeTrwyRU,0,0,,
CiKu4eHsVrc1eueVQeHn7qhXTcVu95gSQmBpX4utjL9z,0,0,,
6ybxMQpMgQhtsTLhvHZqk8uqao7kvoexY6e8JmCTqAB1,0,0,,
8oiPhiFrmXS93iC98M4ATev8emQ6XGtf8pz8sntbbqGt,0,0,,
6JdcMdhqgCtcP4U9tieRqmKLhPLxRMLC67QfmdXAJBvZ,0,0,,
6cVgJUqo4nmvQpbgrDZwyfd6RwWw5bfnCamS3M9N1fd,0,0,,
BqRtfrNpvRAW3KW319hvhPoTu76wKU2LTdXJyG9CyDze,0,0,,
AVKnbqNQgXDY8kbnno9eSGfwpVz5idimBnDKiz1vbWAh,0,0,,
GfzU1fLASNV3r4NtEyrnwTyTakJkYzoivnaL3Snh45oj,0,0,,
H36ykN443TZ6pC8oryicCYr5YB1em4fuSyezu5aoskNv,0,0,,
HCgybxq5Upy8Mccihrp7EsmwwFqYZtrHrsmsKwtGXLgW,0,0,,
DcvJP16Cw5oqTbtHmpJ4JGXaqBvV5m6eMZj5rGsFLpwU,0,0,,
GFX1ZjR2P15tmrSwow6FjyDYcEkoFb4p4gJCpLBjaxHD,0,0,,
3TMdBbnXKASdx9rBcZ5HQsyqCky7Gt2ea44gYB6Ro15A,0,0,,
5HHv6HAyBtaihyHEapCJvjE6iRbGLRmm3F5EZjz6EzHV,0,0,,
DYbRXaQcnj44SH9woxvyFdtcKkSoPoCEshRTQDZSjsBm,0,0,,
AymKzSDznoLT7Vhsb4wSRnCj1gjcG3zkgYFY8fxsHHer,0,0,,
ArhMyF2N8XpaujYUxTTDt9EuaBCaGaccxfwaZmkm9XeF,0,0,,
Ax9MbdUbr7cPQhkipXnBh2QNDSzf245Sn4xKfQUDuJGD,0,0,,
inL8PMVd6iiW3RCBJnr5AsrRN6nqr4BTrcNuQWQSkvY,0,0,,
5fhXkD8tXyDB9rmYZSNJ6LneLr2nMteMpCVxeDDEgXa3,0,0,,
8FU95xFJhUUkyyCLU13HSzDLs7oC4QZdXQHL6SCeab36,0,0,,
ChVzxWRmrTeSgwd3Ui3UumcN8KX7VK3WaD4KGeSKpypj,0,0,,
1C2EYVrwmoXAGbiKirFFBeDFDYUBHPhDeg9trhibTND,0,0,,
AMNoi4727tzy7adu4wnx3cN2VQbQdG71DqaPoSm7isJ3,0,0,,
AMp8Jo18ZjK2tuQGfjKAkkWnVP4NWX5sav4NJH6pXF2D,0,0,,
6Rr2Dv17URCPzCXgcwvaEGcaBpyC1Uykndiy8x4aN75j,0,0,,
DogscQVvNVj7ndEnhWiCXPVPKKwNy9fJd4ATF7mVi5J,0,0,,
3oLpKntC8W9AxiFhafRGBeALGuKdimduUXVPo1GQNHuX,0,0,,
ALKiRVrfLgzeAV2mCT7cJHKg3ZoPvsCRSV7VCRWnE8zQ,0,0,,
HAgX1HSfok8DohiNCS54FnC2UJkDSrRVnT38W3iWFwc8,0,0,,
4ZwWddrPzfgMxyEgQ7kzVrqoqX5D9BQJPwduQUBMmePs,0,0,,
3NcCuwvTMnnf7TU2UEVhp6v2nzbLXQiDgzQySS6m8A7P,0,0,,
ByJ8a9NWk6G4Jg4iFyFNdrya1iVcusL1aL9aGXWXeoVG,0,0,,
Dhg9XnzJWzSQqH2aAnhPTEJHGQAkALDfD98MA499A7pa,0,0,,
HUmD5w8w6MvEeH59xQobQG9VJoYEQrZKjRBFuQCtCA7i,0,0,,
AvB7Ffmt3H16bhq7ToXb839ynKzFgJxu2WDHsR1S9Yft,0,0,,
Cj7kya7hhhCoSnwAP9MX5o4VLJvkhc59PDvJnj7KACyY,0,0,,
PRT88RkA4Kg5z7pKnezeNH4mafTvtQdfFgpQTGRjz44,0,0,,
4BPw4jwHWqQCbkD2VWtLFL5PLBRmkHZiievTm1ebiWYJ,0,0,,
FaiPGacTM7YBmacumbg4ZnDx7sKtGcG3LkcVoqfddEA7,0,0,,
GZNrMEdrt6Vg428JzvJYRGGPpVxgjUPsg6WLqKBvmNLw,0,0,,
4ZEDNmqoLbzwJVAJZNhRgz31Da8DauDkpSfH9iU2vXA4,0,0,,
Ac7GiHwC7vZU2y97GRh9rqCqqnKAAgopYrTAtKccHxUk,0,0,,
6xtyNYX6Rf4Kp3629X11m1jqUmkV89mf9xQakUtUQfHq,0,0,,
Uuc6hiKT9Y6ASoqs2phonGGw2LAtecfJu9yEohppzWH,0,0,,
AMzb4Tc7gDGHrsz1zUQzjtmQS2AXWuejveAKXKSpsoPU,0,0,,
31tCNEE6LiL9yW4Bu153Dq4vi2GuorXxCA9pW9aA6ecU,0,0,,
9k27FY1wmxKEyoMGqK4zJMT2Y8dvkiYRGM2ijjLLTrjq,0,0,,
DHpoYejUDqzByb6HAdaLWF7KZvwUv2vWYDY9cTENNZui,0,0,,
2LxZrcJJhzcAju1FBHuGvw929EVkX7R7Q8yA2cdp8q7b,0,0,,
5xq71UHmPSZ5s68DkXL8wrBVsWCh4zXgcn4wTWkqFdxa,0,0,,
roCKojKezC7HhPxph5qb4UBasvmZJWgegCF57PvaV2f,0,0,,
D8Fc2HLd9L9V2mJnEUpnys6muJUawKYFnJWcUiaGKnyP,0,0,,
JTTez7NDqtU4ZqZJmLLXt6K9f75izfTApQqmvMCn4jU,0,0,,
HbrmyoumgcK6sDFBi6EZQDi4i4ZgoN16eRB2JseKc7Hi,0,0,,
BjTUmZjNUUAPKHVdTs8yZsCmecW5isSK4AbuFihXoUwa,0,0,,
5abCYCzwJLtazvtAZEPcHaEoB2zZ6xNFEmM36o6qyAHy,0,0,,
7zhbkbKpGaUsJW7AD4yyAfGGoy53Xx2H3Ai5BKcwGKHw,0,0,,
53dqN1unCex98QWzLZtk1ssJptEcRwZapTrv8pakcgNB,0,0,,
72hgmvS5zFxaFJfMizq6Gp4gjBqXjTPyX9GDP38krorQ,0,0,,
usdrQqxAGgWsBRzzcckAi9ZAzHp19rFCNn87p4Q8Eir,0,0,,
CJ2K2J3HYU6ibR1JwLkUmD9RM8eytfxtMcLzYPqoQQKo,0,0,,
3mXx1bNiB5bhgwznk4eeqM9eoy6DU3CeCkm1LPabeoEh,0,0,,
HYoGYzMcbYq3tAvpg15d8VFYVHw6jWEVuGgpNTrG8hps,0,0,,
9ae76zqD3cgzR9gvf5Thc2NN3ACF7rqqnrLqxNzgcre6,0,0,,
EFYKDdppK1FjixaxExpVhoTd8gtAmncbhQYruzWyG6Cx,0,0,,
Fu35LwDtm2cnDjd4mZptfDXaXuXjNsgCMgEhpadh9HT6,0,0,,
3xVf2hPbkE5TuZNUPLQXFgFLD4LpvCM45BodbPmnpSSV,0,0,,
GaAzf7jwEKTouDXJExH9TKfvX3Ae7fLaGwNuEajq7KsE,0,0,,
SLNDpmoWTVADgEdndyvWzroNL7zSi1dF9PC3xHGtPwp,0,0,,
AGFEad2et2ZJif9jaGpdMixQqvW5i81aBdvKe7PHNfz3,0,0,,
7dHX7nVDtytz5ng9DNyiDMud9gcYimfjngKHrVvH6C4,0,0,,
Hez5vPmjjGbGyKBYFNTK4sq9WBJgE7MsioneQkJaA3Gc,0,0,,
CDxwZo3ayxvTmxin7F6o9xg6SjdE4qWEDXV6MZFBevqw,0,0,,
EQ8XnCvwZvhdJZZZeJeRv5bYyNTz5vQ4TL9VFxwCPcZc,0,0,,
FBebPqy9tacKuthb1qXpNKmKbHG8mSvncH5BMH3sJBv7,0,0,,
CMxFXak2h8fsqVHcnSvxMUFLSzabX28dvXzDMeMFpPSq,0,0,,
FoqP7aTaibT5npFKYKQQdyonL99vkW8YALNPwWepdvf5,0,0,,
6TgvYd7eApfcZ7K5Mur7MaUQ2xT7THB4cLHWuMkQdU5Z,0,0,,
273J3F8tD4yncTX1MA5VwHPLdxzg3VCvKYpEt34MSCBb,0,0,,
ASoLXbfe7cd6igh5yiEsU8M7FW64QRxPKkxk7sjAfond,0,0,,
Bx1fDtvTN6NvE4kjdPHQXtmGSg582bZx9fGy4DQNMmAT,0,0,,
Hj4sTP4L4rvR9WBR6KyK99sxPptBQQczNWe4y15mxhRD,0,0,,
A9UhP1xfQHWUhSd54NgKPub2XB3ZuQMdPEvf9aMTHxGT,0,0,,
E1zxRweqCWzviAraKjNjqupuyYTzm1bukJgb8KiBN1sN,0,0,,
cqNTpypmbwghrf1G9VGvSENcw7M7wGSQ7JS8UTQWXwb,0,0,,
7TXxsfjYt8gR1XZh9vZZNRxhA4t2VxtYbsy9JWHRjFhJ,0,0,,
FxTC5zYGqy9Bit5NkaxcMm2mAttdhbwf5MeZzMZHdT8h,0,0,,
6H87YFkp5LHyN3KzDXa5r3QYce7WTcwYJi9SqwH3TXkQ,0,0,,
FGMTuwmVVz9hUJzA8shYiEnM16wsYDoSmYoy13UZe1kk,0,0,,
8E5W9PMhnEvdvM2Q9XBLMJW7UsFiieXnRHPj8zhtB23h,0,0,,
H6JocWxg5g1Lcs4oPnBecmjQ4Y1bkZhGJHtjMunmjyrp,0,0,,
kiNeKo77w1WBEzFFCXrTDRWGRWGP8yHvKC9rX6dqjQh,0,0,,
HBHMiauecxer5FCzPeXgE2A8ZCf7fQgxxwo4vfkFtC7s,0,0,,
2G1MvHDHqsDd1uXQhditZS7ZSdkeGtM9iSqPt97G4QzY,0,0,,
KUPoVbJmipJb1M7xzQEND5w7u1BbmBytu9wZ2QPjQx4,0,0,,
E1PvPRPQvZNivZbXRL61AEGr71npZQ5JGxh4aWX7q9QA,0,0,,
CbgX2r9YDYjamH85fpMcRfAUxz7wDHrcvh4VwUADFhmq,0,0,,
379WD5JJmV8LgcTyu4i6CPxNbm9WdTXF9WYnkHoz9nNF,0,0,,
5jFnsfx36DyGk8uVGrbXnVUMTsBkPXGpx6e69BiGFzko,0,0,,
58yYYVT5FoVx2jtvD9xtX4JxE8jogtA5tjMkJudgERMS,0,0,,
Aojru8bfwZK6sgrx6exNazxASFZUjPpRY59byMrs6izt,0,0,,
4BzxVoBQzwKoqm1dQc78r42Yby3EzAeZmMiYFdCjeu5Z,0,0,,
5U9QqCPhqXAJcEv9uyzFJd5zhN93vuPk1aNNkXnUfPnt,0,0,,
3jzdrXXKxwkBk82u2eCWASZLCKoZs1LQTg87HBEAmBJw,0,0,,
2FkuyFr3N9RzvVahPqzXKfa8H9KhYpChwQZSeMKkkVPJ,0,0,,
5sM9xxcBTM9rWza6nEgq2cShA87JjTBx1Cu82LjgmaEg,0,0,,
AUrMpCDYYcPuHhyNX8gEEqbmDPFUpBpHrNW3vPeCFn5Z,0,0,,
2PoF4gqWg97yjJk276yUYaGVkkASE7tqAU7H5faEBkeC,0,0,,
H2EJUxt2KSPk7BWGZRfLMqh56wCmWygDJVTvjTJFHeym,0,0,,
BxHJqGtC629c55swCqWXFGA2rRF1igbbTmh22H8ePUWG,0,0,,
E7WqtfRHcY8YW8z65u9WmD7CfMmvtrm2qPVicSzDxLaT,0,0,,
7j7H7sgsnNDeCngAPjpaCN4aaaru4HS7NAFYSEUyzJ3k,0,0,,
FnKE9n6aGjQoNWRBZXy4RW6LZVao7qwBonUbiD7edUmZ,0,0,,
AURYydfxJib1ZkTir1Jn1J9ECYUtjb6rKQVmtYaixWPP,0,0,,
HWxpSV3QAGzLQzGAtvhSYAEr7sTQugQygnni1gnUGh1D,0,0,,
Saber2gLauYim4Mvftnrasomsv6NvAuncvMEZwcLpD1,0,0,,
AASdD9rAefJ4PP7iM89MYUsQEyCQwvBofhceZUGDh5HZ,0,0,,
8bqjz8DeSuim1sEAsQatjJN4zseyxSPdhHQcuuhL8PCK,0,0,,
BdUJucPJyjkHxLMv6ipKNUhSeY3DWrVtgxAES1iSBAov,0,0,,
Fr3W7NPVvdVbwMcHgA7Gx2wUxP43txdsn3iULJGFbKz9,0,0,,
5LSFpvLDkcdV2a3Kiyzmg5YmJsj2XDLySaXvnfP1cgLT,0,0,,
EzfgjvkSwthhgHaceR3LnKXUoRkP6NUhfghdaHAj1tUv,0,0,,
2e7yNwrmTgXp9ABUmcPXvFJTSrEVLj4YMyrb4GUM4Pdd,0,0,,
4SZjjNABoqhbd4hnapbvoEPEqT8mnNkfbEoAwALf1V8t,0,0,,
83LGLCm7QKpYZbX8q4W2kYWbtt8NJBwbVwEepzkVnJ9y,0,0,,
F6v4wfAdJB8D8p77bMXZgYt8TDKsYxLYxH5AFhUkYx9W,0,0,,
8wv2KAykQstNAj2oW6AHANGBiFKVFhvMiyyzzjhkmGvE,0,0,,
A3iozx9T9wgrtybnecQ9rv56y9RF8ThUrwRGWiF7hsmZ,0,0,,
ZScHuTtqZukUrtZS43teTKGs2VqkKL8k4QCouR2n6Uo,0,0,,
7dHbWXmci3dT8UFYWYZweBLXgycu7Y3iL6trKn1Y7ARj,0,0,,
JET6zMJWkCN9tpRT2v2jfAmm5VnQFDpUBCyaKojmGtz,0,0,,
Lrxqnh6ZHKbGy3dcrCED43nsoLkM1LTzU2jRfWe8qUC,0,0,,
iVNcrNE9BRZBC9Aqf753iZiZfbszeAVUoikgT9yvr2a,0,0,,
Fp4gjLpTsPqBN6xDGpDHwtnuEofjyiZKxxZxzvJnjxV6,0,0,,
mSoLzYCxHdYgdzU16g5QSh3i5K3z3KZK7ytfqcJm7So,0,0,,
5v6tZ1SiAi7G8Qg4rBF1ZdAn4cn6aeQtefewMr1NLy61,0,0,,
zwqe1Nd4eiWyCcqdo4FgCq7LYZHdSeGKKudv6RwiAEn,0,0,,
2FPyTwcZLUg1MDrwsyoP4D6s1tM7hAkHYRjkNb5w6Pxk,0,0,,
FwEHs3kJEdMa2qZHv7SgzCiFXUQPEycEXksfBkwmS8gj,0,0,,
4hJ6sjwmsvvFag6TKL97yhWiBSDX9BABWoiXgb3EPXxB,0,0,,
Fd8xyHHRjTvxfZrBirb6MaxSmrZYw99gRSqFUKdFwFvw,0,0,,
GkDg1ZfoFkroLAwLqtJNXhxCDg8gmKxHAGxSUZagYFfE,0,0,,
BmLvq52WKMb5MYKLScay5V9C4Sh4E67zxvwLbU6i2vTR,0,0,,
FeLoyXk8ac2AYVmDhAWEKNWWT63Z9TczeidYbpDvxF3T,0,0,,
9XtRZwKzDXEJ61A7qCqbPz8jXMYHGT3LwxqrEzB6fqxv,0,0,,
EkDf4Nt89x4Usnxkj4sGHX7sWxkmmpiBzA4qdDkgEN6b,0,0,,
FriCEbw1V99GwrJRXPnSQ6su2TabHabNxiZ3VNsVFPPN,0,0,,
EgQ3yNtVhdHz7g1ZhjfGbxhFKMPPaFkz8QHXM5RBZBgi,0,0,,
8Yv9Jz4z7BUHP68dz8E8m3tMe6NKgpMUKn8KVqrPA6Fr,0,0,,
5tN42n9vMi6ubp67Uy4NnmM5DMZYN8aS8GeB3bEDHr6E,0,0,,
7fCzz6ZDHm4UWC9Se1RPLmiyeuQ6kStxpcAP696EuE1E,0,0,,
z9WZXekbCtwoxyfAwEJn1euXybvqLzPVv3NDzJzkq7C,0,0,,
9w6LpS7RU1DKftiwH3NgShtXbkMM1ke9iNU4g3MBXSUs,0,0,,
FHfwNouKH37sPyvSdMU3fBPijEoV4tCtbnqANXTbuB8B,0,0,,
TuLipcqtGVXP9XR62wM8WWCm6a9vhLs7T1uoWBk6FDs,0,0,,
HZRCwxP2Vq9PCpPXooayhJ2bxTpo5xfpQrwB1svh332p,0,0,,
MangoCzJ36AjZyKwVj3VnYU4GTonjfVEnJmvvWaxLac,0,0,,
BFsCwfk8VsEbSfLkkgmoKsAPk2N6FMJjeTsuxfGa9VEf,0,0,,
4QV4wzDdy7S1EV6y2r9DkmaDsHeoKz6HUvFLVtAsu6dV,0,0,,
Bn113WT6rbdgwrm12UJtnmNqGqZjY4it2WoUQuQopFVn,0,0,,
DdFPRnccQqLD4zCHrBqdY95D6hvw6PLWp9DEXj1fLCL9,0,0,,
2A5esErqMaJXhrs1i6CtjbVxTbgsY9JbDedVsuVMQ6aY,0,0,,
9KYMTqKY7f2cJKW2wYfNRpLb9zbB1tTyEbaTuzy4Gwwc,0,0,,
HavbxBPK1uY9kMNqKPkWDEQXWw6FYERrLxeMtWiXnwko,0,0,,
FgSsGV8GByPaMERxeQJPvZRZHf7zCBhrdYtztKorJS58,0,0,,
3RudPTAkfcq9Q9Jk8SVeCoecCBmdKMj6q5smsWzxqtqZ,0,0,,
7udMmYXh6cuWVY6qQVCd9b429wDVn2J71r5BdxHkQADY,0,0,,
a11bdAAuV8iB2fu7X6AxAvDTo1QZ8FXB3kk5eecdasp,0,0,,
ETAtLmCmsoiEEKfNrHKJ2kYy3MoABhU6NQvpSfij5tDs,0,0,,
2Kc38rfQ49DFaKHQaWbijkE7fcymUMLY5guUiUsDmFfn,0,0,,
FY6XDSCubMhpkU9FAsUjB7jmN8YHYZGezHTWo9RHBSyX,0,0,,
AaAEw2VCw1XzgvKB8Rj2DyK2ZVau9fbt2bE8hZFWsMyE,0,0,,
Dn4noZ5jgGfkntzcQSUZ8czkreiZ1ForXYoV2H8Dm7S1,0,0,,
A9mUU4qviSctJVPJdBJWkb28deg915LYJKrzQ19ji3FM,0,0,,
EjmyN6qEC1Tf1JxiG1ae7UTJhUxSwk1TCWNWqxWV4J6o,0,0,,
ALQ9KMWjFmxVbew3vMkJj3ypbAKuorSgGst6svCHEe2z,0,0,,
qXu8Tj65H5XR8KHuaKKoyLCWj592KbTG3YWJwsuFrPS,0,0,,
9zoqdwEBKWEi9G5Ze8BSkdmppxGgVv1Kw4LuigDiNr9m,0,0,,
JEFFSQ3s8T3wKsvp4tnRAsUBW7Cqgnf8ukBZC4C8XBm1,0,0,,
43m2ewFV5nDepieFjT9EmAQnc1HRtAF247RBpLGFem5F,0,0,,
SUNNYWgPQmFxe9wTZzNK7iPnJ3vYDrkgnxJRJm1s3ag,0,0,,
8upjSpvjcdpuzhfR1zriwg5NXkwDruejqNE9WNbPRtyA,0,0,,
33fsBLA8djQm82RpHmE3SuVrPGtZBWNYExsEUeKX1HXX,0,0,,
7VQo3HFLNH5QqGtM8eC3XQbPkJUu7nS9LeGWjerRh5Sw,0,0,,
Dypr2gWcVuqt3z6Uh31YD8Wm2V2ZCqWVBYEWhZNF9odk,0,0,,
8iQQtHVnA52oLEvf5rwRWVRh3eBRMRWGvVr5UNEPA7td,0,0,,
7xKXtg2CW87d97TXJSDpbD5jBkheTqA83TZRuJosgAsU,0,0,,
FgX1WD9WzMU3yLwXaFSarPfkgzjLb2DZCqmkx9ExpuvJ,0,0,,
xxxxa1sKNGwFtw2kFn8XauW9xq8hBZ5kVtcSesTT9fW,0,0,,
6VNKqgz9hk7zRShTFdg5AnkfKwZUcojzwAkzxSH3bnUm,0,0,,
BLwTnYKqf7u4qjgZrrsKeNs2EzWkMLqVCu6j8iHyrNA3,0,0,,
8HGyAAB1yoM1ttS7pXjHMa3dukTFGQggnFFH3hJZgzQh,0,0,,
EYDEQW4xQzLqHcFwHTgGvpdjsa5EFn74KzuqLX5emjD2,0,0,,
uNrix3Q5g51MCEUrYBUEBDdQ96RQDQspQJJnnQ4T3Vc,0,0,,
EWS2ATMt5fQk89NWLJYNRmGaNoji8MhFZkUB4DiWCCcz,0,0,,
GpYMp8eP3HADY8x1jLVfFVBVYqxFNxT5mFhZAZt9Poco,0,0,,
4dydh8EGNEdTz6grqnGBxpduRg55eLnwNZXoNZJetadu,0,0,,
poLisWXnNRwC6oBu1vHiuKQzFjGL4XDSu4g9qjz9qVk,0,0,,
ATLASXmbPQxBUYbxPsV97usA3fPQYEqzQBUHgiFCUsXx,0,0,,
8RYSc3rrS4X4bvBCtSJnhcpPpMaAJkXnVKZPzANxQHgz,0,0,,
Ce3PSQfkxT5ua4r2JqCoWYrMwKWC5hEzwsrT9Hb7mAz9,0,0,,
5oVNBeEEQvYi1cX3ir8Dx5n1P7pdxydbGF2X4TxVusJm,0,0,,
6nuaX3ogrr2CaoAPjtaKHAoBNWok32BMcRozuf32s2QF,0,0,,
A2T2jDe2bxyEHkKtS8AtrTRmJ9VZRwyY8Kr7oQ8xNyfb,0,0,,
4wjPQJ6PrkC4dHhYghwJzGBVP78DkBzA2U3kHoFNBuhj,0,0,,
9b4BsjTzXD165MhrAsfJrqGKsBau8PS6w9HXvV71kRrP,0,0,,
BRLsMczKuaR5w9vSubF4j8HwEGGprVAyyVgS4EX7DKEg,0,0,,
9EaLkQrbjmbbuZG9Wdpo8qfNUEjHATJFSycEmw6f1rGX,0,0,,
orcaEKTdK7LKz57vaAYr9QeNsVEPfiu6QeMU1kektZE,0,0,,
GfJ3Vq2eSTYf1hJP6kKLE9RT6u7jF9gNszJhZwo5VPZp,0,0,,
GUohe4DJUA5FKPWo3joiPgsB7yzer7LpDmt1Vhzy3Zht,0,0,,
BrwgXmUtNd32dTKdP5teie68EmBnjGq8Wp3MukHehUBY,0,0,,
FiCiuX9DetEE89PgRAU1hmoptnem8b1fkpEq8PGYTYkd,0,0,,
BdZPG9xWrG3uFrx2KrUW1jT4tZ9VKPDWknYihzoPRJS3,0,0,,
DubwWZNWiNGMMeeQHPnMATNj77YZPZSAz2WVR5WjLJqz,0,0,,
9F9fNTT6qwjsu4X4yWYKZpsbw5qT7o6yR2i57JF2jagy,0,0,,
eqKJTf1Do4MDPyKisMYqVaUFpkEFAs3riGF3ceDH2Ca,0,0,,
SWANaZUGxF82KyVsbxeeNsMaVECtimze5VyCdywkvkH,0,0,,
9mWRABuz2x6koTPCWiCPM49WUbcrNqGTHBV9T9k7y1o7,0,0,,
FYfQ9uaRaYvRiaEGUmct45F9WKam3BYXArTrotnTNFXF,0,0,,
A1C9Shy732BThWvHAN936f33N7Wm1HbFvxb2zDSoBx8F,0,0,,
ELSnGFd5XnSdYFFSgYQp7n89FEbDqxN4npuRLW4PPPLv,0,0,,
SLRSSpSLUTP7okbCUBYStWCo1vUgyt775faPqz8HUMr,0,0,,
PoRTjZMPXb9T7dyU7tpLEZRQj7e6ssfAE62j2oQuc6y,0,0,,
4dmKkXNHdgYsXqBHCuMikNQWwVomZURhYvkkX5c4pQ7y,0,0,,
Bqd2ujCTEzpKzfjb1FHL7FKrdM6n1rZSnRecJK57EoKz,0,0,,
95KN8q3qubEVjPf9trgyur2nHx8T5RCmztRbLuQ5E5i,0,0,,
Gsai2KN28MTGcSZ1gKYFswUpFpS7EM9mvdR9c8f6iVXJ,0,0,,
3VhB8EAL8dZ457SiksLPpMUR1pyACpbNh5rTjQUEVCcH,0,0,,
7Nu9ZwWesTxsp6fAiPKDRZs5d8MJdVLwzGNuSURLbL1r,0,0,,
sodaNXUbtjMvHe9c5Uw7o7VAcVpXPHAvtaRaiPVJQuE,0,0,,
4NPzwMK2gfgQ6rTv8x4EE1ZvKW6MYyYTSrAZCx7zxyaX,0,0,,
H5gczCNbrtso6BqGKihF97RaWaxpUEZnFuFUKK4YX3s2,0,0,,
GtFtWCcLYtWQT8NLRwEfUqc9sgVnq4SbuSnMCpwcutNk,0,0,,
8PMHT4swUMtBzgHnh5U564N5sjPSiUz2cjEQzFnnP1Fo,0,0,,
EdAhkbj5nF9sRM7XN7ewuW8C9XEUMs8P7cnoQ57SYE96,0,0,,
DNhZkUaxHXYvpxZ7LNnHtss8sQgdAfd1ZYS1fB7LKWUZ,0,0,,
7a4cXVvVT7kF6hS5q5LDqtzWfHfys4a9PoK6pf87RKwf,0,0,,
8EYHXgoSUy4nBLYpSUXwLTh7nX8w5mPbivJy49bJJog7,0,0,,
GSaiLQxREzaxUcE3v28HxBacoUQPZNtXx1eQsCFsX9Bg,0,0,,
CsZ5LZkDS7h9TDKjrbL7VAwQZ9nsRu8vJLhRYfmGaN8K,0,0,,
EqWCKXfs3x47uVosDpTRgFniThL9Y8iCztJaapxbEaVX,0,0,,
6Y7LbYB3tfGBG6CSkyssoxdtHb77AEMTRVXe8JUJRwZ7,0,0,,
3bRTivrVsitbmCTGtqwp7hxXPsybkjn4XLNtPsHqa3zR,0,0,,
333iHoRM2Awhf9uVZtSyTfU8AekdGrgQePZsKMFPgKmS,0,0,,
kinXdEcpDQeHPEuQnqmUgtYykqKGVFq6CeVX5iAHJq6,0,0,,
MAPS41MDahZ9QdKXhVa4dWB9RuyfV4XqhyAZ8XcYepb,0,0,,
z3dn17yLaGMKffVogeFHQ9zWVcXgqgf3PQnDsNs2g6M,0,0,,
StepAscQoEioFxxWGnh2sLBDFp9d8rvKz2Yp39iDpyT,0,0,,
GEYrotdkRitGUK5UMv3aMttEhVAZLhRJMcG82zKYsaWB,0,0,,
EchesyfXePKdLtoiZSL8pBe8Myagyy8ZRqsACNCFGnvp,0,0,,
8PukgJGvG2XWtXvqbkoQxqrWJcew9Tn7rDUi1iagDEbh,0,0,,
orcarKHSqC5CDDsGbho8GKvwExejWHxTqGzXgcewB9L,0,0,,
GsNzxJfFn6zQdJGeYsupJWzUAm57Ba7335mfhWvFiE9Z,0,0,,
FciGvHj9FjgSGgCBF1b9HY814FM9D28NijDd5SJrKvPo,0,0,,
3Ztt53vwGhQGoEp3n1RjSu4CFnGRfqzwo6L8KN8gmXfd,0,0,,
6kwTqmdQkJd8qRr9RjSnUX9XJ24RmJRSrU1rsragP97Y,0,0,,
66CgfJQoZkpkrEgC1z4vFJcSFc4V6T5HqbjSSNuqcNJz,0,0,,
CXLBjMMcwkc17GfJtBos6rQCo1ypeH6eDbB82Kby4MRm,0,0,,
2jXy799YnEcRXneFo2GEAB6SDRsAa767HpWmktRr1DaP,0,0,,
GbBWwtYTMPis4VHb8MrBbdibPhn28TSrLB53KvUmb7Gi,0,0,,
3KnVxWhoYdc9UwDr5WMVkZp2LpF7gnojg7We7MUd6ixQ,0,0,,
2kycGCD8tJbrjJJqWN2Qz5ysN9iB4Bth3Uic4mSB7uak,0,0,,
BybpSTBoZHsmKnfxYG47GDhVPKrnEKX31CScShbrzUhX,0,0,,
8pBc4v9GAwCBNWPB5XKA93APexMGAS4qMr37vNke9Ref,0,0,,
ArUkYE2XDKzqy77PRRGjo4wREWwqk6RXTfM9NeqzPvjU,0,0,,
8L8pDf3jutdpdr4m3np68CL9ZroLActrqwxi6s9Ah5xU,0,0,,
2Xf2yAXJfg82sWwdLUo2x9mZXy6JCdszdMZkcF1Hf4KV,0,0,,
AJ1W9A9N9dEMdVyoDiam2rV44gnBm2csrPDP7xqcapgX,0,0,,
DYDWu4hE4MN3aH897xQ3sRTs5EAjJDmQsKLNhbpUiKun,0,0,,
FYpdBuyAHSbdaAyD1sKkxyLWbAP8uUW9h6uvdhK74ij1,0,0,,
873KLxCbz7s9Kc4ZzgYRtNmhfkQrhfyWGZJBmyCbC3ei,0,0,,
Djoz8btdR7p6xWHoVtPYF3zyN9LU5BBfMoDk4HczSDqc,0,0,,
51tMb3zBKDiQhNwGqpgwbavaGH54mk8fXFzxTc1xnasg,0,0,,
Bx4ykEMurwPQBAFNvthGj73fMBVTvHa8e9cbAyaK4ZSh,0,0,,
3x7UeXDF4imKSKnizK9mYyx1M5bTNzpeALfPeB8S6XT9,0,0,,
E5rk3nmgLUuKUiS94gg4bpWwWwyjCMtddsAXkTFLtHEy,0,0,,
2QK9vxydd7WoDwvVFT5JSU8cwE9xmbJSzeqbRESiPGMG,0,0,,
3isaYVsynAVKGJgpzdNysTvaypz4E2qKUgt6pU6xRRxY,0,0,,
7xzovRepzLvXbbpVZLYKzEBhCNgStEv1xpDqf1rMFFKX,0,0,,
8NGgmXzBzhsXz46pTC3ioSBxeE3w2EXpc741N3EQ8E6r,0,0,,
5KV2W2XPdSo97wQWcuAVi6G4PaCoieg4Lhhi61PAMaMJ,0,0,,
FZgL5motNWEDEa24xgfSdBDfXkB9Ru9KxfEsey9S58bb,0,0,,
B3Ggjjj3QargPkFTAJiR6BaD8CWKFUaWRXGcDQ1nyeeD,0,0,,
E5ndSkaB17Dm7CsD22dvcjfrYSDLCxFcMd6z8ddCk5wp,0,0,,
5j6BmiZTfHssaWPT23EQYQci3w57VTw7QypKArQZbSZ9,0,0,,
DrcPRJPBiakQcWqon3gZms7sviAqdQS5zS5wvaG5v6wu,0,0,,
AMdnw9H5DFtQwZowVFr4kUgSXJzLokKSinvgGiUoLSps,0,0,,
7uv3ZvZcQLd95bUp5WMioxG7tyAZVXFfr8JYkwhMYrnt,0,0,,
Amt5wUJREJQC5pX7Z48YSK812xmu4j3sQVupNhtsEuY8,0,0,,
3QuAYThYKFXSmrTcSHsdd7sAxaFBobaCkLy2DBYJLMDs,0,0,,
4TGxgCSJQx2GQk9oHZ8dC5m3JNXTYZHjXumKAW3vLnNx,0,0,,
AWW5UQfMBnPsTaaxCK7cSEmkj1kbX2zUrqvgKXStjBKx,0,0,,
BKMWPkPS8jXw59ezYwK2ueNTZRF4m8MYHDjh9HwUmkQ7,0,0,,
3FoUAsGDbvTD6YZ4wVKJgTB76onJUKz7GPEBNiR5b8wc,0,0,,
GHvFFSZ9BctWsEc5nujR1MTmmJWY7tgQz2AXE6WVFtGN,0,0,,
5JnZ667P3VcjDinkJFysWh2K2KtViy63FZ3oL5YghEhW,0,0,,
HEhMLvpSdPviukafKwVN8BnBUTamirptsQ6Wxo5Cyv8s,0,0,,
3avjHqW8dqBL7oK335saFJGajLW22AijMm8B9voZ6GdC,0,0,,
4pk3pf9nJDN1im1kNwWJN1ThjE8pCYCTexXYGyFjqKVf,0,0,,
892ghevHKmmyV7vWJY6bmqA4ArxirYNRdnauUdx7q8R7,0,0,,
BwRU49p5FWwXvFqUXjbQqbnKvgpymxQKTJE2tQQCgLzJ,0,0,,
CWE8jPTUYhdCTZYWPTe1o5DFqfdjzWKc9WKz6rSjQUdG,0,0,,
GXMvfY2jpQctDqZ9RoU3oWPhufKiCcFEfchvYumtX7jd,0,0,,
AR1Mtgh7zAtxuxGd2XPovXPVjcSdY3i4rQYisNadjfKy,0,0,,
3JSf5tPeuscJGtaCp5giEiDhv51gQ4v3zWg8DGgyLfAB,0,0,,
3K6rftdAaQYMPunrtNRHgnK2UAtjm2JwyT2oCiTDouYE,0,0,,
BQcdHdAQW1hczDbBi9hiegXAR7A98Q9jx3X3iBBBDiq4,0,0,,
6fr6Dwy77PvYaMc6AFYkoM3YYcAd69hmnRPVxdCebSxn,0,0,,
DezXAZ8z7PnrnRJjz3wXBoRgixCa6xjnB7YaB1pPB263,0,0,,
76uKuG1z9zJomG1tpC81eWgtaDD2uZRdKQ5U4DEQ8hGL,0,0,,
2jw1uFmc1hhfJH3EqGhaE2rfZMMC2YBpxkZcdUbPppMn,0,0,,
9WMwGcY6TcbSfy9XPpQymY3qNEsvEaYL3wivdwPG2fpp,0,0,,
isktkk27QaTpoRUhwwS5n9YUoYf8ydCuoTz5R2tFEKu,0,0,,
2eY7FDyYqMCi6gbikbjR9hv7J1EnRbD5CWeueRTRALUp,0,0,,
A1ApexoMVQf3TJ9NGjZzGTkp83nyUF5UsLZVbRu4o6Q3,0,0,,
HDVR9Edy2o8uRdf5xFUDSGVLo556UjAaNR9BrwZ8QeMJ,0,0,,
FbMY4bWZhixpmQ4XZyVExaQUfqCnty2FNg5GBr85nqcz,0,0,,
7i5KKsX2weiTkry7jA4ZwSuXGhs5eJBEjY8vVxR4pfRx,0,0,,
USDH1SM1ojwWUga67PGrgFWUHibbjqMvuMaDkRJTgkX,0,0,,
4edLMVUPZAD5hV94WAMj9EfteoXHDGtebXDpyj3hKYKs,0,0,,
Dg3U9abb2iVmZDxQ9pm9tEFVac828G2XPTJhMC2BLrwt,0,0,,
GoLDYyyiVeXnVf9qgoK712N5esm1cCbHEK9aNJFx47Sx,0,0,,
F3tBHjJxZiefhsHYKdWs2TzsjxfEGKrLH5GSmMZMjSLC,0,0,,
NXR2aDzchiqgyYUFhz9uqLZDnBeEALHxhBYDF9JSfFX,0,0,,
SLCLww7nc1PD2gQPQdGayHviVVcpMthnqUz2iWKhNQV,0,0,,
CWBzupvyXN1Cf5rsBEHbzfTFvreLfUaJ77BMNLVJ739y,0,0,,
xALGoH1zUfRmpCriy94qbfoMXHtK6NDnMKzT4Xdvgms,0,0,,
FsPncBfeDV3Uv9g6yyx1NnKidvUeCaAiT2NtBAPy17xg,0,0,,
EpKFYk3mCtoWT11itNswZgdGy7SQyvRhRJKpkFetxixj,0,0,,
LAinEtNLgpmCP9Rvsf5Hn8W6EhNiKLZQti1xfWMLy6X,0,0,,
EsPKhGTMf3bGoy4Qm7pCv3UCcWqAmbC1UGHBTDxRjjD4,0,0,,
NGK3iHqqQkyRZUj4uhJDQqEyKKcZ7mdawWpqwMffM3s,0,0,,
CiEa3Te9gy1MMa7aaVDCUS1DdLot7AcGCKTmKJGWHUio,0,0,,
Eph48CXtxBZBpHQJYSgxBoa4utERMZNMR4AekFkM188E,0,0,,
CRSzWoeyfR8sJxB2d6LLEre92Uc59TCPX2gZidp4t3eE,0,0,,
5e7fVFaCAGkbaF9BCaKHSf9PL2r3rm5pvmZRgRVi3evK,0,0,,
Ay9JP2HvCpH86Vmror4gPyJb6CjqFkErZC5ee391Tm9H,0,0,,
GE4sYSY2eK56yPcNF9oGxs75Xgg1D1r8mQgP67Sp2hJ4,0,0,,
35W3RdZ3pKoqxcHkwSfHkRDRerdVUhHBkAK8MK1NY2ZJ,0,0,,
VVWAy5U2KFd1p8AdchjUxqaJbZPBeP5vUQRZtAy8hyc,0,0,,
51pPuhLArFyrUTiLwFtoySBnELppjNdG13b86zPVBY9Z,0,0,,
4Kth6x628rFHGoYCGgXcLnVqLkmBJJmQVX1uWDivZrJD,0,0,,
AHvxk1fJ1cV6C92cLLiZAsENQc96MFC5Vuh6LpSC2PFm,0,0,,
2KE2UNJKB6RGgb78DxJbi2HXSfCs1EocHj4FDMZPr4HA,0,0,,
9tzZzEHsKnwFL1A3DyFJwj36KnZj3gZ7g4srWp9YTEoh,0,0,,
FscydpbdNngHiqeHV7uACq2dRfPZ2dvXQpW7HxeaMnxK,0,0,,
C6qep3y7tCZUJYDXHiwuK46Gt6FsoxLi8qV1bTCRYaY1,0,0,,
Ca5eaXbfQQ6gjZ5zPVfybtDpqWndNdACtKVtxxNHsgcz,0,0,,
PENNYm54BTtSxYSyYuu552Hx11Xr2DxocrijeKc1JVX,0,0,,
CSNNLADmJDBsKWFLKFY1buomz4iA3xutp9F16Zja1kY3,0,0,,
5s4BYUXLuvs9ZcVDTxkTpKhThWFSpaU8GG55q2iySe2N,0,0,,
4FHjNBJUu7zJdYHGnX2AVhfUbDdpYehVYgD2uxhfG4Am,0,0,,
Ek69uRZCrsMRn5RKGyGyMSpbpjjysyiwn2DS192RKrCK,0,0,,
5rochbLAummS1BPvF8xRZ5G8Li6e3jo3fJzbFMnTgE6Q,0,0,,
GWsZd8k85q2ie9SNycVSLeKkX7HLZfSsgx6Jdat9cjY1,0,0,,
SoLW9muuNQmEAoBws7CWfYQnXRXMVEG12cQhy6LE2Zf,0,0,,
9ac4Jcou68tMmX5X7g3Zb2Qvo2EeSBYjkCedLVZN8ec8,0,0,,
DGXtHxKMFhb82RsqihyEHksgWWe3DXBXEvKjz24JruAP,0,0,,
CZx8bNjYjCFCKUAZMyfoxk7qt6YFaeaRgZud1nvZSKJz,0,0,,
GwYtsLjYy8SwMt6RYhYAA2KZfLvuCmWfq3MfhmNqLNfe,0,0,,
2tPQZpnLgXf5J6TXi1hnMG3mZ2DhqjPN69swemYdKScH,0,0,,
HezGWsxSVMqEZy7HJf7TtXzQRLiDruYsheYWqoUVnWQo,0,0,,
fY16V3CtLyHDZ71HCDot7MYXioFHD7RfPYChzZ65V2N,0,0,,
H9dChMX7kQnhftwcqa8K8TH5oKekfun9BQjQ9dLUfEf,0,0,,
9ZWRmw7msvGnDJefmFc5MCAPpjhjGdkWfL9t5pJdbyio,0,0,,
3gQAPJCNAWx2okkzDg5837fZoUbBeL5DgqXaypfcG4FE,0,0,,
2eM42xWpfCq3co6B2AUWcUqr8YC551e38wn78sw7ZxoP,0,0,,
5xh6HLUUyqwqTcmGiYhtrpLCNAkuMNhw2pgavLm2Etzh,0,0,,
9Rt62nK2RMjirSwXw2giHQwzg6NTkrARSrHHE1fGTmAk,0,0,,
gXcjn1mobBkyjRtFqgy2Lx1XBy4CeerWngthejRME7q,0,0,,
4XqMgoyt9zGyQkbCSFsMXNSkHoqNNPjws2ogksD8LzeK,0,0,,
9o2q5eYm89BdhGCYjB2C3e3YkFbQsjLP558e5tbtYaZh,0,0,,
5o4Afg5zfW31eNzKq3fnvcyoUJTzeEMHNuredmSzXmX6,0,0,,
4vMsoUT2BWatFweudnQM1xedRLfJgJ7hswhcpz4xgBTy,0,0,,
ovo2N3VqRfkZgbb56Gse7oLDXJLJEeqq5z9ePHRxhzL,0,0,,
AUT1gfMZw37wMMQqAxk89nfpjZpEEf2XSoBUd8V5ydnS,0,0,,
LPFiNAybMobY5oHfYVdy9jPozFBGKpPiEGoobK2xCe3,0,0,,
AgnHzGspNu7F3nFM4izuPt5g7m1URjVaTaFNgvqSXcjC,0,0,,
AYtg18TFRQs1mCQ29zWY3aSwxwTcW1uTdZ65dL3WiBQu,0,0,,
BCYn7D9xKrceACKnPCA6hb4vvroSiAKsCjnMGdHTmkRc,0,0,,
mSoLKr8mcyYPVwa9L1aabeWcDjo9WQUK4eqkDkHu2CP,0,0,,
7FYvphuZtRxB7BZd8PZ65yZmEEuWYYdxiHubthyd38BE,0,0,,
Ga1mVubYLHYiat1BZKN1BQftT6w58tgX7chJfBpzp6pF,0,0,,
PsyFiqqjiv41G7o5SMRzDJCu4psptThNR2GtfeGHfSq,0,0,,
CNMrboU92LLQbxGnytDAav3e5eYD8tfp3RHHAgTgCUTA,0,0,,
JBBqCnmvR99EUU2JjcmsyNpHUTWj6LN3KhftpN2o5g8s,0,0,,
Boxch1343xWQWbahVBPhYHuYLXNHnWYHG6QbuqfNugQ1,0,0,,
Taki7fi3Zicv7Du1xNAWLaf6mRK7ikdn77HeGzgwvo4,0,0,,
2pLrCRnbYBGbhANbUvkFXDYuuRNZNkesbvc8WSMQ9unX,0,0,,
4h41QKUkQPd2pCAFXNNgZUyGUxQ6E7fMexaZZHziCvhh,0,0,,
jRAYPwLn4ZRGRSKu7GWu6B3Qx3Vj2JU88agUweEceyo,0,0,,
CowKesoLUaHSbAMaUxJUj7eodHHsaLsS65cy8NFyRDGP,0,0,,
CT1iZ7MJzm8Riy6MTgVht2PowGetEWrnq1SfmUjKvz8c,0,0,,
Gz7VkD4MacbEB6yC5XD3HcumEiYx2EtDYYrfikGsvopG,0,0,,
HVkFqcMHevVPb4XKrf4XowjEaVVsBoqJ2U1EG59Dfk5j,0,0,,
J8taaG2MEBQruGWE4Hhzkrahb1nMAeSZUYBs5cmzST9k,0,0,,
BDrL8huis6S5tpmozaAaT5zhE5A7ZBAB2jMMvpKEeF8A,0,0,,
HkJnGnKCoGUF4sL9j8aFfFZozEQpKuj557nFUUvKJC3d,0,0,,
AfGaVaWuGdKcbdzTTFvh1Haatw8DpaHQnouY3fRJEXyz,0,0,,
CANz2XmJkTvTpFsongcHpmeHXWsLgxe4sYUXKr9ZAefV,0,0,,
jSoLTVaeWSStWnNiocXyeVsHMWVfLtFzrYG9wZBenGk,0,0,,
iSoLXhjuJJz1pRPd6MkwhGn6Q8qCybZzK9F77dDGK2C,0,0,,
7KxC287omw6QrKQfKNUQs2kmgrTtakVcKriUAHpkur9m,0,0,,
DMvsB8cjKXDQJs8cvoDtKxX7KEMVeZ31KzycszuinJUY,0,0,,
CXL7AAheUM8AnSyBvf9b2TtPeqTTALJVqDDdfwNdKZHt,0,0,,
EPeUFDgHRxs9xxEPVaL6kfGQvCon7jmAWKVUHuux1Tpz,0,0,,
6Zkc5eJrbHMhvtHnUB5dwp7QpSJPSdeAYVNEkwadAM6Q,0,0,,
MTGX3ppLQGXz6VmHHcgfUurCES2AnRBBFk1uM4wjPjc,0,0,,
Dz92DHvq6Kah9V1xfqaabSogWQU16tesztpo6QjXgjj1,0,0,,
GK2srfNyb7YS4MQLacPRncPJUPfEYW8itPpe5n6yixFE,0,0,,
8y5eXeNF8RzmBBvDNmdsuneLvqp8Ua8Vytb49gFAZrtn,0,0,,
SHDWyBxihqiCj6YekG2GUr7wqKLeLAMK1gHZck9pL6y,0,0,,
BomfbEg5cQVPfpSCG6BRM3JuoD4be66oSfd5iSBKtaKm,0,0,,
4v3UTV9jibkhPfHi5amevropw6vFKVWo7BmxwQzwEwq6,0,0,,
6LNeTYMqtNm1pBFN8PfhQaoLyegAH8GD32WmHU9erXKN,0,0,,
7N9gKoaocMAmr8JFNtVbj74i1oYsSKJAi5Y6sp4EaU1Z,0,0,,
J1toso1uCk3RLmjorhTtrVwY9HJ7X8V9yYac6Y7kGCPn,0,0,,
bSo13r4TkiE4KumL71LsHTPpL2euBYLFx6h9HP3piy1,0,0,,
CK5K8GUKSGt5u5aJ7wHfeiCTgWMhcEVgo5zxAQ42msv9,0,0,,
DdquHiRdVDUtioEHvJPN6m6g5KUMe5svSWKxocmsESH1,0,0,,
vXV3qR4WifEPiteogi9FDQveVthwrvEeRxpjyQdDHwq,0,0,,
4HgYp2eiokKcqe5AVAxpwCsfUE5pwCNTiPXvpSxYnDi6,0,0,,
9UKSJHiTQH59R7BQsQg4qPEkUbyRo19a2hNeZ5YrgvBK,0,0,,
3FHpkMTQ3QyAJoLoXVdBpH4TfHiehnL2kXmv9UXBpYuF,0,0,,
rainH85N1vCoerCi4cQ3w6mCf7oYUdrsTFtFzpaRwjL,0,0,,
zebeczgi5fSEtbpfQKVZKCJ3WgYXxjkMUkNNx7fLKAF,0,0,,
6fMoTH7Bad61GPzvqfq1XmRGFGv84MrvZfjDKGNuVwBz,0,0,,
EdXMogeJdy4sVKsGGN6oyaxHZzvYpva1APBtLuf1w3pf,0,0,,
AHT1yynTv45s3P3KrRfQCVMHckdHeMVA3fteEg34xt9y,0,0,,
GD91R91Jjz6m7BfTQ3PeEyJvnWLSP3jTganJN45RNNQ9,0,0,,
FmQ7v2QUqXVVtAXkngBh3Mwx7s3mKT55nQ5Z673dURYS,0,0,,
GENZexWRRGNS2Ko5rEgGG1snRXpaa3CDDGYnhTSmE3kd,0,0,,
BPG8QUwEsc5f1T74vgeR33ACwJpPxAYhDk1oA4vmEu77,0,0,,
FYNmEg12xqyuNrRn8A1cqkEapcUCh3M7ZARUN1yj1bEs,0,0,,
3g7DimMct3vjQjM69MeRMqmJ32DbTQ6Qg5wADhJWYaM4,0,0,,
DF8vhyo51Nu3XSKRAMmFPm2WFUkHhxwGVp3SoR77gAdz,0,0,,
74uBtQc5uDNfHj5au79tXmg4e4fuZn7fUemifP2Wrg1,0,0,,
FUTdgy9hb2E7WdgYUAiMx1f7cfxCa3SuQiNWBvz9n4Ja,0,0,,
815WsMGTVcdKh7HeaTi5XLQfqXtu7tHMspAYcCH4dAwN,0,0,,
DAWqvQZ2K7rkC2d3iwGfreVrLLTRqY9gSHEC6cKczdHe,0,0,,
4t5wBE1Urg4wCB4jRJ7fdW2XZ3ohrDNUZhmhmNpAuqRm,0,0,,
5Y7KkN5h3aGK5BWgQd3VHuKYENxzdch2inkrxJUywkVy,0,0,,
HbXTcNq8ExstVzfPVoXi45arRS6L6YXCsu5Wtv59AkqF,0,0,,
9kt93AW5QMjFL6ZxomnSq3FbWiU5ibNeTSgBz9UDFSB6,0,0,,
HBB111SCo9jkCejsZfz8Ec8nH7T6THF8KEKSnvwT6XK6,0,0,,
52GzcLDMfBveMRnWXKX7U3Pa5Lf7QLkWWvsJRDjWDBSk,0,0,,
ZzzXrkbAxHvVJksyrrQBCFj2qu12976rx4if4SFEZdY,0,0,,
AAK4mFz2j6AZAv4Duqou9wq5VzVTqKkJcjCRa51ZrPZd,0,0,,
HonyeYAaTPgKUgQpayL914P6VAqbQZPrbkGMETZvW4iN,0,0,,
AG5j4hhrd1ReYi7d1JsZL8ZpcoHdjXvc8sdpWF74RaQh,0,0,,
BoeDfSFRyaeuaLP97dhxkHnsn7hhhes3w3X8GgQj5obK,0,0,,
3uejHm24sWmniGA5m4j4S1DVuGqzYBR5DJpevND4mivq,0,0,,
6F5A4ZAtQfhvi3ZxNex9E1UN5TK7VM2enDCYG1sx1AXT,0,0,,
3GQqCi9cuGhAH4VwkmWD32gFHHJhxujurzkRCQsjxLCT,0,0,,
DCgRa2RR7fCsD63M3NgHnoQedMtwH1jJCwZYXQqk9x3v,0,0,,
Ens4sStvd6C5suYWa36WjkyZrCZwQG5ecgwJJYK4ZWa3,0,0,,
GXvC1SLNxBgr5U2B1VU9qfrpwwCXSUydWJtRBYUr9djz,0,0,,
2uVQjmwUbVPWQ3d1ATsJvVoiMEo8jDH8o4TmmaYAf9Ea,0,0,,
3tFcVwc25sXE2WALbfR9GgMoaH2kTkieHvVtSzu98UNo,0,0,,
9tyiqVfWAibsyxztEqFD5KTzyUu5rALzEHRfQB1QpPK5,0,0,,
kWCWVtHck9Kg6NQjAbYoUgbd4oc7b2gnHxZNbqo47Ze,0,0,,
GJfzKQJaWyN8WR6cVAwqXgF9koV15effnEr8sAEh1gNf,0,0,,
6qj7pc1gtyziS11W5SQXbQesUuFUB48C5wCymd8PPvEy,0,0,,
METAmTMXwdb8gYzyCPfXXFmZZw4rUsXX58PNsDg7zjL,0,0,,
3maRo4BaCsxo1YEBMFuKcAJgftqW8rv8pRe44A2xPJMR,0,0,,
79HSB5Zd4feNc8xCwhhaCyJAwPuXrMKeJcbg2tKgDn8P,0,0,,
CUhrGSrSn9Ub8xBobqb4QK6fB6we77dELV9mMQzaY3ne,0,0,,
58z1a1Ab7ZoG2hwMmvrtuiQn5C2QV6c67iHbdur99A5E,0,0,,
EWsGsEHKyKWg7grdaNUwS7D6w4WZnwfoTo4NoJhc3MnQ,0,0,,
FoXyMu5xwXre7zEoSvzViRk3nGawHUp9kUh97y2NDhcq,0,0,,
METAewgxyPbgwsseH8T16a39CQ5VyVxZi9zXiDPY18m,0,0,,
BNTX5V5xeCmKB18HRMZmF7fFrhrs8LvD3KREfczdwBpr,0,0,,
9iLH8T7zoWhY7sBmj1WK9ENbWdS1nL8n9wAxaeRitTa6,0,0,,
CTYiHf58UGShfHtpkTwx7vjPDA779dd6iVaeD281fEVx,0,0,,
D56ymJNSeNjzdsjT1gmpeW8a8KosH6nt8MWmJb9JCYLj,0,0,,
FTuNqhptJCo4qDcDxj8kNNyAakGL24Z18Zxb4dnCeTCK,0,0,,
6wktcKujaFRKV9Sz455nHUNz34dEWht1gqKzR5KQ9Ljb,0,0,,
PXLSmSBWHU8yAqNof9Ry2LPsZxHSYB4xXsBaQWUmEzV,0,0,,
HC9qZTgTYf12cFPaK3dK2HZJ9M47r2JenrsvQ1Ewnds8,0,0,,
9pXifXKWkudXuKn9DaU1d4y8pZPMjfj154AgQnkccvbf,0,0,,
4kVztsKSzMBPfFxM8iJoZvt2X7xZKah3pyjiYDNYFMf7,0,0,,
DM8YLBujra6arvKuZ23d4ukqLdzbiGuhyWM4dUZnTnFA,0,0,,
GZzAhrEuVg4ohKcFRXH34TAb3NgU2wCEdpnF3LxKWegW,0,0,,
C5z8HSR19v3uWaD9UrPzsZ7kgWMnJxp55b54i5uuSNWy,0,0,,
CLAsHPfTPpsXmzZzdexdEuKeRzZrWjZFRHQEPu2kSgWM,0,0,,
ratioMVg27rSZbSvBopUvsdrGUzeALUfFma61mpxc8J,0,0,,
5YM2aMDVJF9mjUPowzsR3oiViNHhLy94QoezjkQxEAsf,0,0,,
9GayNtQpj73ALAMJ8RoRHN149K4tx4A6brfCqtt89Hmi,0,0,,
AaFf8fFi9uN69MTyiioi7AeyUnotcwZSG49yVo242H6J,0,0,,
8qyhuqWvBKYn2FT19G41rwK6WAC6PMsAvQpXUihEwLAa,0,0,,
3tbZLBjNeZcBmVQjJBiDC6qmsurNt6wxrF3xuFE1RHaU,0,0,,
92fJ7VF2G4CLjXXj2kPCoQ6bLzv4cL2dgtBM3b1j5rJp,0,0,,
98ouGzbMV2DnHfn3Uc7oahwvDP4Cf7Ls77JsBiARdjvn,0,0,,
HkSiK3rrAf4JHXN7Cf1j7GsLofX9jo8962xabT1qiff1,0,0,,
GJdmJ9e7FzAtU4GUtQTuv39rJ2NoiWBFMjhDSgCCmE3Q,0,0,,
3yPvfudQ88ECG9U5Sz2MPmd9C8tzPQG3Gjm1Ts69LWVV,0,0,,
9dGzs4ceAiLSXmFkHVD4qMt98NSKpPQcsbu5h6PFrPGr,0,0,,
FrGsi1hT9LX2nkxDxLX33YHoavovcjSi23PK8g4YpPCu,0,0,,
3RCVCywxSs8pDRU1hw8fo7xTUCpNuX86w8cKTM6fgWBY,0,0,,
8rS9Z8CYBiKiya6SoCv3eJBukKjxNy2ExvY4shmT2juF,0,0,,
8uGQ97AbsskVoZprJ4B2eAfs5BgLRQUi37fdrRTfmPvc,0,0,,
2NjTBbskUU22JSTY9X73XQALVo4Z9mo9XtHERQuvAgf6,0,0,,
4XtRbgB65Desc4KKizz9ZF4VpUohnzSjn1tTFj746PVL,0,0,,
4KbzSz2VF1LCvEaw8viq1335VgWzNjMd8rwQMsCkKHip,0,0,,
AmVSRu3fCtV9FtQcyLfU8DKHXHmaBFSbnx8nahXycrMC,0,0,,
9fcktgakGMz78RBNCYaX1QhnHnwXUtnU2n3MsorM6Zjk,0,0,,
4MsWmTdKbAXtwHgwFsm9MkcN6YhAWbn1dcCR4tUchCuA,0,0,,
zPhhQAVgFD9FA4UKxnjvTfKty5LdScrsyzotTAXnhuX,0,0,,
3CaVSKdi6myXtCSoqH1qwQHGLTeenYx8oCVKuyts1pey,0,0,,
HEcYsfjuxDfGMWLLCvXTagUJbz8w4mXh8ZUswk7d6tcK,0,0,,
AKppFNL374Dekytm9sRBPh5WEaR1XxoH3BvZnxkpaM2J,0,0,,
5zqwZoo3TkHJzxf797pXRbHGV328J7xaAegWKWk17Efi,0,0,,
6AmNhPanjUR5g1fLv4aGaZKXC44ghfAVH3Ly59XE93s6,0,0,,
EQQK5Pk2tXoxaJy29ghTSpT1D3p5mfaxYeVi83F1wzcy,0,0,,
MekkANZkBpzbGeTWsD1cRRuQxZMTFfBJyLrKywGQRss,0,0,,
EcQCUYv57C4V6RoPxkVUiDwtX1SP8y8FP5AEToYL8Az,0,0,,
KNG29Db1b92sJe8iJutc6BFen44WZoAH23DQi5UQZTL,0,0,,
HqFG17V7wNfEDV3k5K2AuY3rmM5n2np4rhbGV21hp4as,0,0,,
FR2xsxdi9uFeGdFWGyUdJVZCy1nkXp92nujiznk2kEiz,0,0,,
8b6TitoVovJ5qkfs5z5GvMFthrukp5faEn8KY8MQ9YFm,0,0,,
EexGvP9KuZohcyDbCaqo4PAdBaoffXg9ffae1AUCddLo,0,0,,
FLTHudk5B5zag7JmGXqrYrFfey6otevLQA6jm1UHHLEE,0,0,,
6kQc2ok7ANqyj4r77TcYgEDXHB4d4ZJb4KYuiveLwhRN,0,0,,
EpZwaTh536LDNsBnsS985SUri2xoNg4dE6ufiMgCvaZ2,0,0,,
B9UyBRhLFNEm4uHC418kjSdzUBCS6qAZMKvTm5kW92J6,0,0,,
7UZH4qRriJaoPB4p3wBTYRrPXUqJMSsRpvUHZvQ3HgE5,0,0,,
2eVHiVahkRV8d6MCBMQPjq6qZdMgT3ZqRUthwUhCBL1C,0,0,,
4nKW1yHuxS4t6M8AnMZ9s1RQC8HUhsLmeQk3Zv7j8gew,0,0,,
CEUJHSWG6YrN677C7B88pCcHEoCoQH9bBSCKZMk3XwMy,0,0,,
5fFUeBJnjPK18PLnF7KBWPu29BjEjLgQgvwhZ83Gkmdu,0,0,,
EwdR9wYjMNNzDQEvjibCEwtetUVnACL2WCLbuQ1AVr4e,0,0,,
5YhTCDZCEihibWA2g5EU5rxBLsYPZpK8dQreKjRBTaYe,0,0,,
5riS92mnWZ7UFyRBdgWyJ1pVNVtPHUoWh3Bk7MCvwAPJ,0,0,,
SusHi7jkadUEmE7L4CvkNyZroXMDrx1saBFfDSpq6tx,0,0,,
FTr3B8UsvkUvYbkzd7yoUxoAAEdvfKLiSr4Sttk8QHBP,0,0,,
9Z7cE5EoyHjFQAL2X8AMcR4N1zjWLpmYP3WUDoSXviDn,0,0,,
DiGmvTPHBzuADgBPrzt29simEuPKSYFMSmBZYdFdddyb,0,0,,
CKUUGK5dxNTLy4kX4PSTnHTDYzMQFmkH3K2CCkCZPqKa,0,0,,
4TyXexYsJqy9n1vVFVkHn1CUxabP2cht3BSE74PSG1pq,0,0,,
25yPcyqSpSv8T2JWyoKKRiU622Sr7LoMk9S3FmuBFt8S,0,0,,
tDcw216fFJcHrzQB179QVw5aSqVrCjJuASKHnc72wWJ,0,0,,
G6BWiMU2uPZmE2A3Ng3oG9qxc5JoZbFbgEpqZss93M4K,0,0,,
GaToibyrPH6bHwhnd3muuSBsRuZEaAcQjdpiCV1qtuTc,0,0,,
CgbJxXyaHeU8VsquBpySuFXA94b6LWXxioZ28wRr8fs9,0,0,,
D8S1dB9Ga6A2EoMTXU2Zp33vFiyk4oZU5FJnbU1cud53,0,0,,
Bzkc8h8jDrSZbWZXzuQS6om8RbgJRmxo99dYE7ShyWV4,0,0,,
BYGxC2A4NidoCKf8SNaQd6sJhXXxGz2Qjfg9f6kTbsqD,0,0,,
fLoeAqCfMiS3Uaj6aXSCGhf2ZE9znWz7WjTPCD2Rgnf,0,0,,
4NtKBFMRkEm2sTuQLBrbFC3LYJJQNyM7GgM9yJqFynuQ,0,0,,
8Gdk7VxU97Jjbu45CpNPdjHygVqwxVG56cvjk3jHTXVH,0,0,,
5PmpMzWjraf3kSsGEKtqdUsCoLhptg4yriZ17LKKdBBy,0,0,,
2rSNvoYik5hZsTRhfYnxxvELupZhcB68j3kZ8hf8ELzk,0,0,,
3Ysmnbdddpxv9xK8FUKXexdhRzEA4yrCz8WaE6Za5sjV,0,0,,
6Rqtt2h8dS6pHPGzqrmGtyhjCk3zpk795QcEwXJLfeLn,0,0,,
FaTM8V3A53D7W6TYs8a678tAXwkuATXtuC9nCnDmiPRX,0,0,,
HxhWkVpk5NS4Ltg5nij2G671CKXFRKPK8vy271Ub4uEK,0,0,,
EN8YwvDxKZmv1tpHh4JcrnthPUoQLBgPe7n8TQUcfN89,0,0,,
CJKrnvgB5PugtXXMooJq8N31VRtzMowusi9n2SQJEJMh,0,0,,
3Nfa8419TLaSgbhG1Eoj9zyV7WNUKNmjemPrGqsPeoBJ,0,0,,
idoLztG5ZGMVEjjoQWjeSu2eVkVsp3YnrFZKf7dNi4j,0,0,,
DUSTawucrTsGU8hcqRdHDCbuYhCPADMLM2VcCb8VnFnQ,0,0,,
Gt3NR1aVX7D4WcRHMZmLj7YTc4yv3RV6gYEQxMg3pjUY,0,0,,
KgV1GvrHQmRBY8sHQQeUKwTm2r2h8t4C8qt12Cw1HVE,0,0,,
Hg35Vd8K3BS2pLB3xwC2WqQV8pmpCm3oNRGYP1PEpmCM,0,0,,
FoRGERiW7odcCBGU1bztZi16osPBHjxharvDathL5eds,0,0,,
EGcridgp1rMKagGVyaa2UpQGhzo5zwxK8cuidHLB5kJN,0,0,,
sEedsCkfvPzjnfPNWVJAeNkNZf8yWTwZF3jh42R4X25,0,0,,
FrG7YxkifmLq5oiULBMh4zBnNyoniNMWXatLfceJiFTX,0,0,,
7ftKSttU6yUAnWsWxpRP3LKdQNEto8V4KD9NuWttoVnV,0,0,,
USDrbBQwQbQ2oWHUPfA8QBHcyVxKUq1xHyXsSLKdUq2,0,0,,
iRAYYHCNhEpbDiVt6QKK3Q57DMgw4p8zEKsVz3WfMjW,0,0,,
iJF17JCu78E51eAgwtCwvgULHh2ZqCeRrcFP7wgcc6w,0,0,,
GePFQaZKHcWE5vpxHfviQtH5jgxokSs51Y5Q4zgBiMDs,0,0,,
jJF1SrhzpyqYawE9ruSVKrHjfxjaG5TUMFB5vnXUWVm,0,0,,
8TYCmCNZcDJmFovvvTRFTZT3CUqm5i6zHBx62atSrQe9,0,0,,
Rz72exTWwpz94sin6wxHgb3bM4Y9MwqmVDd2JoLW3b5,0,0,,
5KtxfEpgBXkqsGZZytzt3Z7cWhnSWyyWoYNGiGTectna,0,0,,
6gSmbxSfgJrqeGBYwuKGuSbShhbDLjcCLWqzivvPeG3i,0,0,,
CJ5U6wPmjxFUyTJpUTS7Rt1UqhTmSVRMvmJ8WD4nndXW,0,0,,
CD48SB1VGAEV34rXdyk13jxpFMx1amKEeKZpGw9BXUN9,0,0,,
4UNRvkwRKNRpZ3ydSeomh4JNgvHZXZ7UvZ41NkCeXx44,0,0,,
3TEApxCHGy4VHmMd1JpHNAM3BXiywf14JXebDP2Yvufu,0,0,,
F4q5mMxk9RA2a9dwfa2FgJjhvuqbk8SC9jEpnDVz5TFy,0,0,,
Hh4GkDmrZAqSmDxEWnNDjKLgPLenNphZh7Gyj4bywGL7,0,0,,
EKLq86cHRwc8Spkcx2noPnfoVyQvcWSeud5JMJnTxNAD,0,0,,
CTQBjyrX8pYyqbNa8vAhQfnRXfu9cUxnvrxj5PvbzTmf,0,0,,
7Bp7AoSa68KgeScXEmfM6RFnGR1FDJZJsEeic8MFesDZ,0,0,,
7kbnvuGBxxj8AG9qp8Scn56muWGaRaFqxg1FsRp3PaFT,0,0,,
HDEqEpFgTrBawzDgTG1eyH8Go9PX84LCEC8Qjt8T4jFN,0,0,,
FwrfWVbDq2X7sb9tEFyVVExxFyMEDUP4Ta2PkYyeCGoZ,0,0,,
4co51tnVXXj4nNGzfHRvaZ3JczVCU1BBnsezr6ZgwXJc,0,0,,
dwnkQmmfLjkYZjTkpQk6wP6aeoBFCVNxQLtEkWeVGjC,0,0,,
46cCLt1TcdmeMr8xmEshLapyENRQtfDh3npmbN91ohE6,0,0,,
4wBxVumKnzxNstAeraVuLAdRXKNShm4UQjqdYDF7bhWA,0,0,,
McpgFn2CxFYFq6JLiBxeC6viNfebLsfsf9Sv5wcwKvL,0,0,,
6AarZpv8KwmPBxBEZdRmd3g1q2tUBaSgTNQ5e621qcZQ,0,0,,
54KPee6wF8AzwJovtNgsT9uhoU3GiMWhFZUkJmU8yHVn,0,0,,
2ZMPK156Jc88vaE2nfV8itd5XndEANMgdqcA4pujPewQ,0,0,,
SNSNkV9zfG5ZKWQs6x4hxvBRV6s8SqMfSGCtECDvdMd,0,0,,
8TQdiAzdZZEtkWUR8Zj1tqDYGPv9TR1XjPqrew39Vq9V,0,0,,
9bQsNPppyuTaAcf92mWjQBuRLjSDpbTDdAC7pRQNviQ9,0,0,,
CE4p41EgGYse5unmG1PNNisK5SejyYjA4feDWCSCXoYb,0,0,,
EFqYVEitSUpUTj2d9LSqun4eZ4BzouFuTPqQzU4hNtsS,0,0,,
5J6amyqS3PRiv8JuyHFVCXoNd3RGQEcfYwyesSLhPGWq,0,0,,
9ykwWWgK6iQbHYHYXSRQ4ZHTpkv9HJuZsdYrYKnS5E7y,0,0,,
FADm4QuSUF1K526LvTjvbJjKzeeipP6bj5bSzp3r6ipq,0,0,,
GXQBfrgAngEvVM2VmEDFmkWTa9xdhJ9o1wwn6Fas79bg,0,0,,
DPZbpDehrLi2qg7BpMxLVqAgQZQzFixNdwtYq5QjzZXh,0,0,,
2zzC22UBgJGCYPdFyo7GDwz7YHq5SozJc1nnBqLU8oZb,0,0,,
D6xt2imesfZ1zL57o72BBzjaDs91Q72kgoSGC6qpXY9T,0,0,,
CERSmXza6DcU3vy61sVRHsZBXPsEaHG5edu4jx9VZPvm,0,0,,
HjR8jtT9emnBxJnXUrjTA3MdQ2nkqMufcdVAHyBhiMoS,0,0,,
kiGenopAScF8VF31Zbtx2Hg8qA5ArGqvnVtXb83sotc,0,0,,
FYRGhF1wopaVPoVuouG7o6WJXHzWCSxiEFYtc2FEjPo8,0,0,,
6jAHVBYY2B4dU6hGxXpCqFwHdjDL6aiLtTvJKn8fWRo1,0,0,,
GEMSkjHriJp95iSZpRgb5ym3RQeaMFig7cfWvnWTT4An,0,0,,
FL9J1ke2bvAMvfFUX2eP7twQmVLaVfBEQbVFCTgqVZJm,0,0,,
F6ABFHuQRF6xiGU3wVLpeTqgKaxdFnTp2mXihUrKTNLD,0,0,,
ChywntqwNRzaoWYUcDQ3iALqcwSAVtjM2dPshz5AETMm,0,0,,
GtLBsmS6Z4FC9gmnCFS2ZzCKmb9vYL3kELnjVmxHurnh,0,0,,
23WuycvPjEuzJTsBPBZqnbFZFcBtBKAMTowUDHwagkuD,0,0,,
8ymjMjitLchSFU9zkcbjsJENhSXou4YKh7RD2U3yvqdJ,0,0,,
DLQoZ14o43XkT5C57QHTtxATMmty3khY8LpPyiMcsufk,0,0,,
A1KWZzcUrsX9MAsL8XtZkuS4RX6fjZazc7K5UoX42M3M,0,0,,
GqiReKpoAHQCnziNA1koxcttCkBD38W6Pyd45FoiBXQm,0,0,,
Ca9LxRYdZ7jK4QAqjLo4iaYmiV8FNdngtSkzM69hzgDX,0,0,,
DSXWF79VQ3RzFBB67WeNfCzfzAQq5X6m97zi85bq1TRx,0,0,,
DxRbkqB2cEqa4rnXJwq4z3GuksgpL2U27PWBw8QBcNv2,0,0,,
HpPh8TBTB9tECEFzPpryurFCZbgwWcrkx44kw35zHZtX,0,0,,
6Ex3NmEvL3aqEovWGgjaW8qaKkcZgmfb8cNSoPPspCET,0,0,,
5AHQCZR4dM1y2uhpaZfK4FKXtKf2pXs9NHZi89WCH3Bg,0,0,,
GbGbPxqoeJjq3AaesnWLEFnLvnmfxCcNk6rrJUqj5KYQ,0,0,,
3kTyEHWsBZRv1JYD9cpqXszxN9QKQcGwatZypc8Jd1rJ,0,0,,
AHy2PUr792akfDJwpm4s48eq3QfiNLAaSqzTCADWMp2x,0,0,,
kNkT1RDnexWqYP3EYGyWv5ZtazB8CfgGAfJtv9AQ3kz,0,0,,
THCBB791xLFhRhxPHMDVN9m5KDeBBjwh6dfBbnTuPe9,0,0,,
E1NzQVyajEZ3MHKfpwv2F8bVi9tsEWpBrKNuxBCDaEze,0,0,,
FbUy1NubUtCfoif7TAr6wAtJVJFapYUVWxRGmUwvKNyS,0,0,,
8u3o8FJ2YAQLWdUrGg8C7YYXgdpspjf7NLUBtUqQUFgq,0,0,,
Boxchq2Ea9HDc4u7H3sphy9yq7XHZg311CLZLeJgYny7,0,0,,
7ViSurf5Ve2a8qDWFYsfU8GFmRttQvS5paJ8L94QZgo7,0,0,,
6jbxzu2k14q1yXZYHWzyu6ktA25xwU5vcMtjx9aueMgP,0,0,,
9wB5JMdWYGtzygwo8GygrJFg6PY6QhtWK5HdK3PwJraV,0,0,,
FMV5k8xdhUztNNqc2pKZAmCVYLPEZSmnto3fPYLgc2P4,0,0,,
CYndQCN5WJL2iF4V42mZ5u8CHPAHCLz7wCXYwPd5hJ37,0,0,,
59McpTVgyGsSu5eQutvcKLFu7wrFe3ZkE2qdAi3HnvBn,0,0,,
CCoin6VDphET1YsAgTGsXwThEUWetGNo4WiTPhGgR6US,0,0,,
GyUYoBT1gcZBEVffWeGKQ3E2gzfNP5b8GEvnqAGjL6Hs,0,0,,
BLemFJenJfgZBL6QTaTnfpt9zhAd38gLJfZKSnyW4yaV,0,0,,
invSTFnhB1779dyku9vKSmGPxeBNKhdf7ZfGL1vTH3u,0,0,,
BmAgYax1Qu7PiBvzRbTt1DU1kua5izH7uL1BncjU1YSu,0,0,,
9sCKN7aYj9Fd5xyAANSosc7E6ZJbQSqfTvXSGzEDyhY3,0,0,,
LABSfApdYpC5Ek1tQiCFAoQP5K8CvADe2GgdYrA2QHh,0,0,,
68RRPuZQrrw3whXHm9LSyC4y8iLrjkTm5Brc2tUMLNPw,0,0,,
CejQBkdRPN8Jyod2jVUYTfHwU9hPHvM3rD9prvQiffDU,0,0,,
BoFxKXdyiEYJReWGZAT4tavuAo3D1BmDyXK5VFSXd4EF,0,0,,
DqvQBFw8DN35ZyQgSJ4S43z8HCzPCzoMtxvSos3fMBKH,0,0,,
8c71AvjQeKKeWRe8jtTGG1bJ2WiYXQdbjqFbUfhHgSVk,0,0,,
LoTrcDXVtmu7CPaxnsVifJD8wwcEr4fhxKykrAQDKWE,0,0,,
5QjajzuSfugQqqL8NSdkXdC9jDKHwf83yFHfWimhKXBa,0,0,,
2YCQcQgy9nNhgukjAur1jCvMXgSTQ5FVDc3ae3BcspXS,0,0,,
2ND8eAy3UiMhupKMxogosrf9qoN3qFvMzuJHNVqkrf4f,0,0,,
4TchixmssSQHbvhEoZT1bA7hYPXwwNWxLq1Yvv7pa5c1,0,0,,
WECoVw19WcC5cU9SjV4R4Qb2cCi9Pz4eMBcD1TdhkqA,0,0,,
BCcbS6zHr9Hsqc9KWAJC1iDRYMov8U9UpBCAsDu2vb9S,0,0,,
5idSc21Ht4FTC7jSNe34d6v5FmY8gonswYHpgC7QZCZW,0,0,,
8UyvxCoVXoVaftWzp7j9yo2sGL2HnHTFDV4capenyFaf,0,0,,
AEVrnQBqPVBogK3j3awYDLFPxvu142F4E5f3zCZw1zso,0,0,,
3XR1TzVyt5iqQ8Aa3wmjUzSLy61HVnFGL44EVn23Tb9b,0,0,,
AZ7HNY6WGq5SmCzt3G4z2UqUxvC4VWuvWBcusPE1iRBG,0,0,,
EvkP6kogzxBZEcCyWq3xer1GhL5QetoPhMa7sDW8QPeG,0,0,,
FKckG972VE5yGEsHLwL9MfGEXTaYTvEn9KZ4Qf22dTgc,0,0,,
6ABQdaTwRvmacto7aeRBGghS6Pxctd6cFGL8gDdwV1dd,0,0,,
BvEj2MNMPsUrD4vSk7NHs4TtRcCcJd75Wx5HvVbY4rbK,0,0,,
2946ofy854iifvXCQmHX2AJgxRBoQcchy1gfD26RtkHp,0,0,,
AcYyc7e6kwre2FUWk2x26HFVYr1A6eg5uoW2XhcHpyCr,0,0,,
DCdMWbCEbVWQi6i4ndYBAGJkZSy3ZKSRwqJo9TyhBmxR,0,0,,
CBqHnvziYDsGjyELNrrh4cp8pZwC5sQQNAZY8AMMeW9G,0,0,,
6UZsQ5sCGCSJyxHbYrEjZTWvXmYsWEcKbd77AKi3oxxi,0,0,,
Hn6UbgwpVC4UgUTsmg3Qbj3Gwjve7Rbn871VfKuLD6oW,0,0,,
MLKmUCaj1dpBY881aFsrBwR9RUMoKic8SWT3u1q5Nkj,0,0,,
kiTkNc7nYAu8dLKjQFYPx3BqdzwagZGBUrcb7d4nbN5,0,0,,
29FFvE1yK7N2rw4UszxBfWtdaTpdh6fNj4Gh4pfNYTgK,0,0,,
boooCKXQn9YTK2aqN5pWftQeb9TH7cj7iUKuVCShWQx,0,0,,
DMbb79fgxR3fKKVKWcbetMCuxNNtJnfjY3qqAE4G4wJf,0,0,,
Boxch4vwBdKjZjE4hixCaoQFvv16P9vwRHTFHWbC5o6f,0,0,,
EHaEBhYHWA7HSphorXXosysJem6qF4agccoqDqQKCUge,0,0,,
CergxRKPPUGkksdConEbvBweoyAhdyetVCgXuLzLAJmb,0,0,,
43nugMCbD2J7BDiDDTxUD15jcLnexdPtftPdANYy9tc6,0,0,,
HMKSrb4Nb894wEmwYveACs3y7wHy7TKzf3kqPeiHjaqa,0,0,,
3XwZtyP5g2ku5cNzLXYcBYygvToXKdjw73GSRq73QYLQ,0,0,,
kshrEkxuc7zPAvLxvabxoERKxK6BfariPcjBoiHvM7B,0,0,,
2EyqaC7zo6TYEKTebBZCchiAdwmqEzsxLxA2MzCYhBcf,0,0,,
c2Moo4p2343VHsEtCVXSsx5D1dLCdhJQAb8dGXsjBsy,0,0,,
FeVooZDV8ihVhwuHVbagriw6rtonLdysXQ52VwqTaVAd,0,0,,
ADcEtKSVKDxBUe3JERgSh9q458w3kRKPMHkihF13vxx2,0,0,,
NXH66NhJZ3woe1KCYFGwSJHTtpELuv4Mf8YoVthWtce,0,0,,
Ao94rg8D6oK2TAq3nm8YEQxfS73vZ2GWYw2AKaUihDEY,0,0,,
2YJH1Y5NbdwJGEUAMY6hoTycKWrRCP6kLKs62xiSKWHM,0,0,,
EWL2aMkx1j7XcjdKniVMKmuK7Vds3CgMXJv28HohVBUx,0,0,,
4nhQdXfoHvCCVnyZQg3awXqPrKL89Ys7Rbe77oXM47GG,0,0,,
Dhtv79Gax1gwvWNQCKFW4oUCsMLcmUbsZ6vdaCFYP2Ko,0,0,,
14UMe2amWfXj1CrM7C9kFkTQ6PtX5aT1fdsVGqBZaXCT,0,0,,
uL2qhMckUAroJPt2MLHwEeppJNYE3wBAGFMCs3anwXn,0,0,,
4qagvcSsN4ovsUsSs1hBh9Qzt5SZHsfNu9BtjQsJyK7W,0,0,,
CYqZ4FG2Jb5Z1CWgdojej9Svhvvo8ohKEAuDvzG3iQ3N,0,0,,
CYbLZDG7TexKi2axdh4gQGLV3FnXvBgfJgLtixhKVytZ,0,0,,
PUhuAtMHsKavMTwZsLaDeKy2jb7ciETHJP7rhbKLJGY,0,0,,
ANAxByE6G2WjFp7A4NqtWYXb3mgruyzZYg3spfxe6Lbo,0,0,,
666YXKdQzN49gzQetYffQUhy4hLxEB31PZkRew4VrXAj,0,0,,
5Wsd311hY8NXQhkt9cWHwTnqafk7BGEbLu8Py3DSnPAr,0,0,,
A88nzMeNHiaRKMMGU1Pzd1HgaBJUgzvGZYvDFzJvuTpi,0,0,,
XwTZraiF1dVh69cZ2SpqyjDLmei2uVps5CYHD9vqK6d,0,0,,
FyNuYGBBry5LAtPEkh8Y73izjTUNT2td2J3sGCK7E9Ju,0,0,,
EzfnjRUKtc5vweE1GCLdHV4MkDQ3ebSpQXLobSKgQ9RB,0,0,,
6ercxSiDn2KJ8KZxmCT4eheQqAWN3z17s8eLT3VECuda,0,0,,
CWhr7vJ1rCSgSMCcwMxdLVWdCf4KkSjZEeSmmh1poVXb,0,0,,
9j7pLeELCPTnXYXcHSiGSuYr1UE7cTaAd16kiH2AiNs5,0,0,,
PRiME7gDoiG1vGr95a3CRMv9xHY7UGjd4JKvfSkmQu2,0,0,,
7JnHPPJBBKSTJ7iEmsiGSBcPJgbcKw28uCRXtQgimncp,0,0,,
CALusHembJf3tQ69BxFbLRUSpGRwKzEnLKWUPhQo5dFk,0,0,,
5iUW2aLFsSD5oRkmxpRfKFffvKvTeFmEruABLYyY2MRX,0,0,,
Do5AbqdEbj742B2Cm8BypAGg3h1skLaAVTbT2mLRcW8c,0,0,,
B7mXkkZgn7abwz1A3HnKkb18Y6y18WcbeSkh1DuLMkee,0,0,,
NRVwhjBQiUPYtfDT5zRBVJajzFQHaBUNtC7SNVvqRFa,0,0,,
FronkXnfBgzfhsEV2bjwoJ5VgYhpEVCSN3pzpJkvZGUf,0,0,,
WoSZYtctzp48xcdsSfGNKUGhjNdPx2qm5J2TUNfd1a1,0,0,,
EjaC7vKgimdVMyaF7SkNNaY2D8PDRVfAwThuAoeVvE7V,0,0,,
E8G4uo2i9d12aGnXDHXXcw6hU2fh2NytR5XR3qurTLBx,0,0,,
4c5K1DJ3TcUkHt68PrBAzrYJj35r5hv9PAVsL2owYwn5,0,0,,
4h4LvS6NsVjZ87uBwrYyTeppTm1ii5PtRN9A6Ld2kZjw,0,0,,
htoHLBJV1err8xP5oxyQdV2PLQhtVjxLXpKB7FsgJQD,0,0,,
EK6j5Shv99xttoT3F2DfG8uQMoX6NoAZgTuYwCvrHzqo,0,0,,
GRsoqmhsS7fCLpEqqE7oRM92ag3WVy8VbJAi6KfWSeHS,0,0,,
GNCjk3FmPPgZTkbQRSxr6nCvLtYMbXKMnRxg8BgJs62e,0,0,,
HxPoEHMt1vKeqjKCePcqTj6yYgn6Xqq1fKTY3Pjx4YrX,0,0,,
DsVPH4mAppxKrmdzcizGfPtLYEBAkQGK4eUch32wgaHY,0,0,,
GzHyjtEn2iZ8aQdRUGS54U3TXAQNP2egcKrAxwEcVhPT,0,0,,
sRLY3migNrkC1HLgqotpvi66qGkdNedqPZ9TJpAQhyh,0,0,,
LiLyT885cG9xZKYQk9x6VWMzmcui4ueV9J1uzPDDajY,0,0,,
6z1oue9xiJCHcDqsyeTZ3NHFVzqMHQSoZmTvVamdW2MZ,0,0,,
TKMKgSh3aADsmjr4yFWG52tkCQvmDxsQC1he1aBsi65,0,0,,
7TQTpG1qBvE9ui7J9yQWKFAYpQahkaKPKqGTsqSm1wUv,0,0,,
2rLTJzSj6J6f4poPAKojS2sbdtRry7b8k4XoEMKPwner,0,0,,
GvpkzEc4kiKS3xzNLFoc3k8HUVxYCAU8CYBkhAUKsSZ5,0,0,,
xkqjobmo1kUgN4P7jcsWe5ud657oA3co4PnwKoQKG12,0,0,,
663rbtf1FHhz1kQFAq41z63ViigQr8zAvZpNKJbZbF6C,0,0,,
5hzLftaEyGTQJnoxhGxAvsLkmdjYsbx9YdjNwfNmtq2s,0,0,,
8CmKs6xeWyrgTwBQPUtq7HdbEHvkV9F3NARx2GMX9wFZ,0,0,,
5dgSRQ4oL8C942K4qPBuhjkbTNHtfqHMADhYE25PmhPG,0,0,,
BVGiPUve3dtMLNw2iv3tA7NN8Jv198Ha9FmPXKMUDkjF,0,0,,
Ca6XebDSTEMFJbJMB6ob6CbMWYcL3GtJFsCVFWiMoeMD,0,0,,
HY9LZ7TsDABoMzYfZvBwrLEUVEAWE1kGF8XS1JvbMN9u,0,0,,
CT81fJ8ReVt3aNPqZr3xZvgJ7jjEfrzaXh3condAXHXP,0,0,,
E5UNCyiF1xrCqKozyFuiBkYH678BhftBo8Q1GreukBq3,0,0,,
8e2G3tCTvKAosq4BnYbDczboRVhy7xaXwbTSJeXEefJX,0,0,,
2oDVQrNmBrJR71t2wJjq5f7Vz6ohnJheHoLMJEHcEW4J,0,0,,
cCUYsVip3Ve2EbStXE9EVncPiRdcjTH7LfFKaB8g55d,0,0,,
Foxy7Df6VEc1dUCr1ExZfRAqqHaifNFDd8ccvAs59DNr,0,0,,
2Dm1zu8ERJGBs3NLXt8s8Vor3YHwJye5E2pYhLiMHU4L,0,0,,
CP8CaP7GmSVUo9j3L8dwDKVR6i1kvcCUn1ubGGhc2V2M,0,0,,
FRsyPFrp657gKPPTDNP8ZPGAPXfRJaCLkhfdPsGxJY7p,0,0,,
9EgSSSAkeo8S4PDX6FqQoMLcUxgLfMaJFSDmkV78LErS,0,0,,
2fgYu8vYZhvVsocNM4y4HcrZCCPXYcoo8mZof5hJ3miw,0,0,,
E4oEnayacCpyKLQQeRqSm8bG5wPqDMZuun6fEXgoLNwF,0,0,,
64ExnkDhpVwKzEjuqnkGgWVEtWZvWTG7JRyqQgzTWtFV,0,0,,
HFE5CwhDzXLYrnfH41712be8Pz498v2yCjyR91jZEqpe,0,0,,
CZtYQvMEQdtFFdF39PtMxGVMditE76AwbXqJYFEhYFvA,0,0,,
DuSyBCGuhPvyGu6cSvbZonvQvh8JLyGvXJn1TmkJh6Zn,0,0,,
8ZSJTmL42LgTrC1qY7AZQkLYT1EZquQA1cA3ze4bSjvq,0,0,,
6piwLtPi6sYjvE1reSEpmAXfcJqJtyGp3fahhEU7VF2C,0,0,,
ANqY8h3sRSwkC29FvGJenAh7VGRABVVx7Ls6Mq4BuGT,0,0,,
NovNrxPNjmLVFscH5rjMbec7C4BdAHms9WK21xjsP3p,0,0,,
FDWmQxD9hQruYKtFK8wt6UhKGv6frPvU8EhjKiEPQoyD,0,0,,
64Hw4Hm4WLC1Ty6p8g5vLZNCS37msb9Qq8ZFJE6UConN,0,0,,
HNpdP2rL6FR6jM3bDxFX2Zo32D1YG2ZCztf9zzCrKMEX,0,0,,
HWXWUXUNuBd6euKDxsL3FrCZ6P9RwmVmbXHKSd4MgxoA,0,0,,
BtxmGUJHu8iqLu8rqECHhwDzbX3J4EHjA8NbtjiRXUoJ,0,0,,
HV8RWueWwpRue86SMzXQapxDB5ZEWw5YnVbxuDcihaF5,0,0,,
3HDyDDvRTmSMa5QxhUod5gEgVKmTujncwKomxrWxSb8j,0,0,,
HWSqJdwemji7TNiKQPudUj86LXyF3vGAtWm5ePk5KzgD,0,0,,
GNC9uTx8dBun94hM8PeRmEGBb7LJ7uKrgNBnooAaQzXN,0,0,,
4tJZhSdGePuMEfZQ3h5LaHjTPsw1iWTRFTojnZcwsAU6,0,0,,
95bzgMCtKw2dwaWufV9iZyu64DQo1eqw6QWnFMUSnsuF,0,0,,
FvaExVNHCACXXeTDj6hpZFLCyhYekT8zxpfPXiMtba51,0,0,,
7CUJNc1jHfT9J391frL6CiLhwJUiFBs5SErhdBJ3KAQQ,0,0,,
9akvvCgpFc7LkpESHCSacrPPH7SztbvuAXNvJkzZSZWu,0,0,,
52Y1RGnRFvRFUQq5r2AWpFLLFvokiiqxRocsWVpmPTU4,0,0,,
CyWGk1hWVQsGmDt3Na5MyNcWaEDh6MSkTCvAdA5h1Ke8,0,0,,
4rii94eJ9oh2rPNQY4y11gz4g7CtTfH9pULqFoCHFeCC,0,0,,
RLYv2ubRMDLcGG2UyvPmnPmkfuQTsMbg4Jtygc7dmnq,0,0,,
HnZiKrSKYQkEfzjQs6qkvuGbBmrBP9YzjB1SMM7tiGZ1,0,0,,
DfgYfvfW8cWumofEgRZsAYHhZVDgQbu9z8sGwcKahSho,0,0,,
MonYu4GQb1dpoMs4DG1FpJt5F9nXtUy6JRyvANZFxZu,0,0,,
DXq8js1uxGNENn97SdtBhRDQ2TMETDxHsRabJPjVh2Q4,0,0,,
RoLLn5qBN4juQ1D2KFpJyAcC7Deo3cYotXi4qDooHLU,0,0,,
SKu11EypaFU3gvr8VSAbi13zEC2CPvqbz9s83N3tWHM,0,0,,
9z8UpvjyH17UC8FoWFvmkke4hCfMjpFyVExZy61WHH2L,0,0,,
Cwiv21vbFdwJRtGomuCDyWz2w6xvPwoUqTmuyrFtU4Sa,0,0,,
87rSGrpYdmTxfNBf8o2cpyiNcxCmNhUPBXjT8aoyfob5,0,0,,
FjMQibN74kDTDVwGhMjoPP9YjsrGdULwnCdxK5U6Hxxz,0,0,,
5grpAJejHkwUaSRedSUw4vWerFGpgtc4gjVxu8GxuVRe,0,0,,
4KwJBSGtpoxGY8pUUEsjpModoYgRGgaqNEZHrd11DzsV,0,0,,
B9LtfDZWWRrihYu8jDN57thcqqi7xfWAvj8yq4o2YJxw,0,0,,
DHVUoxNqv3D7EgktBxUsxFF2Wx83hVDmD2wBBpUaw3jn,0,0,,
CREAMpdDimXxj2zTCwP5wMEtba4NYaKCrTBEQTSKtqHe,0,0,,
BNTY5DaMP9CZhEtmQfMLHfUwwkXropHuCz4m96YqpqKm,0,0,,
9EKEh1CHMKmyvBTY6qYZm7kgRJE18tCbaY1ZbpdELbVr,0,0,,
8BobtXuP8hD69rZTLZiubSEbmQWpbmaJwyoayzQYyxs3,0,0,,
8j3hXRK5rdoZ2vSpGLRmXtWmW6iYaRUw5xVk4Kzmc9Hp,0,0,,
BKipkearSqAUdNKa1WDstvcMjoPsSKBuNyvKDQDDu9WE,0,0,,
GYCVdmDthkf3jSz5ns6fkzCmHub7FSZxjVCfbfGqkH7P,0,0,,
NEo3D6MXRXf2iAfaqvZYqSmFkfutLvNjm86xmfGWNh5,0,0,,
EAefyXw6E8sny1cX3LTH6RSvtzH6E5EFy1XsE2AiH1f3,0,0,,
2cJgFtnqjaoiu9fKVX3fny4Z4pRzuaqfJ3PBTMk2D9ur,0,0,,
7BzULwTHqMCc9Qo7qVFn27UxHgb9SPev3EsbbmQ4YNzw,0,0,,
9ZLBKPCzkvDv85hojKofsogsESkJMN164QCVUtxvBxEQ,0,0,,
WNZzxM1WqWFH8DpDZSqr6EoHKWXeMx9NLLd2R5RzGPA,0,0,,
CRRPG57uFaG4Rbfauski7PuSRLQDMsoABtF3UTyhFraT,0,0,,
HNm1VgnyhaMZZF71RjNFNiYLN76zyZTDcBZPjYveWFXX,0,0,,
8XUTstViEpLfhxaA88A6oWKraHm8V444bnSq6hm79vYh,0,0,,
37qK4Nc6ryVZYfNFufx97nJU6QD2hskToSdgL7VXwoJ4,0,0,,
E6eCEE3KqjRD5UxcBYQTdV8Z535hyaBuFin9Udm6s6bz,0,0,,
MM7s2bggZvq2DBFyBVKBBHb9DYAo3A2WGkP6L5cPzxC,0,0,,
2ZamLCGLPSpP2MRbeM2wXRWzTEDhr669cFycVWgzBixi,0,0,,
EAzCTpMGRjFmGf4MaiMVNqv6KxQNoM6HEXtPZLEtEivB,0,0,,
8Au2WcQrgn1oTKfnnaFfb3iMjfdXYp7Y7CrHi8JaNSUZ,0,0,,
2KXuiuKwSxatUSN3bYG9i4Mg9T66PYBPAHvVDtiCfoLm,0,0,,
BgeRyFWWGHeVouqfHfcXUxmvfkgekhrXYVqQWf63kpJB,0,0,,
GXnw9YSt6DANCt84Ti6ZpbaXvrvuEJFCYqrDjygnq4R8,0,0,,
EEhosSQvC2yVDRXRGpkonGFF2WNjtUdzb48GV8TSmhfA,0,0,,
H7NbVyqLPHWC7Da49F4CLNTgfMfYq8dF9ktJW5wwH3Ck,0,0,,
unknXbA1bDg39nuBqVgMNZ5qSZa8pw5HditgkPe5eFA,0,0,,
BBUiBwwG2pLZFboPpbvqVXACs4r3HrNBaC73zzXspfYW,0,0,,
DfB1NY8Ftv3rDTnyffSVj5sr3ycFjLoUeNBEkTDvPQYn,0,0,,
E5qNsCX91wqnLQQ25yEHTo3eujWGtqLe9daJvejRxikc,0,0,,
3UCMiSnkcnkPE1pgQ5ggPCBv6dXgVUy16TmMUe1WpG9x,0,0,,
9pbVhTQbnM8ho5kwqr21EhWVehd1PfBt8tyBxeH2ttmz,0,0,,
4PhPtyBhmMYBLjiJPr3wef2syoMSJYn5WcNgXxvmG3NZ,0,0,,
3Dy8KFyvpUJ8nfRCbvk4HLWjNRRzxiVhTeE9PQF9RARD,0,0,,
DMCUFm2ZAnSU7UgsdVq23gRogMU3MEBjPgQF1gK53rEn,0,0,,
CZY2dDTb86ARthiLP47hpmEgX1h82XCEr51XWQ5GsZoj,0,0,,
8BLiujyxu5gJajWBXoZQkwSsamdeHNKWQbu1ApAao8Ps,0,0,,
8s9FCz99Wcr3dHpiauFRi6bLXzshXfcGTfgQE7UEopVx,0,0,,
buMnhMd5xSyXBssTQo15jouu8VhuEZJCfbtBUZgRcuW,0,0,,
93iJG6TY2bXb8zUe6gscx3fwvUCZPHVMCrVRg6uFz6ZU,0,0,,
3zD9zassLocyH6Tdj2NYXw6ym1jtgaM3QDkmeJNwNjer,0,0,,
AzZMJEE1u5cM2fVtPFp5K4jyL5988i72WiwQhLCXQTr2,0,0,,
Wurx1CQEpuo8ExhWaMYrz9KErXBrKAdz64ZoRKSjuXy,0,0,,
B9CDWgvxhXViZdbHkakdRGZXXv7AnpbMejtxYNhCH91s,0,0,,
FLLW9PtziXxtin4bvcVKbw1roFPENi5HPADzXdcjGbY1,0,0,,
7v5K9VFiqNTWnmkK4wofVfRzG7f7AGQ7WLXLmP91UibU,0,0,,
CFbdjaKonbBQTYG2GC6CmB7exofgDYGCDR8tp8KVGS7T,0,0,,
77A8ycvZQfwYb3h2Rc4f9masYfug1wKVRRJUPeMA7b6o,0,0,,
HuMShjViKhcfihmHkgvctcFAyeyxAk8hK5K58zWpuRKf,0,0,,
G2PQTxEooYBG6TcrJ97tFrBzyYoFiRQwwTwiAkTycpwd,0,0,,
3rkCq2ZAxoDGa3KWGebeiEMN92H5AV9HBLC9eVKDoPv8,0,0,,
45wdSjpSqZCk9mkqmq5Nh7beCEqqUJMJcVduwYCip5eq,0,0,,
MoshMwLkVu4iwrPBaWpYkh43qJiSXsnyzNLuMXFv5F4,0,0,,
ADQauiPc85ciT33JTTpxkC5BiTt6zYukWfDYPvZE7nBD,0,0,,
pH5wWJc3KhdeVQSt86DU31pdcL9c8P88x2FQoKEJVHC,0,0,,
S8v4cS7dnKzV6LYvzFPuuiWQMM4KSz7URuGYWMGXyTG,0,0,,
A3HyGZqe451CBesNqieNPfJ4A9Mu332ui8ni6dobVSLB,0,0,,
PRAxfbouRoJ9yZqhyejEAH6RvjJ86Y82vfiZTBSM3xG,0,0,,
sFA2de5kRsAmCev2WAoPCXbCKEd1ZwkvJ3MxPMojw9h,0,0,,
jWWi8vp5q8hcNdxQpqbJNMJ2aDpz5t8SoB1dkzYS7CL,0,0,,
A96PoNcxa9LMxcF9HhKAfA1p3M1dGbubPMWf19gHAkgJ,0,0,,
CJze5X3G3V6nqqrfeALTpb1HbkKvspjiUGR12rVchL3T,0,0,,
2qRHKgE9k7doshwy7ZfENuSHW256pDhcbyspDgU3Ek8C,0,0,,
BzwERW2s5brUYtt3jvobVQn64uxXYRrz81Yx6vYpJorE,0,0,,
6wFgUMohoSavTuEneDYcrb9qF3JsYVVXyB8jb3PaXCJ4,0,0,,
6CEH3RdzsubHF94fRuU7DWGNh5XpatXmu6jqJnh7kqfM,0,0,,
ELXRYrf8wd4DcyXDU9QPnMdD8jn2twg7o7qEtf5z2GBW,0,0,,
6GK4nhV3h2RDKmjY4u43N3HJWNs6nYSB1qSBnsj6a2px,0,0,,
mongopjRpUgnQQpQFiasgFLyo69YXUwFcw3hyqaN8RL,0,0,,
GDTVxsG41afjiJngZgFYHJkrG4PkTB9pVx7NuVsm2RcX,0,0,,
Gqiou284yNmVtTGVVM8guof4DaQtbrEDC4kgjNHZbbo4,0,0,,
ARg9wfeLN4qZTxgYTYeuGtGFMmYdk5zFhBuSnTfXXUvb,0,0,,
4F2yutcbkabE5MJoDvrDLa5U2re5HPABSCVKA7vqrKcH,0,0,,
8Jdjg3xVNAAFdiDbFpWF2FX5dYwHyw5j3Myvgmzrf7z4,0,0,,
HtbhBYdcfXbbD2JiH6jtsTt2m2FXjn7h4k6iXfz98k5W,0,0,,
Fg3NLKzwfnhtiEjnbn86wcZiGckuL5bzf61JGSqFi4ot,0,0,,
Eqekt4QF8zy9X6MZn5JUa6YYAz5MMgo7ZV5ZyX7YtjJW,0,0,,
gJtYNevehYkg9VeEaWWKztWeFt4WXdQFihMXrUMeKd4,0,0,,
48A1pXHvottXTf954CMhZyoG7MdFjngLJCDKJS6iJUth,0,0,,
9ihuaebHjvKwpWHXcnQoYjvxA4qHX1fy2SuYyCZ7Rokh,0,0,,
FeEdorXhQh5jsr89XtD1s6txNkmXTPu9hhNpaYvPiQGJ,0,0,,
YtfMZ4jg2ubdz4GasY86iuGjHdo5rCPJnFqgSf8gxAz,0,0,,
5i8C6n4VbELnTHtES83aqeh16uPiEyve4jHr2QN2WhSz,0,0,,
B6NyNs3k2DZm6XYNL5wyC8sWEkEL4S8eekonRaSjjD7B,0,0,,
HkCrU2Vk5kGvvPUUR2dirjgAx3TbyCPYXRZbefwzCyCp,0,0,,
4o67Pazc9fNqEfQM66xqWngw7WdAUzsccdpPmKsANDg1,0,0,,
32CHtMAuGaCAZx8Rgp54jSFG3ihbpN5brSvRAWpwEHPv,0,0,,
4TT62MBAWgE1m9hJ7ABG7VvgGvnth3eXe6N3MB6xKSqt,0,0,,
7FntsntzGjK9PzPBbHLDJAFcKQVU14d2SbQZhgMUf2KA,0,0,,
HS2DanDUPKEnkzXDywtQKAqWKbWte3ahvwMhcfBJjGai,0,0,,
9yM42HMJnN69rhMGr8nCYSRtFxjWTWm5Z6GeucyLBEHg,0,0,,
Ma4dse7fmzXLQYymNsDDjq6VgRXtEFTJw1CvmRrBoKN,0,0,,
NaFJTgvemQFfTTGAq2PR1uBny3NENWMur5k6eBsG5ii,0,0,,
CBV12y1pehFbhdnDpUfgPe88SbUZ5G2s1kLA449Yu3Ad,0,0,,
ChTE6TCqoY16dvqPjgK6Ji7zHcKricB2DHLoqWzx5v9A,0,0,,
EmvtEzATa3n766yxojGZJmpSzkTxsCdDSX2zgRMZEoaQ,0,0,,
66edZnAPEJSxnAK4SckuupssXpbu5doV57FUcghaqPsY,0,0,,
D3eyBjfgJMPHZyYDRtbf1cSxeLiNwKumwHzQK3h3TRRq,0,0,,
de1QJkP1qDCk5JYCCXCeq27bQQUdCaiv7xVKFrhPSzF,0,0,,
6qQnzsoH89TWZirgZS9AJN3NrxS7Y4K7oNt5N93E6QDR,0,0,,
6cH34XtzNgCDwb7NFbiji1a1N8F3FgmXTrFxvzBZNVui,0,0,,
48AEwauAHsJibyt3WqjQ6EoHnFBcnyHASfo7vB2eCXPS,0,0,,
Hxk1ns5V8Lq41wzLjvq8pvNEhGh3FcCTWbawbj5SL4jj,0,0,,
DjPt6xxMoZx1DyyWUHGs4mwqWWX48Fwf6ZJgqv2F9qwc,0,0,,
7MKpy8PeNjQM3i4xWzGiZjDd97mq6m4QH6Q8jrXnsQ9L,0,0,,
ELADrKrvyv7mtQ5DbCvPDGogn4fcApH3jDeTy2qpfhsA,0,0,,
3uNAevHamuZKKQdtdLzmHNvqD8r14tXUUXx5PN48UbYC,0,0,,
7V5AaqHTwiySegaAmNPLekQfTAoK4WvEVgfi2R8V44tB,0,0,,
GM4CTEsNsU5Kg22JNKkANTannrBU9Ah6SNa3BcyBA6Kj,0,0,,
4xDPH7DVtDXA2eU6wp9BjhryfXEdxBuhe4hnEc9yz1pJ,0,0,,
FV66ygXAXXs556MQrofx89y2WUGt4G1NWBXL9BZGi7kF,0,0,,
BELEkfxRkTdNexHtsJ8sk6RBx1ZuNcQmfpkKSNgq8S7N,0,0,,
48FCZmKZw3iJcvuAMMShWRSimJ9DN2BBN4exgRpTp5WG,0,0,,
SLNAAQ8VT6DRDc3W9UPDjFyRt7u4mzh8Z4WYMDjJc35,0,0,,
BLAAD2QLUgRSbQ9AB9jqAoHh55cGVcSBaCH9JGBh2zDX,0,0,,
3rH1toffQAELHo5vyRKdwEFxhPTZA7ocfRdJK2c8txoJ,0,0,,
7ScYHk4VDgSRnQngAUtQk4Eyf7fGat8P4wXq6e2dkzLj,0,0,,
Gro98oTmXxCVX8HKr3q2tMnP5ztoC77q6KehFDnAB983,0,0,,
4cSZkVz2S9qZqng58zd3gcMKmSZ864GAzcR8ezH1SHhw,0,0,,
4NJ1L4LHSbJpk4h4rHQnJNKZbRSYticS8sQVPbGHsj33,0,0,,
7FvaS3FZ3RThvFeZspkzszF9hj5Zp6SMrxjkoz74NfX,0,0,,
AAXng5czWLNtTXHdWEn9Ef7kXMXEaraHj2JQKo7ZoLux,0,0,,
DCg5GuAyxRwtM2VcSAJbgHesi1XqSqV1FAtV6T3VatcR,0,0,,
BB33fYoeBVA2uv119be9tKvmXeuwtcx1W25N9KFNd2ca,0,0,,
GKNr1Gwf7AMvEMEyMzBoEALVBvCpKJue9Lzn9HfrYYhg,0,0,,
DrogoV6nuMsCGfhqcVMCVxGZASajgXoxN7ytUcRCQgQs,0,0,,
6YAXGyWb3hhLVQQ3vqg9ZYewXk4Cknnr1raTfDwbf8XG,0,0,,
4uRn7vxRPWYP4HuAa4UNXwEPLRL8oQ71YByMhr6yBnL4,0,0,,
5kANAUeHsoambmdV317Nhs8puVxfukyChr9j9TZ8ZeQq,0,0,,
DJafV9qemGp7mLMEn5wrfqaFwxsbLgUsGVS16zKRk9kc,0,0,,
8XkS7ZDPR9zXcNcYR884tBScnQRyFcWRb7WcLtCR6zEZ,0,0,,
AMzmwvDRKdt5AQ3m1m28tWjzBxmQNe1PsmHnYitVZwzp,0,0,,
bonegFPgrpZ4bfVn3kQK1aMbGYddWtfMAywNt5LsuVE,0,0,,
B1ock8ufjvuEPo4eDhnTHtY1uzk2TLg9zpoLnmMpa3Ht,0,0,,
AhDt1FnEt759Tmxwa61E9FQhFnerPwMDTTt7CJjvog7L,0,0,,
Dphg7WWPYPKMtVyxBJpjwP2sG8HBkG4mm89kX1jgKA2L,0,0,,
2V1AVjDVM2gZn72ZufG2HfFHDKXzS5XaCupNeKrdcruT,0,0,,
MGM57zGF6ghF9Aax7FfoPHfxuoLKuEGM6twJALyCFqx,0,0,,
m6XGr58ATHSS7BvThRCDkqnsAeXLhpammhCrDo1amxq,0,0,,
YAWtS7vWCSRPckx1agB6sKidVXiXiDUfehXdEUSRGKE,0,0,,
3HVG8MLMAsu1Rd7gEkQ2K7HrsjpzV6Em3hp5Ug1V3ds1,0,0,,
8RSyhCxFKYVnr6PGTgKC9o86AjbQjdmLRZjYJjhdTdYH,0,0,,
9oCf3dx1PoSP1tnhNS6LBQXzixU1vkzNHvFwY1oFCD8M,0,0,,
2HeykdKjzHKGm2LKHw8pDYwjKPiFEoXAz74dirhUgQvq,0,0,,
5EbpXhW7t8ypBF3Q1X7odFaHjuh7XJfCohXR3VYAW32i,0,0,,
Czt7Fc4dz6BpLh2vKiSYyotNK2uPPDhvbWrrLeD9QxhV,0,0,,
7xfKgh8vtX2RrZn21wFTQSP9jsjh7Fqo8P4igYfmxxD3,0,0,,
5X6AuKY8QF2xzYUEYYCxf9t9FXhuG76hHJNAB8qUbKqz,0,0,,
GS6E87SLTioRDG3uSVRwQmuKKMxDmWU7fktCTJ5xkEM8,0,0,,
GZL4yjPohDShW4RofJ6dEWu2Fv7qEa5mBT7Dpje5hqe7,0,0,,
2MtPZqwNKTNsBoFCwm4ZTWk3ySz4LSd82ucDGeTk7VNu,0,0,,
FmoKY2ERGmE9NzrYphAJcqH5BPRy2Hs4VomRfu8Qgt7Y,0,0,,
7s6NLX42eURZfpyuKkVLrr9ED9hJE8718cyXFsYKqq5g,0,0,,
5VQnKaTu522jRQyaawDNBKZjBa5SZoeetyDXEwocYxXN,0,0,,
6c4L5nTH2sBKkfeuP3WhGp6Vq1tE4Suh4ezRp5KSu8Z7,0,0,,
FBa9rai1T87DKPGN23Px87QXy7u3XBxNy4ANpiENmaBB,0,0,,
AxXoJZhSfeVUe3qgFZTt4NwQRJB61pBQAHTdWTN9PNms,0,0,,
tABbYiZsg2msMsPx9wZeJVJpBdCBdGBKDMTuy3XnH2V,0,0,,
DnYLfTsnLMYVdDhnZuzekdGf8AMQ3crDR2qRfpHRe47i,0,0,,
AamY54CmEp9CFLKCxy97x2zxhFvqSFbQuZRhLz1mbSjm,0,0,,
6FLsSkF4AqQeDuqEmGPyBZvVebc4WWWntnZP2QZyBzG8,0,0,,
4bgRUBC4gPoTs38TytDwujhcdn7reRoKynecvK7fJ5VW,0,0,,
32gaR4rn9JyzoDVwMzZ5j3NgcHc5RQhMSJby55FFKnq3,0,0,,
CzXF8oUJSsB9ADKV99WAi2TgytqAyKvQw6EihwiL9em4,0,0,,
EHinbFyVA4VckqJ54wxFXHWLxCCYCKxy62oVtRDTCoRD,0,0,,
14r8dWfzmUUBpw59w5swNRb5F1YWqmUnSPgD6djUs1Jj,0,0,,
EmzYLb3fwhjNp726Na5zLdhgrZjyC8GrfNGyopq6731w,0,0,,
3ZYsJZ7wb4hNEkfaDnR4JKT6Rok4hEfbxjGqDA3cRxGS,0,0,,
5Wgco6reiMwazERpAm3JS1xD7JBHNJJQdNEE9MrUkwtJ,0,0,,
9XZR8Y5ZbRAvbCMMzeoSPzj8haAaUBaa9XoFBDHJAy2Z,0,0,,
Exz2u9EhSXzGDef4v8bfXVjcUbsFm4kMKoXxn58fDUSa,0,0,,
LUSTdLASZy86pR6V5VjMpXxW9oVtCQt8q3fJ9iHZtPY,0,0,,
8WTN3gDKgk2xfYoBZFjyBhek9DaMkqVMeSU8EcfUhHNU,0,0,,
WCGXaSoSWgwBwpFzCq42eFpLFemLTCNPrAYEQt2eVmm,0,0,,
5R8Ai4pQuzteR1Y5HxpscQH4Es2JNWcQZbMmu9RpZwoR,0,0,,
BaZXh456atM5Fh7uWcbKeTPGXbMCacoxwXhbrM8eefNm,0,0,,
HAfTjdSjZiquZiAkmsYBmcFR5NM7cP8HtMqjQRk8eVTX,0,0,,
DhfF81uahANRYQ4rn8VZKSGVmLE4k2nzccgfZMazmLJ2,0,0,,
2Tp4hCJ24aRnsLShz9U96VtTSDHuaKL7eD7vj8Stvxhn,0,0,,
AAoJ5eYd61QsUBRBxjCcAdsQZpQYxrob2wS4Hzoaeoas,0,0,,
invYVY53mcmBtf2RbVudoqKDyAgZGofkLYodvnQwQep,0,0,,
DHbGBhZc1yLLgpPqAzr7KGs47oCMfbg2q6Fmg5NCSM1C,0,0,,
MMAx26JtJgSWv6yH48nEHCGZcVvRbf9Lt9ALa7jSipe,0,0,,
5yw793FZPCaPcuUN4F61VJh2ehsFX87zvHbCA4oRebfn,0,0,,
52WyZe1pfobyq6v1t7KAKZWePcq9Aj2Aa5kJHuF2KHDM,0,0,,
3vXYrqQkKpebReDPUaD1CseA3cWiqfxgPuKTe5aGL17U,0,0,,
9CzmA137fzLtdyfaBY63Sa85uY8ZvBiX3MrAJypzsDGR,0,0,,
3oePHsi4fhoyuLAjqXEgBUPB1cs4bP9A8cZpc1dATS9c,0,0,,
H3pWoh5Te12nHYVSQm1vQC6aAn2EbADj8zit23jP2jX3,0,0,,
3vHSsV6mgvpa1JVuuDZVB72vYbeUNzW4mBxiBftwzHEA,0,0,,
765R1rpPGVZKKJZPevTp5b2dTAHJZNX4feTiHDEqj7JV,0,0,,
7GNyprqrpvJHNwzWSj4KVkqw9cKyV5aR3ehM2HeE5pw,0,0,,
AsVNhq2nnoUgMWciCvePRyHk7xAv6i4ruV6oRHFWBcwF,0,0,,
GVsdtSe3E2fQoP3TzNT2M1VUchJ7sBmDBuvBZmGDGvmB,0,0,,
ToTuLunrMF2eQtvj7p6UtU7Jc38mbZZ8do21fg61Qg6,0,0,,
hone3CJTYjczb5nJh45KCNMkjrKMt7SCnHkWGWsVfVu,0,0,,
B87r1e6PsztnS5fHFCHhQP86dtd9ASfKWCUytLBpudLi,0,0,,
C5xtJBKm24WTt3JiXrvguv7vHCe7CknDB7PNabp4eYX6,0,0,,
CMdr2YEhJbnf82NSPci8PdG1zfViQPGExbbZoy5LJL7v,0,0,,
DhYTJPmUa5kQZfLgHb1soubgaK4VLZMxb8CTNY1vZ93S,0,0,,
4vXidyArpT8fyQTmfXfMNHitj5ay1Fjcnbw9fJLL2zBa,0,0,,
JAa3gQySiTi8tH3dpkvgztJWHQC1vGXr5m6SQ9LEM55T,0,0,,
3GfdtDnQC6mjkdr9cEaSr9mjS2VnSYoVypQiT2PPRBch,0,0,,
CfzXjG5VCQqZ7H7hxnoZZpA1MdcGSThcm6aaipU3M46K,0,0,,
GP9zY2D8CgMreoUdYQjyn7Fo7XCq9ubVnX3u4ot1wpgt,0,0,,
fujiCeCeP9AFDVCv27P5JRcKLoH7wfs2C9xmDECs24m,0,0,,
2pqRgpTLSJRgqBaBAQBBAqfLsdjqWic5bi6S9UJazyaT,0,0,,
EP2aYBDD4WvdhnwWLUMyqU69g1ePtEjgYK6qyEAFCHTx,0,0,,
Hi4WKXqmeoNVz8Nf7pxCCQrdFfxdLDLGFudHXmV95oU9,0,0,,
Hero6s7zJXsw9hfCXLVR5stLqgCok3E7CCkpQEoLAk2g,0,0,,
CdcRwbFuj3YNJYdfUqh3hnxFz1fuF6he1Wgz7JvZMHda,0,0,,
5rFmh8C6Zj1VfL7ogB6PyVDnQkqsayvEPsEbbkUPX8f,0,0,,
BKydRTNdaMJ8B4zPva3YhwUQcpvAsyZaGJnKA6F44fX7,0,0,,
CvzmN4HEMt2R9tsLyCV26yV2sT5tgD6nAHd7TNtWvHXq,0,0,,
Y71XaLmJPvuPY4h4LnTZfFgSR6vP3qCxGLpCx25JTMA,0,0,,
E6oCGvmSYW7qhy7oeDfiNZLX6hEmPCVxBC8AknwAj82B,0,0,,
Ct7mbdwLmdFC6zgVRXFidvvgYbtGo2icsntNSSgzxoLs,0,0,,
9LzCMqDgTKYz9Drzqnpgee3SGa89up3a247ypMj2xrqM,0,0,,
DkGCSjkUHKDPM1hjcMM8dGNDPnf5nrQU8fvsqvQkVixx,0,0,,
EPob4xUwQY1yukFcMbAhaY4Tgo2nwgkAzz42WYXKs5PR,0,0,,
Ch9NFVk5sqEPQHtw2gJVgnHfTm7FW1JspYwc7SxLi6q3,0,0,,
9mXZ54YnJJRmUN2MaMEtWCfFyoncP4ZhKz7U9DZ4JY2X,0,0,,
BnV3XcZUbNsuonNKqkQrZSvCN8tVYTJtDgfUx6DJ9riy,0,0,,
F2CcdH4uXVL6vwutkFMtHWFaj87dYSh9WMWNqzsMmTUG,0,0,,
7sWMHQaJJPn1rkeizq41iPiW5gG7Ry7PXYAVHaUwY4qu,0,0,,
EmPxJRmDU9y3kh1XcrzDXYRUpHh875eSWKEA529eCGDN,0,0,,
3JFC4cB56Er45nWVe29Bhnn5GnwQzSmHVf6eUq9ac91h,0,0,,
5h6ssFpeDeRbzsEHDbTQNH7nVGgsKrZydxdSTnLm6QdV,0,0,,
993dVFL2uXWYeoXuEBFXR4BijeXdTv4s6BzsCjJZuwqk,0,0,,
BTsbZDV7aCMRJ3VNy9ygV4Q2UeEo9GpR8D6VvmMZzNr8,0,0,,
FZxUbyQ9oeFiSDaabw8KfAWACsDMQhbuxR9vm2Rh7Ewm,0,0,,
Bwfe7DwmEDvjEBZGbQnDU8CrwZsuvYaed1VuQ8KDTGsS,0,0,,
EwHqbMUMX33JjWAhxSg9vsX3miWqncsgpnAbqn9nhJwZ,0,0,,
ankhim7kPXxLKVbW1Tn7vH4mLTuvCAqHjhkKuvwWJ7b,0,0,,
EK1rBdnucX4yf8JDCFQEC7rTejXEUqsjazDxHZaHSKT7,0,0,,
TX2FnsJkWvAyjSRoEZsCkDu4ViwZDEYMehiT6U6PXKj,0,0,,
8ZepSXp47WFyDK21QbvMiiKVWRHnGrAegiwDr71PfGi3,0,0,,
ForaXiBD8K3a7C1PwxV1xqDHs5aV8y8nWRmHebafdkes,0,0,,
BtndwmZJ6QSJpb2dQFm9VyuaQPfKGFB9NrLXeY7rHvT8,0,0,,
97ner9bBhnmbg1yZXMh85WNYsYSLTqUb4RvyMttD57fh,0,0,,
XenomnZ7kLQxfENcKKpfC8tov3GoZiW4XrDmPc8HRxd,0,0,,
CKaKtYvz6dKPyMvYq9Rh3UBrnNqYZAyd7iF4hJtjUvks,0,0,,
FMJotGUW16AzexRD3vXJQ94AL71cwrhtFaCTGtK1QHXm,0,0,,
C57GUQaD4qJcUpQJWJuzz9zQ8ySQuEsfuksFhV2xyhxq,0,0,,
H1QvHLhmk4rL36FBphnFUaQszf6RHGU8RLptPSuPcQwX,0,0,,
Kir4NUgYeLoHN7aBjNTfiyn3vHwZVKiyhBqN5RYBqnA,0,0,,
8yiekaUUidqA8bQ5QuWGNgrSDCnZVf5te6ZykGeY8roa,0,0,,
seedEDBqu63tJ7PFqvcbwvThrYUkQeqT6NLf81kLibs,0,0,,
76DThuyLHagfkm2ssYw6Lv7k3MYHx6tXcwPBLU9tXm4D,0,0,,
WoLFWyFspu68aHQeKRbgYPma6H16cHPXErJK8o3sczb,0,0,,
4xU44oSF32sFXzTG2PRNhsxJidLegyGTGV8Fmu5grLFy,0,0,,
SGTdtpAiPU1Fg9a3DqUN1852V24sfo92ePEHpyqkrSN,0,0,,
55t1PfJngPgMS4c4HeSHPy54VWfkMEk7XBQhSkdz6Cm6,0,0,,
51AA7ktYcb8yb98Tfrhs6TaDjr7cMtJVo6sEMNe87mNs,0,0,,
8JnNWJ46yfdq8sKgT1Lk4G7VWkAA8Rhh7LhqgJ6WY41G,0,0,,
FZTfdpD9DzgqMDjgNrmShDsyd5MYkwQ4k1jLq1ecrmnd,0,0,,
AZci9R148CU6hfnnE8ffm2K5mkxagbnTAZNQF5fLbvHb,0,0,,
32iV3tk9bDgf2nBHVMbD2HgZnv4vccDZhrDrK2eUkmJd,0,0,,
6Dujewcxn1qCd6rcj448SXQL9YYqTcqZCNQdCn3xJAKS,0,0,,
4mJ6N65rD9w6sFPQ17UDWot2H64UtzR31biVLaKpZT6J,0,0,,
78ZnfsncDVyhE2HVPe5LscUrgKsJpwP3wJDHRF2TuC1v,0,0,,
AR1AwFBUTQ2QNrKaY1vAMmHqqwQWGfX3bzxSaqJ76uPd,0,0,,
73rd6Ekp1bTYzV3oBAUeL4vMDAnHTdiXhCS5pbnh9quj,0,0,,
HRyyRN2GY4yxrxCx5bekuEEKvFqztr42eVRY5UdkYWGf,0,0,,
Gq5xdBxA39rRN5GsnJtodAnkqvFDQ4YxkEG3N7rS8XHw,0,0,,
C5quBbSnDjLpdVuCQnJF38Uw3arfmHUNCPGPDR2L8cyh,0,0,,
8TjgDMv2Esb7YRKu1ESZv5vtgD1WqFKmzhPBgsLqwEGG,0,0,,
5fTwKZP2AK39LtFN9Ayppu6hdCVKfMGVm79F2EgHCtsi,0,0,,
imbaePRPNVxBhTLdSWpdjYbXiPWc9spNTz4xKVkZfBJ,0,0,,
AGkFkKgXUEP7ZXazza5a25bSKbz5dDpgafPhqywuQnpf,0,0,,
E8bT8g4so2zPnEoragg1wLCz29VXddqjf1acoG5YwTJA,0,0,,
FLoD6AwcJCnbznnWfV6HkBHh5FYtr8wJYj3mBnwNdLLg,0,0,,
9GnYb1ukBUKHobqpmNdzBE7VkYn7wWqianpKaYFPBChk,0,0,,
aosvsUetSY7h7hSYXPR3oCoVMpo9GeL3Gtz2aqnua7p,0,0,,
5pwyQZnX8GkabzowWtFHNeKER1J1omrAdJSYqjtffaQZ,0,0,,
HHjoYwUp5aU6pnrvN4s2pwEErwXNZKhxKGYjRJMoBjLw,0,0,,
7HGJwFyKC5wPLZ9ctgVSgjBARJ4dZrGCjMRQmzWwe277,0,0,,
75XracgnqjPeuexHKWQU3bBcXMZG6XLDF867tKB1T9e6,0,0,,
J5gLhk6mmQ4PSoir1Ufh8JY2ytEHA93YupzYiTFVCgcL,0,0,,
2ikET9vxPYEf28XwpqRewFKizij1f1KqgyLqet8TMUsa,0,0,,
EXQgN2S5baFSqBR9XijnGvtunemdhhj2f9p4K9NW4Y9F,0,0,,
GH9urVNhVzEvQFAz4NGWrjc3raGMKSmU96GV7s3QwSfq,0,0,,
5cPc4dx8D61JrbHqVZ8Ywsf2L6FeBMRmgstg1mWc65Ti,0,0,,
CmAgr6XtAZsR1BGrxTrbVKXsVvvC4Y69GXR2zP8XxK3X,0,0,,
32NkWgx6KaLpTEYb9ape4XNWff1n6Bt9rsmwepiJzxop,0,0,,
KAT2oYwjN2uVj9gubM9VutCFMoX1Wq9eLiwJJEpBEX3,0,0,,
Frog8vt6gmuuUuuerd7ispP6yavssBUtMpEP5DCEuUgD,0,0,,
yvbrxE6zjrA8SxxSpL7oojDBB5QDmF5CVqJWea8JcQE,0,0,,
GUAXo4yYqY335t9esybM4wDPcDeAc7m2mW2xQ2svXzy1,0,0,,
PaPa6D4Rys4Lcj1d5csabmDv3QdUE2T1QQ6sWNgoeTa,0,0,,
8J7yrjW4JsZYiLUMWxyHu5V1bStvFQ7yD3jHrkTk88wk,0,0,,
aWXP3vpT9MhFWDoMEYG5ssYG72dZN5Cb8cLWDLLThpB,0,0,,
BNTYkJdHkdP9eH4uGouRkqz9RifYL8knHVVVmBMgcNzx,0,0,,
SuperbZyz7TsSdSoFAZ6RYHfAWe9NmjXBLVQpS8hqdx,0,0,,
6YeTi7npbcyMZRqjVwY7zxW53iE39rMAzLErn3mTftAc,0,0,,
76aYNHbDfHemxSS7vmh6eJGfjodK8m7srCxiYCrKxzY1,0,0,,
FLWRna1gxehQ9pSyZMzxfp4UhewvLPwuKfdUTgdZuMBY,0,0,,
5cKFNtooCQSkLhdFukk8R3PTdT4Rvm9cJr8Et49TxchR,0,0,,
61m2xv1m6zTEAS86VfjFmNKG1ZGemNu19hzMmgstowLZ,0,0,,
FtgGSFADXBtroxq8VCausXRr2of47QBf5AS1NtZCu4GD,0,0,,
CWUUV3ym4Uphw4CVgkpNxrR7FsttF7h7mLggEUJ1J1aV,0,0,,
FsAXvJ5wrCoSh3cQvdkuceUsQUjLtRcqgoikR9jQ9FBW,0,0,,
FkBRohZpqx2c7zxe5cDhNq3AoFo2nPJus3xtdz9CvQmQ,0,0,,
DsNADnfdnbCyuxE2mWxVu3GmAAiqVfaw9xgMMfFGRG5r,0,0,,
Ghj7ib4VJC592ybwpMK75vaX3fRu1SqtkXYMd2pNywtK,0,0,,
CGBxTQNXMmmCXAPm4dC9MQJ1q8JDDxApwFwW188SdtBu,0,0,,
8KzT4VfvzULfbyAE8PS7qzD3zNv6v2Bb4sKMx2v4Qu8e,0,0,,
9iz45n44TQUPyoRymdZXEunqvZUksZyhzS6zQ7sLMadj,0,0,,
A4MgR6ANAh79AE1csJjXiRV2vYDqP8wgSUUp28HpDEyo,0,0,,
ArdsPHY5LsCjvxSxZz8f3vTkv5qoYihmCCPMYvr6aQza,0,0,,
icex2Fy2KtXjfiAAUEHLPHu7XKDLvwiyVUPP9PNpSkF,0,0,,
Ek1wxugWrFimo8NExqzYaGDnikEibuUrkEaWEs3z2aTU,0,0,,
CpFE715P5DnDoJj9FbCRcuyHHeTXNdRnvzNkHvq1o23U,0,0,,
EGiWZhNk3vUNJr35MbL2tY5YD6D81VVZghR2LgEFyXZh,0,0,,
8x4nE4MNzw3zhpiAB4MBWhXz4iGxNt9Q6Mm3dTdPSRyC,0,0,,
DK6PWMyuZ4NMjsm9AWNCTMKrajQYrtfMjMJ3QauX2UH5,0,0,,
3aAYh35n81F8HPG2QBdE48aYdzGFj2fsLccg91X4AcRc,0,0,,
HJbNXx2YMRxgfUJ6K4qeWtjatMK5KYQT1QnsCdDWywNv,0,0,,
HovGjrBGTfna4dvg6exkMxXuexB3tUfEZKcut8AWowXj,0,0,,
DF4tgv1gDDdciLZe3HvhuVm8LL9ZqvZxiZ5mUzMg6eSs,0,0,,
3in9a9yHtdjDFRjDyGTTpGUwJpT9zZBcyjQ8J7nqqNtq,0,0,,
boomh1LQnwDnHtKxWTFgxcbdRjPypRSjdwxkAEJkFSH,0,0,,
27nqFZqb2iPBeVA7bbE4KPZrJgi3dJdKV9VzhCguSy6Y,0,0,,
HuManQDs2YtrRkQu4www48fFc6mz39gG6u2vUT2U9B9X,0,0,,
CY2E69dSG9vBsMoaXDvYmMDSMEP4SZtRY1rqVQ9tkNDu,0,0,,
BRg8CLYEStYAFQad3CVMCYy1cgeuvUnarAZLV8K8Hyfv,0,0,,
GdCb8jMB6mhsoiQsSoSbt7YDQzxjx4whdPvzM131jFCC,0,0,,
2ZLYEWypSrQhruqsTDqWNWuzFXe5G75dX9PoHQWtKZ31,0,0,,
2VFkmFpyFm9DMKch4UdrdyY7WHLGrWgwJLAdKwHd5ekY,0,0,,
B1nrnT8LvkxqJFw3A9tWoXCpbLUNKYkn8gW8qYZoTRaN,0,0,,
EH49ziLeKhJtzUzdys5238pSKpvrgJvmi3EStrZ9QaY7,0,0,,
FADvkbzT3JY1gFqQRoaMyipfy6GvpVhbVfn3q3om7ZVG,0,0,,
99Q3AfFWX3rdidoQCnAPPoZFjsaXr2AAk65RUgxiwfUi,0,0,,
DiWunPY8GfsFthdDAwiRRtCgKCB5AEcFx9edDpxZoTyo,0,0,,
CNMvWLKc8r1wRrQ1Xws6v43x5ttTnaf2pccLkUqsfXVf,0,0,,
AKxR1NLTtPnsVcWwPSEGat1TC9da3Z2vX7sY4G7ZLj1r,0,0,,
w71tgPPw37F7sCxxq1bcT63D3dtV6bJ7MUD3q7fpLqg,0,0,,
N1CfKy2UEQmvQeQgELMXuHX9KRGQa6ayTrYUSqsL7TG,0,0,,
2MStv16MMiSTGu917stHLsC1ZTUW83tmrfVjUxfx2Ev1,0,0,,
9jWgVR3Q3QjfmaXNiZ6jht2K43W7sqkn6tZFeoK9B48t,0,0,,
5WWRMYPchxgh3VmYGPqoq2kfzCtBLxXB9vFH2TeFeR9m,0,0,,
8JjBJdV73zPPmZvkgC91ni8RsbXWTkhpuSdxeZgaw6hD,0,0,,
HkNK7BL5pSUUzc6ns1mHW5JnzbSG4S9u2QdR3cUuyzSa,0,0,,
ApgNFHXMsY9qM8yaaSVzqX7xtbKkGjgo64NLGuf2hQjW,0,0,,
nosXBVoaCTtYdLvKY6Csb4AC8JCdQKKAaWYtx2ZMoo7,0,0,,
8z4ghJPp3ccvEtuXZbceGRfoX7AZHhcdwiapYzmsxmyC,0,0,,
8EDaoeBqpcVACwvkYXh1vAcU29HiBiNhqoF4pRsuUsZS,0,0,,
14AB7dXTdiNAwqAtWC7NmSW9u74SkCXU1X6DSejxkFEg,0,0,,
6nKUU36URHkewHg5GGGAgxs6szkE4VTioGUT5txQqJFU,0,0,,
J2beWpqSSoFXzzotd9uWQe9xSHZkszAntjYD7xCdnu1K,0,0,,
GrTijpVPz73pvrAeMYW7RUZZw6ZcyUGGovAEdRu5dgcD,0,0,,
9A6dgXm79ASFyG42tui86F4gQTC56Ydw3mrNL61xhdr,0,0,,
A98UDy7z8MfmWnTQt6cKjje7UfqV3pTLf4yEbuwL2HrH,0,0,,
CbDwU8JrTYv3GzU7msni8qtfFkAGpcyFAzuhuGq5SVqp,0,0,,
6DNkUoMa6vNo3CsxAw5XMJhjmdPbPBENHJ6w35eMXESo,0,0,,
938xXsPKhBAXDLUfWNYuZdsnj57oGF6fCz8P6yLom19f,0,0,,
E6UU5M1z4CvSAAF99d9wRoXsasWMEXsvHrz3JQRXtm2X,0,0,,
1SSBwC8hxB4GXzKKU4ENNpST7zgpTmucDe9NoAopWXX,0,0,,
3FYzcJvLeQubLuAgacV6sDu9Ye8Eg1vFYpCxD3ogp74M,0,0,,
7osS84AkAG2TCrUvrE1wfKwfAqWTCrHnaCsrsyVJd5pY,0,0,,
AkhdZGVbJXPuQZ53u2LrimCjkRP6ZyxG1SoM85T98eE1,0,0,,
svtMpL5eQzdmB3uqK9NXaQkq8prGZoKQFNVJghdWCkV,0,0,,
9QXAu7FTf7hmswBQwKxvuqGgWH42FyQjqXJanUt6y4eC,0,0,,
2NczZKqiEtv1CCufwBCLVRCh17w8aHAhvyGTU486KMo3,0,0,,
3eLpKZBgu6pKG2TSpvTfTeeimT294yxV2AEiBKZdY2ai,0,0,,
E1s2muWwiLT2n3EQUL27hgviaPRRXWkpXD7ShpfgRvVz,0,0,,
AAPGc83HcJmeUpgnQvGM1VTqta1KQKdj6YJcfqgNRgEr,0,0,,
zmFoYNC3CuGY1VmgAcxXzfLMnSMVZpJF6RGJU5vDxvT,0,0,,
2DDyLzN1pxVddhkgZYJdJH6YFUbeSVPFZBMSxcLswwap,0,0,,
674PmuiDtgKx3uKuJ1B16f9m5L84eFvNwj3xDMvHcbo7,0,0,,
3LKZU3iQx9KM94S4uYRdYwAHTm6odDyzGQqTBNj7J27z,0,0,,
6MeoZEcUMhAB788YXTQN4x7K8MnwSt6RHWsLkuq9GJb2,0,0,,
8WDJHzLR94ZCiJdkeGHMUY3TdWuryWgTGgWM9XRCbUG4,0,0,,
49jpm8SpyTwaGaJfUa4AmU28hmW1HoKuqzXkgykysowU,0,0,,
F14Cp89oAXMrNnaC4mKMNKHPWw2p2R4DRFAZEdJhUBkD,0,0,,
4nQqJkBx3Dnovc6ueEdkJfFr2zi2fc77834czmoymR1b,0,0,,
4Te4KJgjtnZe4aE2zne8G4NPfrPjCwDmaiEx9rKnyDVZ,0,0,,
7z1eQmEhhM9e1AVCBQc6BzMZWmCZRqHCLJtkDgHxzYnQ,0,0,,
CCKDRAd4Xwjoovtf2s1duu3d4TPTmFRyh1hfrb3ZUGR2,0,0,,
2Dzzc14S1D7cEFGJyMZMACuoQRHVUYFhVE74C5o8Fwau,0,0,,
Hq9MuLDvUAWqC29JhqP2CUJP9879LfqNBHyRRREEXwtZ,0,0,,
5xnRrqoyoLBixNwjVet6Xb2ZTyBSXhENyUWj4sqzRGrv,0,0,,
DmXfDUeyRJqnpvdjssGgUXwZrRFPXvu2DfMq4jfTTC9C,0,0,,
v7bs339b8oqXgYGJu4mX9cB8tZrFVSozBjW6QZZKE3m,0,0,,
2cW8Yosn4tSYJYjfUkcpKnYBSMYDqXfJmQXVu4RJzBTw,0,0,,
EjSwAfwi4F6uYtoi2WuCSYSWPVUPJCdemmShZ9tdy65P,0,0,,
Hmatmu1ktLbobSvim94mfpZmjL5iiyoM1zidtXJRAdLZ,0,0,,
Digi7SnUD9ddiitEqkNfby1c4BfkgokFKWu9KScbizes,0,0,,
B8NrYG3ZGbmDS6Xv5PUSdpJmXor9VvtxibvDRKNq3rnc,0,0,,
6HKq7SoHESuDz5ZbjZqgQkhrTiDFTfQdJapavMv7DbFb,0,0,,
SCYfrGCw8aDiqdgcpdGjV6jp4UVVQLuphxTDLNWu36f,0,0,,
AfXLBfMZd32pN6QauazHCd7diEWoBgw1GNUALDw3suVZ,0,0,,
2TxM6S3ZozrBHZGHEPh9CtM74a9SVXbr7NQ7UxkRvQij,0,0,,
Caw4P6ypHsU2grSUHEUPAKa2g6g5qT1YRcQDJXLRMfDr,0,0,,
B6aJ3TGfme3SMnLSouHXqWXjVFqYyqj7czzhzr8WJFAi,0,0,,
DysbQiM8nPdZbBhvHM1EgcSE73EwtFWDanXwY8CDD3Jn,0,0,,
AmTEnQM3e4ayErAsbmrgTdznpYD4bN2K2RghEb3ZENT5,0,0,,
8StwRjjYtPQMXYDSEM4amjNfYaxXjUKfHBLUxWBgyypX,0,0,,
Au6EdrSDubCUc34awy9c6iQAg5GSos9pPBXyZQtyZewV,0,0,,
DZhUwiHsKDNDwF2J6ibnCeULrjwXcfr8nBvpRbAHXjcC,0,0,,
5SZSVgnQDgKKxtCe3UA3x4T7tcSRNDaL3NmfdEqpuLzo,0,0,,
9gUTU6idUX5CD5Doxh21YdczhaiAqKKA1BSWSPMVqKDN,0,0,,
2geYxMQ9o466tQ3JitUVR5Xmuk4a11KXs7ZmSX1hiSJp,0,0,,
3e9pHUxa2nvAqso2Kr2KqJxYvZaz9qZLjoLaG77uQwB1,0,0,,
7tE99RKS4RwQxEjvZfh4CQMoQMMTRdL5KQbugsfhNYPg,0,0,,
BebGokMwTrFp2wRV4Z5CftVq7pvgMbj176VND3vTVSKJ,0,0,,
76ijxiMkj4DX8q9QMtqpzTxFnT4KPmWv47sZf2kKoVwk,0,0,,
3KTkQJEMJXP741EJBFcAS34Lx9t8GsBYaW2BUUWkeyDH,0,0,,
6GVGRXC5wf7NjnTQxaqEZErtdsHupke7Fiz5pUG5VkkM,0,0,,
JEHHZr57hJ7By3dL74HB9G9R77ZrTvDr1P2vSjQCAewF,0,0,,
7SZUnH7H9KptyJkUhJ5L4Kee5fFAbqVgCHvt7B6wg4Xc,0,0,,
GGFNWQ2oEzYVPu1kGSjXZWfyTibnCGJfqZ7uPx8Jkj7B,0,0,,
4Wk4qLfLEXFTJqH9zn2LBqccorX2K2rjV9UwyujjUByW,0,0,,
HPeWNsBtYtfMeYS6Sqwb3uvDvuarekCnrjCq41XqMQdf,0,0,,
GzpRsvnKXKz586kRLkjdppR4dUCFwHa2qaszKkPUQx6g,0,0,,
CmSryDa4mnDYUicq7qSESsTKAdgBP26jSYcg8zavVoJd,0,0,,
GWTipxSJVPmmW2wCjBdkbnEJbCRCyrhL2x9zuHRPPTj1,0,0,,
3edUPhBRqprSVdEPheVsFYb34eYPq4xZrYjN6v9fqUrd,0,0,,
HKfs24UEDQpHS5hUyKYkHd9q7GY5UQ679q2bokeL2whu,0,0,,
21vatMcwZz53Eu2EUDCS9xoZUXdJ9ABMTQYNMKKkzoNW,0,0,,
24WQvWoqJuTS5LoqeBJpa2smqg94V6iqQDWC5cPd8tve,0,0,,
CQkTVkohEmyydNPNPH82c6aNPeXE72AatrhZcbntiAfg,0,0,,
BXVR8wqs8ixPMHnuUq65buJQmimwG9WG5pNKKKBRd2S4,0,0,,
EswgBj2hZKdgovX2ihWSUDnuBg9VNbGmSGoH5yjNsPRa,0,0,,
CcM2KGSi9XSkbg1mR1szTee2BDazbnW5Qy4prw9zJHFn,0,0,,
94jMUy411XNUw1CnkFr2514fq6KRc49W3kAmrjJiuZLx,0,0,,
FdvkkCbCgYht1xTR1W9MBJhEF1JEPVhHtW1NXBYRzZts,0,0,,
A7rqejP8LKN8syXMr4tvcKjs2iJ4WtZjXNs1e6qP3m9g,0,0,,
EMDHtMtgavzFSN3VZm5276TBSB5F6xzisuDQBeaBTHif,0,0,,
BTr4vcG6kNfvMknFKokuaA4BUTJJvDNtB2qLHNyXgML5,0,0,,
8G5KsE1X6CGunTn7ikWF2fopq5KqkycZ1j6ArHAzfNXG,0,0,,
8TcRREqzJJqtUFC8eCtXH1St6ZMCTNsjGzn3Kps84iBc,0,0,,
2fEE4jwfvpyBaysHTEABFAbzSPzYui2cBCqdRDPFLMRW,0,0,,
H4TUqCofSg5UbbafGnCEvjSXtK7RE1Wmfu9mc4Mos8JD,0,0,,
J34usKXUTz4aCanKftng4H3Szo2xg2hDbPFs5nsQ7adq,0,0,,
Bx1CTbx6M98GpkU3LWDnAzjwBynACK9X9uPnUVRCXpZN,0,0,,
FYa25XnBsXQXAdTnsyKBKd5gZ1VZhChBRF57CqfRxJZX,0,0,,
DKXrKtQFUNAr5Rcq19CMFzYgqynJ3uJ78bux4fsPty5P,0,0,,
E2x5XH8eHkZGiaA8mFicU5CoGUJxSRKiXjEW5Nybf8Nn,0,0,,
4eRDCkzU9petW5LrN1EAqvTXodQUPsUcd7EyppgFZBEg,0,0,,
ABNFyjH1gGQihPXm96uwrWbQqxY8ZkKDvg8P5hWW8Avv,0,0,,
7nD5pzRUjmqXvFsE1YTKwDgd9pmA1oB6DGeM3tMq8QbZ,0,0,,
CcxcQH6dauR3hHPyAKq5GzZEUg7KexFfmicSq2ay8xDi,0,0,,
HFAsbBiyqW2uVoMKf65unx2jB9MRzjb5eN9FS4D7Wdbz,0,0,,
8dSjuFNMpyat26Xn3sBtgBq2yWiEBfzF4Y8axmPWtnbR,0,0,,
HF4b3Ttibi67z7McyugUgiQUc2Z3XRECTY5QFYiqbZXF,0,0,,
4d7ibU4t7XYq1NC1kSQcBEp9UU1QsUaWtBJPwhLjeBYz,0,0,,
6tQAEKzJ3DuC6f4wXeJtAWsXS2EHxEJFjgYcu3yqYRZF,0,0,,
86Ff2SSr2picuA5B4YqjeEydY4VjEMKzsxi4cFDeYnRY,0,0,,
Hw1VrbuyX6PNLd6XX82VF2qvZjoHvoHjkhknCeR3F8S2,0,0,,
6SmVjoRuZuH4H2R1QzCB3Rh8BGRvM34iQba53Mf2m35A,0,0,,
2moxKdXKU61fmmX6rm3qjSFuTfkuuRULFLbAPhsTP9Wc,0,0,,
GVZQS3tyRtETtW6Cuct7CqFbfyaR45fWpUjiWj4hxNrj,0,0,,
14pFLh6Cqcp4mkU8YmZvRas7JF5khDJfuTKdcMvJXT4d,0,0,,
A7Mu6u5MqGDTZGCnqysfhimTx1TcjRxTE7jrSPyTwqJ3,0,0,,
Hi5eQ6TkmVvxZLn4nAxMei2PhhJcFLoNBgpCbjxrjPTW,0,0,,
GTH3wG3NErjwcf7VGCoXEXkgXSHvYhx5gtATeeM5JAS1,0,0,,
KDriegomzHbJDmGkVWFuXrZWfpiruauhMSTg7N6WZvD,0,0,,
EVa7zfLvpFL76D45AVrMv3YnUjSVJUU2xFhr8hz5TK52,0,0,,
7anBF8t6z51NAZQYfYJGy4pyW4E3SR3ACSAnCXcC3LyG,0,0,,
B6Vmaz38w2znNc4YJJjGJ4zqx81x5Rmrp1MN2EPtMFY7,0,0,,
EJBMd4F7LuRvm7BATum3zr8XUA4RszyS6UWyK6ZANAwy,0,0,,
EHkR6KiLwqYVuzVHkudYv8ZT8aSZoU1FNCkx5sEk7LUx,0,0,,
43qVcTDepAHQ5gwwp9qJt4V9R5eKGKJP4Ue19hiigQrE,0,0,,
AgdXsYFUNEaDLCUrYyXjohLH6z5YQsEZ6EDQg4UTCz7h,0,0,,
FvVDc6gZmYho6DLLuJ3ptHS6rxb797Cxf1insiUnu2BL,0,0,,
ragep9hzhfvPqKHWX5LauAK6Bc35bciSMxHCimgWCzf,0,0,,
JauVDNYJJLyFNXkKCs2bNEsN5Zbv5Hu5D5KJhUgqfKk,0,0,,
DVzrCErBzydh92bBzSJX1dKwVvb4omwhrvNz8CwRyxxV,0,0,,
4stnB7LsLNyxMHWF19jex26SgLgP7MDkQskij2FCqgwF,0,0,,
rj6XsoaUUPA1Z4qMYTExspm3kxuVZXf3pTu66E5ySYo,0,0,,
9gwTegFJJErDpWJKjPfLr2g2zrE3nL1v5zpwbtsk3c6P,0,0,,
EKpQGSJtjMFqKZ9KQanSqYXRcF8fBopzLHYxdM65zcjm,0,0,,
2nkpTLLccoKJt9HR6rMUbA2w4mknBQkuaLUQeCAnFRZo,0,0,,
95mFzbDT1YqpnbdqY85nFbvFoy5F1NMdj9kJKJraGGZg,0,0,,
4xKBhkxsg763H65n69ebR5Yh78FPBUuMZSxDBDx5osdz,0,0,,
H5ti8rLBe5aPxfLA7JokQHmHdobydXqkdWFdZ6U7M1S8,0,0,,
6oifwMdUyTdL9Sc1XNumEDcieNchPw1cysiEF1BMTWzm,0,0,,
GSLZBS7EAcrJnQxGnQaDTfiJmcg1FoTd7vEC2TNaeac1,0,0,,
3yFurXpurT4WBBKiiUq25AoxUW1gWE2MpXagyCcsN1DV,0,0,,
7wWXCoDP4EMzfmyUU4npMshh7PEBQFeRikS5rEH2QxBK,0,0,,
3StvQMsTPd9q8Pd4dvAiHzA4XUsWBV3Kd2TV9ygG7fgb,0,0,,
GDBijLHbZn6apJDnf2U3D2rctUtAM27EgH2MFnDRenQs,0,0,,
DRBDVWYygdYchWkYyFBPhKR5XoR6AbkDk1Y27TAgqSf2,0,0,,
Ah6p5MKNevNa3Swcx2vxbcgVCme1ABENY9H2DD7Ee8be,0,0,,
56mFmMWJNuVQNbkAKJgnNZXzFNYvNL37ZpiHruSEz4fX,0,0,,
9sS2ngmy6b3wjtdMTkRQjr6cdv99Bp3djpVmUMmdRZSV,0,0,,
34Sg7q8qXAGPyRGgRCLbw8wv1gh4fGX3qMu7E8N4db9A,0,0,,
EZRkZ7CEXdmEjsAT4X3HMk213JRZQqQkXeActaJhmLQv,0,0,,
48HrCaLNEe9b1J1e7BK5J3LDPWsp46mDUkecRHwcsZH8,0,0,,
9kF78U5whgTTdKmBsiphWfavnVMErStFg5ZvFYByeBGu,0,0,,
C1YHyqnNt7seUB4pt951uVGn3e6ZBkR9AJe56SBNmff4,0,0,,
8jPA4dUfhEcCPUd1cnXpTwsTZRCF2sxTfguQszJZjFWZ,0,0,,
Bz1vsT3GkU4wH6EUJ64SBur8Z6HANbWq7VkAhzKRzdKn,0,0,,
6Ec1kR3iFZoGfwHQc2g9o3hvrEXYosTbdsyhMEMQMzUt,0,0,,
2JB7nPmG4ciBT74fp2dzKAmSFpyCfda9MtMeTzD2PvL4,0,0,,
GC3QvdxjJMH7vZorax19jc6g65JNXdEs8MJC9sZewVq2,0,0,,
3nufmogFTTXJH522oxSB4jkQfAz31Qs1RP5Ucai8vDNM,0,0,,
5PwYpEUWg6zh7uTdxycwSkq7HbD8g6q4Pn9Gys4ZQXfb,0,0,,
5HpmrkNHPJwVW7pJohBdQc6Zy7Y44R6SDNU4SgQgmRWk,0,0,,
9kap1wvbrKuyozxw6RqhkCrTT4ZFPsf4Seg5FNZpha8q,0,0,,
8DbyTcRhUa84qJyGUURwz41Xx5EAvh6kWFxqWD75ZaZ8,0,0,,
9mk9KHxvNp968URfYpX6XKixJXZC3nUY85hs6DCC7Yo8,0,0,,
ABhjw1ZcWKAm4CqJc1tmRgKW5t41V9JknjX9As5TjXT8,0,0,,
ANmuM4MkSGYkQjjcDrMonmCBqR2xwkBDw5FuVUZFUcvs,0,0,,
6fdCC8xfrXNy6PmNaVcxdEY5XNCTAha2V54zYYnmBCey,0,0,,
KTMEEZDPyYiJmDeiy8ChLcWHP52jhzMG9g6FQrYDTf8,0,0,,
DGBDsvWuFiPsby9gud6JWF5viG4NJPijgZWkuQbM2KB7,0,0,,
45oAYTp7uMnj1kPV7H3MvnHYsNw4ZNpqcoyk2h6AnBhM,0,0,,
394TG98WP3Jqb3gACo7wwKjdB6At5MjweYwJdkDXDmpu,0,0,,
gxNuJSHRScR7WkzQEYqvxVditaKkcc9V32KXPJLCbcT,0,0,,
7gtzMg2Y14egjjWUPh8AoDvP8fRiL8ByfK63f5We3yug,0,0,,
GTAtwG1HTuggwFDdpf4T899RqPnJrevEqKRqERij96GY,0,0,,
HTo4ns8ft6phtkAokq6EVhaqfkg85mSQasrAy5xckAsD,0,0,,
CZNdnxfzVYm5q32btxJfmxYYgTc86Z237xHHGQUWBK6Z,0,0,,
Ax2sjLh2MqyYPEtNX4g4rZ9oeKMEjbjMTovLoM7XiGRc,0,0,,
CXdLgHkJS28zdykUwYQ2ahRDxQwpmchsr6nB8iftmv8y,0,0,,
562W2R6aFggFGZsEsReJo89GEAJm7XhQZWQxHuqkKHBD,0,0,,
nboFcw3iTL4Z34sdXfMmqhk54HQWFVsiKtxCsg67YEt,0,0,,
C6VjKxV69RovJiGgAdvovyiGXfbnfQAtYW6jsrD4fLvV,0,0,,
4cbtcz3NyTVAGfRtieEQVt6YSjWpJ3dwNYAvytrsNyQx,0,0,,
Dr9jxcxj7ibbxxJY46HF5puvHUBVDD4xWusjQR95mzhv,0,0,,
LVdwFm9KVifYzx9vjy8w9w9q6uuAw4UwYCvgJkXATc9,0,0,,
7sDeFSeje2KQmvSJxNwuSteyLYgPLAtgp8GhL82Xjk7M,0,0,,
8hvSpayS6rxLeCDjZBScHnw6Po1n2ooaoFJKZPn6NcVb,0,0,,
62BcSQ617CPdtyReMFgvosbihYN8boTVJTwgWowmhgmb,0,0,,
BLF5s4D8CoeyBhWR6qJN6cKoDf1k6DxMaurThmUjvk2d,0,0,,
4MPD7cGs9746SkZnqhfRigNmpNq17EgTt76YHKC6GEbN,0,0,,
AyCRTWhsP8iN9YzsrEFoTGvfdvqKLmFKbJcMrMtGQfMB,0,0,,
GDSL8VhcZP2Srb7Bihh4UKmn2BSEuY4p5EfPvALFa6wP,0,0,,
J7mTyTALcX1bXtQRzeGdcWoZRtwRCQKPCwb7oGjcP8uR,0,0,,
8eM1Qr3TuncvyPig9DroRfeGmi5tHx9WxhVSrL2HPep8,0,0,,
BhArNCw8seLahqCybKFCniqiVZ7NrWoyJBHBP6uPhKof,0,0,,
EKCW975DWdt1roK1NVQDf4QGfaGTcQPU5tFD1DMcMe9Q,0,0,,
3J4rFuL5fyBLY2mzB2S4KjgUPSeeVSDSTXBHRSq35oK9,0,0,,
HDFUUPxXfqXtDNn8yxtJ7iEgJEPtFq2d6jnnaP3m3Sxy,0,0,,
BGo9LuWJ3Bo3oLfeFJ7vcfiwhDNh2mjmi16idwPmdZZi,0,0,,
4oH2y9p4BzNHt9BqLXWvJvGQt4EkZHTcGhFicANDFxnB,0,0,,
8WRAisrEyrye313MjNeB2fVAQRAovModQmQ6R1f6RyBo,0,0,,
7Y6thKkXGZPLceEBKGWdTmW1FRcY1BEWfJBMiPmYtDQC,0,0,,
3s8aPrgT5PAdQ5wNWMZHBYXpKhAGAfWxWCTCGYX38YQZ,0,0,,
HtKEdMqAqUHuGqFW17zb2mnPkyNkHpYo6VDDP7k7h9zT,0,0,,
DWSNg5Luxw8Kd5M9p3jYjtajRj5eR5LutPygM8PTiwCW,0,0,,
E1kvzJNxShvvWTrudokpzuc789vRiDXfXG3duCuY6ooE,0,0,,
6sWet5H2qNpXnV5CwxSmRThx4z3uVtdjHqRB4VyMkJ8Z,0,0,,
2Rj2BD8juGu5rA8z68A5TBT41zu98zf4hsCeuFZVM2zy,0,0,,
Cf2gAM3psbyFmdGMCdCWeDg9L6Lf2RrKENsi5WEgRjwo,0,0,,
F4Ufs77b5tpYTHq2pGxKFPQoqXTwxce1kiMtbnxGgQYb,0,0,,
EsLVBSCqghAW1NJB2EWJyo5Cbsex55GRL9oCTaf7uKtZ,0,0,,
3Xz8msV25eExZTvE41hvxNAecw979hqEDqzjm89WdqTr,0,0,,
4jZXkSNgTQKCDb36ECZ6a2aNzcUniGcDeXgTdtM2HxAX,0,0,,
GCH9oTiy7EPvLXctut9i2CDR6CvNSeyVhx4b8dBk3dgi,0,0,,
8EoZyaGZQpQDXDfjJPi58TqANXTwT8fbZqLcgF1kRjvv,0,0,,
31iQsahfa4CMiirU7REygBzuAWg4R4ah7Y4aDu9ZfXJP,0,0,,
3acxNNmfdKKZj9i35P4VDBFm74Ufdt8ojKWceVGynwC5,0,0,,
FnXSQ7He14roUVrn9aBrGZtvRpqHHMb7oCQBq5rsYpwU,0,0,,
JCjt2wiNB8xaonfiiLhxqoEVmoUyu33z2RLW9KH8o3mm,0,0,,
CZAtE6zBu23Aufos3RtXmd1c93KeSMCGRck89ApNZcB5,0,0,,
6L6MEhtPQgQ3PX1GxrdJQjNtd8LtuDK897GQaVCx1E8p,0,0,,
JF3DmzvEfxsy5oQtwsCJdoxMub6MhsViuRT8UPoUYqp,0,0,,
E9D79Vh2mdniczdpAzAyi3CGbKJxWnstaeDJ9C3Nca4B,0,0,,
5VQfQiU7idZbeACb9NKZZ8EV9uCX7q4BqWLLYpm7i8KV,0,0,,
6DismrzXB8Fh68cC51B4UMFjR4i635RgmYZe5QSq2vLq,0,0,,
6DCbQr3FUbSDyxJk4FLAYzQ1Q2XiT9g5gZin9vuqHTP7,0,0,,
3inkwQP2rb8xP58Vy2Jb3kKSh9ht49dRvAqZV41YHkCy,0,0,,
2NWAa9hvH6Lm6vAaYTkraKGk9fjbzTMyQ2VS8iCxef9t,0,0,,
CQf6KxKeJEJGmkZPDn7MoQcrpVq8gav2yYcP8cEZDyg5,0,0,,
GyupZrudrxQnib2vniigQiSiC19bu6k6heV555XeoMQM,0,0,,
GnuHkVhJ3XgBWq96MjB9Eh7qWzUEATknCwJQgxDH36cC,0,0,,
BdKpATfRZLDVEKiAgq2FggSESTdu3CjHbAqpYcca6rJH,0,0,,
39sWhYJ292cVyDtJxGV5q4dBRsPm2qhPfcGtm38kBHUy,0,0,,
6JTmopmbtstVHxAJf7d881PHnRMLPWDdydEECfKAhCBj,0,0,,
7EYnhQoR9YM3N7UoaKRoA44Uy8JeaZV3qyouov87awMs,0,0,,
G3gdM3kYCBVN2FpyBj4S9rSCvNcX3QftDAZQfAKtKwut,0,0,,
J61MoDbxbvpLqZ55NeVsUkCTM9XS1CutBSBdtcyHEJq3,0,0,,
5i4heHHhqAacAaGa25BXAwNzb4VbtdJL32VYEykf5Ecz,0,0,,
EiCdh3LqrgvMYYfR3Q68uG6uzTgKxXmYiiw2mWr6JS6w,0,0,,
2GJWjukXpdprkPYUbEAo6rxheHZ3dLUMin2Ev55oevTh,0,0,,
562DWK9R7MjSyJZJJYXhN9yHN3aE2UMscdZgzk2x1txt,0,0,,
FEdpaZ1daqnFZ2xH9KFGVdkT7dAysCPfCx47NsnYBgSP,0,0,,
5WiGM63e1vCnqsXtkV4JbABBrAu46RQ1v52yPchVXTrU,0,0,,
BBkGWg3QyA9r6cayRJT3zJYXdj5QSqTvNSUkR4WzkcG,0,0,,
C48bYff1Py1hqBRqhLBbx515GzeVhywBAxH2JvxUwRkR,0,0,,
FvZgpkXmT9Tw11AN41dGXwQPXHhJS7mYgbG5ypWPgsXp,0,0,,
7xdvJigYgKASY1BPKvJNwJNigVEg6P1Y97JmfggoZmxt,0,0,,
GaqKFCDBQmRZbStsWLjZcfykPBS7jTUF92imeuRwvdJY,0,0,,
jtojtomepa8beP8AuQc6eXt5FriJwfFMwQx2v2f9mCL,0,0,,
CKca74fRVkZwo7Dfk1GFdXe3WLhzXpnnbESxYranTcYU,0,0,,
9NdifHQgYxr4CE2jimYXnF4a8qZ7JpCg1fZ7MkyYLzSz,0,0,,
UYTKPLyD8PoAoih3VHy7qcD9zPGGnk22noC3i9fRVE6,0,0,,
GA2ncVMEv1kCeJhtfAQaxrmCWYP2qjshf6K3DiMS3Fwr,0,0,,
38G1CFRzgo6DvtKbDep5UmwVYZjsro54GZrZkBYbodTw,0,0,,
FEzeonhVCNoJeVdqthq2aBWTVpFwG4G4oX13eTkFhs3h,0,0,,
G8feWTXvAhZhxiNXm6odRiSt5UpBNwDSuT6pC9DkdpHa,0,0,,
F1ptnCzf2MDueDuEemht7D5H2UY3Kz3yJsq3ZFSBJTNf,0,0,,
27G8MtK7VtTcCHkpASjSDdkWWYfoqT6ggEuKidVJidD4,0,0,,
tzSy1V4b8yaCKzJBzfKLKW2tNGCf126fwHVmvyizLAF,0,0,,
Bh2rdYarPG19J23gBwjxF4A4xV5XfPTn5bhiXJJMMTQ4,0,0,,
B8LY87x6AFZ4hhE76uVwyivbesSF4YJQxgLAww6yMPkL,0,0,,
EPHSrF63fwPv2iHVQQ6owTEcWt1U2sf6VHJs5L48vtxo,0,0,,
Dm46hRE4GiwzAjiuBZwQaHxT2cSF6zbSFHKt4jTiQWJF,0,0,,
SXc56YouPdkGXn8WLfYuvDrtHosN3znNPirYyZPTXEi,0,0,,
7jjZxSrCEDVoFGsLYoSkPX334hgR5fcz4SHRcPZ8iuXR,0,0,,
9gzGxiN72y8fzwYZt86sfgvVaWYbon5ynRVMnLnUCU4K,0,0,,
FAjot9TioZKoRtDY9Fm4n6FjBa6VaDNL6SCT6jXdZCbU,0,0,,
5ccJxf17anu5WrpHDmLK8iRBfY3RnEMMpJUBemdEUqnm,0,0,,
97RYzYNqwVQxiCokY3cr3ZyW7mn3aWC9VpBQKCmWjTEK,0,0,,
9dDvFqDe9Zxna8XN4mYs5urK9NtgvPPHizyqaLm9NrPa,0,0,,
2nySY6oEaoZUaw1rvXfznrQohgbNk8xRu8qyu7AWkiFP,0,0,,
57KwaoT5xNNsvLiVWs6FJyuRnNJfWac2kaKYMdVJfZL8,0,0,,
CciQLKjgAg59MoEJ9nTegRnBchd52BPNmKHjfwZxA4bE,0,0,,
GJwXXQz6Ddk5i1xu6tLDTpYJeYuivoZ55tdTUgZee39o,0,0,,
7abMjwmZvQNKQ4xM2G6ijwK4LnqnUBHqb4WD7LYfGGoF,0,0,,
DcwhK8ddaeKBxrbBGtvL2vZpyf7DJN55Gk8RMpkgdGkn,0,0,,
7cGfXpGxCKDZoxS5L6B6Le9QUTc9iBXrRAJvFeLZfoZR,0,0,,
FrLvQuxj4tWxsksfGhFGMzxnypToiZ4tL7KAp3vdqF6p,0,0,,
2q5abp3zo2vd7yjtZuykfPDUwTC41bYFsLqf9DwQqVCt,0,0,,
YAHKnYg7xuNx5ULkkzakcn4MQrFy41xsiiao2QhyWc4,0,0,,
EdYtFA5WsPJv2i8nL8kMFrsdnNvBo6xESaUphrod51rD,0,0,,
AT79ReYU9XtHUTF5vM6Q4oa9K8w7918Fp5SU7G1MDMQY,0,0,,
5yQGFHA7kyjYm5sxpHiVR7MHiyp52tDsdgk5U2BYLzdJ,0,0,,
HYNXixjBznoCVMTfHq3Lc4iQg5AuroU2aFGrd8sCs1VP,0,0,,
62hptRGxtnRnDQEH8QxnR3oMDz3XrsiGDTK2vmBLoYPo,0,0,,
E9nnm5DmtK2fdo39Lep4VMqHJgEVj94TK5Lx9QRpZ9y2,0,0,,
5WCiRvSGdsu8EuRXqRQofjg2udBYrDMdz8fobQCHpp3n,0,0,,
8qXNk3cQN7WxD2GtVSW3NqkZ7qoTttqojvwhJgQyUyy4,0,0,,
Fh6RLkMdHCNEJ2mAr8QygUbJ7S9vmqK7DhMquSQcAq46,0,0,,
Gny8QN7eJMcpQNgbZ7CPfXsUpzt7axqxbYLvzN88seBw,0,0,,
B8aTLx77AP8V9TFhn6sqouecqBWXPfFtnQaiR2rinSWc,0,0,,
G8Fdja4fdJ8Cn9jsRf7yqrB36MYyjiZWWhcZF9cdxTUy,0,0,,
GQBsYBoFNp4XXpaxH93DbH8gf8TFVnSfnfcaQdmPJLsN,0,0,,
HvUFTc27kDGpfGra8H6rNb9Tcri5NQri2oQW2vqNzzT1,0,0,,
CVevDVzkXqaRTwmAfxE1iDNDeQGhr9dNzbKDvD8V2KAZ,0,0,,
5Gd5vzFS31oSb52Jegvncrhr5Bt4MGRHqz2NepyJZcHh,0,0,,
DxWDprzs4vD6ucCb6ry8VvqEVTEEbMnjbxXJ8qEeyVzq,0,0,,
Ea3FR68KaTX4qXZodahrDJATRXVcgZGgThMTpYwsN21q,0,0,,
WmSpx4hj7aRwE2zGa4p3FhmfBWC3VQqZdNG6j8cYRMj,0,0,,
9bBMUBwaea7jaKesjcobCJUcnAyqbPrtU2cUxHsB77Tt,0,0,,
9f692pqHBfEcQz2EHWieaLAQHTrBb6LkHbMEkVkZfN2G,0,0,,
66qzvRfdP7JRhP5u5oPsTeiQY932QyevHnTRCMDx7nPU,0,0,,
6XF66kNbiA5QnRmR6AitNhBL9DjBhtvAaD8uAnarpZvR,0,0,,
BYXHaisE61DFNjVLAvS236HKmmXwcpQFdbhG2LbJAZMN,0,0,,
8CSTYs264XFrGym2WLy6QGgq6isxU8G4Und9q1gVbbbB,0,0,,
HbBCVb5QVsCHEU1MBckW2woVg74twkoVKNAn4NP2eGHg,0,0,,
73bu7cNTWskXf7mST5P2wSP2jar4jadUBuEuodmabDLe,0,0,,
59btj6DS1c8qzzdFsiNZd7LPPHEuLz44D64AEKEWRrng,0,0,,
HGjkPMg8TLb5ew59mLedmN1vg4DKzKca8KywDdVnQMht,0,0,,
MiXBGrYYBU5Gp2dDYfZm1b2sf4FiZris3UidQqy2TtY,0,0,,
KYAFhoAXyu9LShR5vMW2AXsNVvws2bV5ftVLrvV3aAd,0,0,,
EDV2TpFBKJgBK7ryyTwJpAw8pBQDRUCPv5NoWPpoqDo1,0,0,,
5cq9hwbtXhD6LybdYCbYErdehVZZPS68VRV8RRxpGaYW,0,0,,
FYzfGsMha53qKyaTV5b6dhc4SWok4jYPJE6RfewEVsLx,0,0,,
2yhcYMw3FKYTEmY3vHfZ8JLqZhSAAZL1nDEABrf3YHXn,0,0,,
F23fFqpRNsmWjuUrFpfM1pvoVvMSpLuN6hY978Y1JXLt,0,0,,
7uy7HWV8NjbB118aP7a4Z83dCtcdyjj8HNuhPb8t1cRM,0,0,,
7hgCxNvMA1SdzLLrars8j6VhwRrY1XSqKFU1LQjsTHZg,0,0,,
ALorvhsjcm7qSePeMKmHmmRcQHgt2VZTK4r9ZWT5sF6x,0,0,,
3gVB7YPsrYibAEidLF7t4sqezfpY7dWbNs9KzAQajsDc,0,0,,
3p6RRmYpJmZR3LTZ3EfNJXwBNuuo8yC7VTm9eeuMjQo5,0,0,,
DjsWisCW9PcSHzJgbCqNLHoFezAP6QufSrj6M2pj1Bqy,0,0,,
BpD8kZ2DdKpUej5LFhC2TRDGB2cG9wPgDyF4VN4SabBz,0,0,,
AebrVZPfSH7KPAxPwnuqTZB9QNepdktk7HSSY4SNj7BM,0,0,,
4RvPzwjqej1hsUzUHvJVVfSaoYZYYrh5uwA4zbEwRuZu,0,0,,
5upp1jR4pQCnC9VmsWjqaKxV79c9pJyWhqYZ1h4iPqAq,0,0,,
2FprjEk4MTSY9CxpKuENbGDdy69R15GHhtHpG5Durdbq,0,0,,
CszrYxPcBG9AzsVskeAdKmB7Zgqd11jQ7VsA95vxJ718,0,0,,
7pcmYMiVfzrJ1DppFCXJGatZqPhfGW5fqTDdDzY94AaP,0,0,,
3oBzUq391Rq1vbWba1yQECrLjC4CtUoGqdBzsR3fsd8q,0,0,,
FjWxFAKpz8TQmU7KFhY9AkHXuBhDdGp2XkGvXAKm1YP4,0,0,,
Dho5f5naz9Nsum7e7mSFMhjZR8eLnEKJbjv69kLFm9C2,0,0,,
FBzEVZLwJroFygLGCJxPsbbPuQzoybuCM3m3QWaGcMMd,0,0,,
dPqsgVn5CG6bARmL7JQKY8egydEmS7skPDXARUnGFS9,0,0,,
4PGZtmVrbRqAuGmzyfEGkFp8YXrdk2BSFJ88uKeU6E2S,0,0,,
2jNhtqnehWiqELnoeBuMxspUMP3skig2Fmp1H1TnGntw,0,0,,
xfm3Fvi8k9km7daNw9fCDTnoJT2bBiKwc84KMmbcy8s,0,0,,
AnfUfXbHCriH82d8aZwXe2N6zJistnSKhgdV5dajmfZU,0,0,,
GDfnEsia2WLAW5t8yx2X5j2mkfA74i5kwGdDuZHt7XmG,0,0,,
3iuqbEkpz4uciJAG78Bk5WBrs1mLxdrqquh4MRyGUuv2,0,0,,
EVaA1KctXG17xSgWbdLGhivLfGbTYPYMJbxKPHh5uWbg,0,0,,
56i7tbD6ztYWT2DEEiJS48EJm2kmK2HDxAzxcHn1unm4,0,0,,
Ft3qT6FDHmryA29HzYpM31b7NktLzcDNC3aDWmQWnwWG,0,0,,
4N4GbbdpfGeMafH8LUBAmrPPpmkZwbKDW4MUQ322G5uv,0,0,,
42Nx8vcskzZzNpk4Ry6a5M32RRwroEx47wTMp9LtEyko,0,0,,
PKrcdKEPiKsqXxuxmzT3FVbsi62WZ85uBuNb3VNEhvw,0,0,,
DBcHeXLBFV2mtEJq89rEgdYLEx1Gx5QJx8zdSKHcEPPp,0,0,,
3T8YMrp8yqiiBroSDmXuHbunQEk3iYjyRT4g457UUtWS,0,0,,
3WoJHGNAcQpjuiT4FqbkqooWkcCMKC5oYDTWjAM9cMmS,0,0,,
E4jLTGVtUEZp3rk2Q1JwRJrHiiRp8L1EeEYMxLLXpouv,0,0,,
6wrxwWaS1oa4PAqpBUzA74AK5kCfR1HrBMEpfE3gBmGG,0,0,,
4mdJfTDMNGDNWmhvvwGdqhDLUsCFL7dHvKne4NEufzv2,0,0,,
CzLWmvjtj5bp9YEWkzzBnuWovVtogeuchFu5GeFh68hB,0,0,,
48QUuix3d7fBPnPqDSPcRkaBtk7bcaR2G8BFFxQkCw5c,0,0,,
3de2yRhtD4VbJBb8EQAQffYMPLU4EnSHT1eveBwiL3tn,0,0,,
9oRvaVodFKgMJnHygkctCu5f1caYoGbVsSLZtqH5UJ2W,0,0,,
AjGapzi6M7ctG5NPk6wnMZsGMPgoT5Qvof1g9rvorVY,0,0,,
A71u3icbBMbLY4N8Pk8iX4oWLGsaqCfDZsaY6DyaVE6q,0,0,,
7qoBPUP1jmYzqYRAA9rYFmv3GhkbQSTb56VxTRo2C9N1,0,0,,
AeMdb3RVeacxVyPaiKiFdcCneCdMdU2pK73mCzHe1jkR,0,0,,
2x8o3hA5S5fBxCSE9hzVTf3RohcMWHqkDNKNEPuzprD5,0,0,,
9uNpceL2FF4hTBwyDoA8vGfDycBs8JxUR3KAHCFnfhFJ,0,0,,
6RVwd7xVhXnX1VsZUiuvhuUBJX2gqH6umir62R82up1d,0,0,,
sFCzXeZceAyVLCBoQHsMGb85iCAkBMXJAR4TZvteB7J,0,0,,
HnJQM9A2QK6HxMUFBi1YTda3RowcBFEqcUpu5HXYeUZ1,0,0,,
EoYJmAUZzBKwk7JbKqAwWKatEqtLPK8w9pSvE7FW9dHG,0,0,,
Boyk9ywFfvVAr7fH8bUpTHyvhmWYWm1yqpnn8hx3iks7,0,0,,
5xxTRSF9bQAXB64en2hqQJcbLEnittyUGf9kD8bd8PEf,0,0,,
2gcBTcYmkjGREV7ek9i7wvTtiT8hzaor9Dq937bzsXh5,0,0,,
Fro9YJ4WNrhFJwoWadgTR6PEaRaN2n69aMM5KLSwKLBU,0,0,,
861FXUYT4ar6kowJTd7yXxXj9vVaQU2Lv5FCs1UhzgCt,0,0,,
9B2XvPFbXApCbuGhS28BcXpauY3xyvCkKfs6xmjjZ8fg,0,0,,
DahmfqhqZQcZXC3RsR8m1sboCwtMtKNWvA2mDxbg6e58,0,0,,
2J4sFeo4HXXqmkcpbUj5wHbb1s4dv4oxJVos8ktVYQS4,0,0,,
BWrGjyQnwuAXgeW6CLyesEgz4wJVDUQH5mpJZDUJowsV,0,0,,
6SRjywpLBuVSxGbyQKvKtsCRTkSvH2mk5QjdL5x9bUQi,0,0,,
AgUyFbZA1yFu4dEdHDA7KAHHs6LjS87gNdjk8aeVnDXa,0,0,,
CTNABrFNMDZBNSqWXXdAE9CmJ2cQDLJZW2q4g39VeM7e,0,0,,
92d4Pr8m24mP92BpQNGeL4s3D51Un3XeDHmmSqs9vnbg,0,0,,
BG5mAQhN24wEnKFJh9kYKf1HWFjgBfNjKgRyAJzNDvu5,0,0,,
C1qcj72eFbzWpN1K7TJiQerN9zHuQ4uHbBi688fK5hut,0,0,,
75xLZVKnjkxsCPVKSUxXJT57N4e93Y3GxtF94qyuZ98k,0,0,,
BqCXUNKg26GHNsjHvGbFjEztKBZeaZXEQbwxzvU2Dygj,0,0,,
Ez3nzG9ofodYCvEmw73XhQ87LWNYVRM2s7diB5tBZPyM,0,0,,
Ah1zCwmz1fm4A7Xt8WCHXtgPJshS14eCqvpmXD2xjCqs,0,0,,
41ABJ3EnR5BBmtifCmLUNrArFsE9hkyYioLS8gCpXhPo,0,0,,
7zHGr4QpPvL4vsca6xfwykyGqrnUmuRmjoW6FQKccAeZ,0,0,,
GShr988mbav1BnFiiz8GTSwRETtme82Qrbmt8e5W16qC,0,0,,
DW1sM7UuBHsKh8k6XMvY4GayYZKDsZhYjwRziZw6xpnD,0,0,,
5E6QCpNSxEVyE3au6PbR75CwuHGbC9XgS8X46zLLaP6c,0,0,,
7hWcHohzwtLddDUG81H2PkWq6KEkMtSDNkYXsso18Fy3,0,0,,
2ZE6hSL36e44wP168YMnxrbi1CSCFuD2BJm7NoNHfsmN,0,0,,
HvNwBDgSSfQiUe97yXJdFx95wBeJFWr95UmiTCeA48Lq,0,0,,
5J2Q975h2L3A51UMBpSc3hLW9ubdPF1nURhukyJnscCx,0,0,,
D4NUwZwRRctxNNtcytcW2BT1KQvxUp45gjNvzBCBqFKs,0,0,,
FBVWCddM8yWFSCw9iRgwkvNaQV51AbkkZPTKRDv4cjhe,0,0,,
FjRUB1HafHsaGQxibEwKpQxXgVXbE4k3pw3XWqKLxAiX,0,0,,
8GturCrLfiUHxatQR5JRuDXm8BoAw8SzdsVixULRJxnq,0,0,,
GF4ZjBfyUwT8b3gAnjAuFx7CUwGeaFojxUdMuMzt8xRQ,0,0,,
6xeHuVZtNY9E8aoDe9PgsJ8jwBGKGCRrs2ZkDnqdEvxd,0,0,,
HhJpBhRRn4g56VsyLuT8DL5Bv31HkXqsrahTTUCZeZg4,0,0,,
H2rAtDa15kHH5ymyXXmsQTKyAAdmZHPFvD4ytAFej6Bd,0,0,,
F47vvwFYuLioQsqEVAjqdY6Yihc8wVRiUcfHGcBR9XUs,0,0,,
2J3Xh6ib8PiUa3mgKGsFuLMwPR11JjWF6qb7Pe5Yhu3b,0,0,,
4uwt8P7LKdoUm1A67XDM7EAQxS1HtuALz8ynQro2cbpE,0,0,,
AZsHEMXd36Bj1EMNXhowJajpUXzrKcK57wW4ZGXVa7yR,0,0,,
EonBsHn81ztjiRboQAFFfQZeYvNLr2tAJ1fbNM4a2diy,0,0,,
EoYCEQoAaMa9A8jno7J5v3SgKTsgyNvShdTEVxW4tvhu,0,0,,
FpZWLF31ymwJQNKwdhxAog9HwFEJGWjk6JqQUWYnuHry,0,0,,
9SDdd8Ga5VCFzfibm5QSkGvr2vJiHfieiCoMpoJXdDEq,0,0,,
7DGuQ4h6smY57a5mQMjJfzFWMU2Qy4FhfA4UpC145e8e,0,0,,
H7ed7UgcLp3ax4X1CQ5WuWDn6d1pprfMMYiv5ejwLWWU,0,0,,
8yWj7g4DE64gsAcoCibBv9YnTXB9ab2RAAsNKdUDsMi5,0,0,,
5cfoqCKC7NxaExZZiPdtY1wkyL9sSG4usXXVZ6JmeRx,0,0,,
4zPVu48xLuFoPSYLLBBbgadKzCmGTzEviuNxe77Vd8q,0,0,,
CKmKLkDnEfmVkQoYDa8WUnLMXE7UTL37L2Yb7ReRwTpX,0,0,,
3W2kQxnwCYrh8V328xxvEwE1eATKN94PrzKJKpMVCsvR,0,0,,
BSL41VgZw9WvAbNqCmBUVJ1KPoy3ThmPdRwJ4RFSYnuV,0,0,,
3ZF71NNVuoex6tqkUiDfKMM4YwGHPRnUata2S3dyuqsF,0,0,,
E5zwQBbYmkTW5UiF7vAFQaKpv9Ud6PavGgKp2vgAYb4Q,0,0,,
5E3kpN4vwHmqLJJXSnLwPsdK5HvDfJT5qHX1jV4mmesA,0,0,,
3am5HJ4mkWBF5C7p5oD27uJZmVTwh3YUPUsjpQ9wZaCV,0,0,,
EHiGnstjsXUheCD8WawoupEZ9mWGwDnCBSxCacWQWasD,0,0,,
4QEQUJaevp8TBbYqzmQKe2soe42xRdMZukw2HSu4wyYf,0,0,,
FaxYQ3LVXP51rDP2yWGLWVrFAAHeSdFF8SGZxwj2dvor,0,0,,
7ycrd3FExhpHx3HAscv8QmKFNiJUEnjHfk1uxgt767J1,0,0,,
5ekexqKmYxpc6LNg4HTiYP5e6zmsQ5rbLLYbk3rBdFiM,0,0,,
9tb8q7twKj2X66oxXHLxrPF1ov9uGk2Kdu9ajsV3JmFJ,0,0,,
FuvFLtx68uGjhr4GWET8JTskC7s3R7MM4Feg8toyzFvf,0,0,,
ALmnt24ewAyfK7WKnmALY5GnzrdqdCSoPXkg7PEznJAQ,0,0,,
EETgMghWtwKnkkwZMvcG5fVW6MjmxRqphJjKi4xcfXUj,0,0,,
Aj8HNcqANKz31aCM1qFWXcHeogGXeTP3XhKxphuZshih,0,0,,
DdtiWtSRcVktw5BBBvN6VSFbB5Cy94SboJzZjGHRPRpd,0,0,,
CDUb1HHsX5t5pF2yNiq2WXB1H6fSckD3HGefcYdhkyPc,0,0,,
DuCXJRK4MuZBWhjsLYh71fs1ys8DFrQ9giWdZwvbC7vo,0,0,,
4mePNLaeaDm6XSuidW9TaeEnJL3qLrQxsb3Ryz1CR8ND,0,0,,
9XCW69SHGtaXyruUJb4PX9AJ5zYaNuQNkfyuUstXGPHT,0,0,,
CynmbhNzoBNznZgn9DdMvTpwkiknEkgihUTE2Up9nkP,0,0,,
25hMhfqrJWeq1HMYreYkfEEUrRbPUiPHtGjpeBpA6jta,0,0,,
vqELxH9xXugDpTrp3vZXhnDHpiZtGccJdrX8kQDr3TM,0,0,,
H3efNuqCXRNPFAp97SjM1PmYXmuhGqxuNheQCAFy9rWe,0,0,,
BE26dRbp69scnB6qYUxLbHKvrNWWzEjAPtFagitoET7D,0,0,,
ArZsYudrNRd95vgpebeHHubUcghryFUpmejngBubWxEL,0,0,,
7SJw7nj8eGGQQggQnAYUJKzyGwH7K9eDcvig1KnsXJMR,0,0,,
CaUu53KY5pRC8jCc89zp81XjJF9GMEjwMrBdao1qtNQZ,0,0,,
CeVHfEVe9ynNawv41ecxG6vtAEGTqeA1UPzDGFJbKQPq,0,0,,
F9TBTkUELa39d8mpVvJDdcE7VrAcEGgzqBy5xoregCke,0,0,,
4wwkvbdCuwycU6ZXop57uHUMtUmed9fBqPXYstHwvbhC,0,0,,
HCKZPSGLvUyWTWwPtmcL41fdR8dNgDmzgx11mgCihVkG,0,0,,
7rhhtc2DTTAsPr9P3ZRqUjYZESRj2B29L6qrEXG4VLkh,0,0,,
DzUEfD3dYnC1pD3G5o2LKFhrZnNUTMxdhfhHF4fw7rUT,0,0,,
5sA2wD6rzevSPbjQkvGxb1CQMVeAx9NXbcYJm1n4ADzf,0,0,,
3jiCmEi6DHgWHUaQMZk2NsyQffsjhtnY9nzjDMgjj6qF,0,0,,
APsw9WyaCG3vtciapfBVa3PL5k8U8iPLv9LWsX3vgbWL,0,0,,
ADhTSZTVRWZkVLfZaooCpLHh2CiV5xL8unvd4ASVUj11,0,0,,
9dmxgSNmuSFF58TTNkCYYbS73pJsiFHipihQMeZwdryn,0,0,,
CC38nRUAr87YNqzquS2Te1fQrCpcKm2nmEAfWhn6frdS,0,0,,
HtWhNjE8wjzbadcpges4o6FmmEkfzvVzsJMraNXEkhtH,0,0,,
D57jPSzp2aNrQcqtLDJwyjisDP8t78Af51HHirxocNxb,0,0,,
8nTeMo6HzwL8wRCpZpd8Z9aeCppCwAxxqtbT53rDFARb,0,0,,
BcCgFTU4Y6LgTA7vs6N6grNPvKPTZtXnJaLoiFnDCA3h,0,0,,
FKqPnXRw77Q8krdP5NBmyWfBPxNNiWy5KqGtmtpGLSuU,0,0,,
88tmABf1s3A6jbLD2yLR1tgbGjz68fz3EDrbeSB1JPPc,0,0,,
HKzpKypxmeRsz5rKXQTRk46N89v4ba3983FVzg1CCJbR,0,0,,
7MvpGRea1qCW65nx1gYKyFivBLzoZzZaNNTvexSVEi2t,0,0,,
Kaomdm512wqy4By5cQCnVCgWPzJ6kJYvih5xzNfzoc6,0,0,,
22RTbo37y3NrdcgRotRNSnqGa6wLPaDh99cPXuw7X6zF,0,0,,
7iT1GRYYhEop2nV1dyCwK2MGyLmPHq47WhPGSwiqcUg5,0,0,,
8Gt316CqTV9dQMuqJ3ZSUrHK3DEDjUtoxQpPakAJuW33,0,0,,
AfPeB1BDUotBeNoLv82XRDCNQcdAA1mqis3YC5SMTe7a,0,0,,
Ep9gBSAMTW3MWrYmCLppwUjzP3ToZfsxWhswQfi7angK,0,0,,
F8qtcT3qnwQ24CHksuRrSELtm5k9ob8j64xAzj3JjsMs,0,0,,
FKHL5e2QdRbNBruD1KVJGATqKhksYVVKnAFqDgnCeAte,0,0,,
4GBDvRCLYgU247tzBY9sFGdCZAxgdEuSANrkp7BLtmRL,0,0,,
9B53NqWkA2Vfwx3DvAbd2kzGGjLFsEY3iZjpsT3mC2Xc,0,0,,
NcRcGqPuADfwNZZUznTEe3dyoXqWnFLvTR3jfqU4W8b,0,0,,
3xQ3h9pAFWYnkyUp8hfuQPnQCoBtNiLxDM8FxJoeVbrB,0,0,,
DfRzLBUkvEtRkjvqeEAqA82auub3v2CxDCPpurigfzF6,0,0,,
79xMKgAjGR45dZFMEYUGVTwDkf68mX6bUkU9oWKBYpDL,0,0,,
3g5Fp7UnkAM1kRDHkJfF8Z43LBpjCiKECtZxFAyaCxAL,0,0,,
4v6tZqfWz1uGc5PKTsP3wjEmgmu9Be9Et6soPCKpmbuD,0,0,,
48x98Nr1hYiTNWAds6JhKPLvd9uzvSmpX4oaa5zptpFs,0,0,,
A8vsrQqhEiMQ1Dxzdqv59DQ5zTF2avsPH9WJbbP3x1Sx,0,0,,
AbXoXDpicyHSkecMwyLVgkxms1ci6ogPqFxdrgkLEEUR,0,0,,
EiS6chPpUHsNCH2vGob6aK8PuHpJv9gZsE2sGL3q5L6k,0,0,,
Bw4Px5xe28iECcMgYHMtpzp46NZX6ACNaPnUU8H6hi6E,0,0,,
G7qEb9BymbX6Fs37tWcS2oJsrBcpv7aqRJdL1YCpsv2m,0,0,,
4UPsfYdBNJ1BXcMcfgyW7WZBjrvDU5ik2WDhiCzDacAv,0,0,,
6d447getXNotYkxDsX5b1od6vBhxaNrUJh6oF4Tx9yQg,0,0,,
SFRg7WA3LjaM78ubDYe1mM4DPkYHGasHqyAc8XCV4b9,0,0,,
Aa9he1b2kGc4kwye4iLD4oyQ9uFLpN6TSNmQuVkUiCth,0,0,,
ACs7mDWhxk6FYvKgPNSjgn6YacPJ66E9djJaWjf9Tdj8,0,0,,
3LmEEjBRZTnYw4boBXuHvvbzW1m4xEA7Gat6yYiUoqmm,0,0,,
ERvQ1HFYiw3zuztNeWWZFqcbS5GRa1YVe712Nm2y1XTx,0,0,,
9sgaszZ9X9WRU7KNjsCmD8eVRfMa1ydBLqB5Gg56tTSm,0,0,,
GV5nvJtCAquHPyg1weRfuh7pfhHgzFAujEaELyLWfqiM,0,0,,
H1G6sZ1WDoMmMCFqBKAbg9gkQPCo1sKQtaJWz9dHmqZr,0,0,,
7NY6ocsf8eM9qFFa2Mqf9479EMTh7yYqi7wiQ1PCPaYX,0,0,,
DcQC6XbBJbvvRjb7qNyPW1edEdXp4e3gkLGUrXJbJCBA,0,0,,
3awPKVg295Ajv9r6ceFfeLmte9thnXxrLP2g6C8Ajgud,0,0,,
BUFFGCfCHwKDeGotcUECJKSNXpTZmPf2hvk5TvLnkJMK,0,0,,
9gxK1D8zVqqnR7HPkrFVARZfigpivyAJ4zu2XkoCMUgN,0,0,,
7uWsUYrzoDHLumE9zYhenVeH6JoToujjEcoXYp8C346Q,0,0,,
BvAZ2ay2KjBcGi49KspWtY3DAatBN7enmqaon1TuR8ES,0,0,,
ErD5gRzNZBL2kZPPeNHh1FhLAqoWUdGKxVqJ9rkxN1pD,0,0,,
HzwqbKZw8HxMN6bF2yFZNrht3c2iXXzpKcFu7uBEDKtr,0,0,,
2UkaMqVkMMkKFVjZFFF9UrC13rR6eskKGH1EjisfdQzb,0,0,,
9c2KfeTcmKtsMGDTPaqtiCeZEimDHzmdvqp29wohdBPS,0,0,,
FgJRgP5hHZ2nJz8praP2kDdzhCNSNycUP63VjmnD7F7h,0,0,,
EcK2evV2cDECVsmvY2FxU51eu3fp4w48zrZxuA92AAAN,0,0,,
AfkUkcoJ5Yt7eU9BwnF1RjRqt4fQG5zYV1eS1ytDk7FE,0,0,,
EkrQYoyKSHJ8iVLa9ebYwnmXrQAriqoP6qdXug5iFRXa,0,0,,
BYcE2DWQepvtPmhj9Dif1pQ8YUhteugpgxx3xWtNvu3k,0,0,,
Bw6qezReDY7chfvPufYVG3LhCCcFdke8WDq6BiDpEiTS,0,0,,
sExT6vrPUMPC2EFoGKHthGbsymg4krBumEYspiwQ7zL,0,0,,
D3M367scPKurKZFr6JsVftZGhuEbAZBeb2dGyRjossEf,0,0,,
87LcCtL45TZnsRYsF1ztrix6NDvC6Eu6VM9mrskk2SZs,0,0,,
667DdW3tByZiKAfFaXZ29eMcnWKSg8GQHubsb1iDxRxv,0,0,,
FnJdHDcfmiB2JiM8j1bvH89z6ek2GHeHUfkwhn1ke31E,0,0,,
6hbpii5ZhBVtSdCMDwiViCkQwoQyao1jDBjvisX4wRaw,0,0,,
3fAs57ZuSxkK7EJxYvthM7UPBa3dHRai6idHQwphkYsK,0,0,,
79F32BvHBE49gPsvypYTGzcpWGvt66mgvenQow3mJjXu,0,0,,
C6L1gs2JQC7GFXySheivpnPMqFWBtgwBD1KoRMLrAH8K,0,0,,
8ERPbkCHz1RUDEum4Kee6qmH8nYnJRRDdg1ieiX4wzq6,0,0,,
EFUNA8mYkdEQayJBrtFPFyK2Da5oDHWPSfLP4XKA8pN9,0,0,,
4eVeDncy6EBF2vh8jbpHUDgagwWP1B3Ep6SzzVWXyENp,0,0,,
AWXtRFNu2FnuuqGWFUpbkXUa75NTMGcHCsXacrB9yhdq,0,0,,
EhhiZTzYNVi3FURTkiDVwkpoz79sxiPEX9Yj1nLutLuB,0,0,,
GSue3NVd8xqgkzcH1peV9PDPJpy9yuNgyGnwXegvQ1sH,0,0,,
5BaeivvbQorsyDnvbwCuWWWxpc2ozTT9bn2fXLSSbjhT,0,0,,
6VfyD8aYdfeaf3HCkJ96AdaGwQABV5UmnLr4cqtPz8gZ,0,0,,
FN5St2UhuhKYcKukE53WP8TMqWVEVKBLw9AuuWXGeqHS,0,0,,
2kSmCB5PrswNvN5vrN4ayb2DnVbeFmNhX7QuHReeGKYy,0,0,,
7pLuswiwmyuHrXNxLxTYzQNH4En4EicGdFWdpiDCUg5Z,0,0,,
EFjrQ2kDBKHaGTVtPZbvn1eXSWvvjRzomwpHxqeWg2zH,0,0,,
6gsbcTpxMSz2v4vkUgWafXcEMXUaBKZXwU8pj3zjPom7,0,0,,
A38ZCxcwVunMci4hwJCDwBAjSik5j55dSg8b1cDcCGfT,0,0,,
ALq3YJC59x2DmZZQtBvvdJaFkfLHRHDAYqEXKpkFnahG,0,0,,
HFBNGgzFPd4df7dLkFockJymdcVxEuXyi9dT79atQuCB,0,0,,
8tbAGhXvL1JtFRFWs8pWsGNSVnBTVjBbUnaK1UqqdFRy,0,0,,
BF7X548qRxzetMNPeEX3ydBfB47KrUGTwqpWJbUA8GtL,0,0,,
89TUsfeHmtdv96P81BS9HGm4LcUXhmvWk8gWg67Efe6W,0,0,,
B8PtX1j8XQ1E7Ncg6AoFSzLKMWa9ZccqETJA6zTTok6T,0,0,,
2PuFnehMYrSXRFMmLsFaSGrmoQHUSa3Ab7v5tRSuBQq8,0,0,,
Dhp9cp7YphikSLUzU7FWMQYN2mA7fPurXj5PhGriE6JE,0,0,,
7YMnr5EYBMAgBfzqbv8xZCv9LvQiCEuyPVHQquKhfgHT,0,0,,
AkVt31h8vgji5wF4nVbq1QmBV5wBoe8JdSoDTkDhQwEw,0,0,,
RUNmqTBVXMDx4qJgR4fdnZJpjkQq7ixH1ttokqkjULc,0,0,,
6T2tciqEn7hm78EbgSJvXPCwqG21SxFfdPpzrqb7JApe,0,0,,
6qhSPshxHYxGA9qrPpvwRdgWbuELNN8ZzfQ32VBU5oS7,0,0,,
26bedy893CHqi5bcuUFhMgD6uTLw9V9iLWKAQjjDjpEA,0,0,,
CuKrzFajmyLQhuwfAuxiqzcZP5Ho5ssbZJ1qBxJfiV3j,0,0,,
CHKZUEV2AbSkKnnxbgqdHUnzuWZn3De11z64j1TN82Hc,0,0,,
E2WYCGJJtWBodVLy1NKcN8ve4UAtsJJBU2mdErbXxP8h,0,0,,
9qvyjDZiMcPrger48VFrStz89r1gMoLp4R7tMzj3mhsR,0,0,,
EZsZoxjiRuDG99h96LJWvugtBRxypYXfSpxRbtqoHPu7,0,0,,
BzS2tLd5fzx94EBQoLCnmQbafX4meiahziaCR8xvMjxf,0,0,,
CVNrw3qsUayY5wDYdS2urERM3e3RwzvWW9QhWqVaKyMz,0,0,,
H6Tz5bRhvswynfQeLhG5YJYEt994XTX45SeoU4r8T1CC,0,0,,
4DKtpTpXvHRY5L8H8qB427afNTttUzLYTSuXrnfYGoho,0,0,,
9DEMBJsK5a8idUzLcMB2oUmPCtjbpw9uctcg8xdgPAD8,0,0,,
EKXcTr9PkpSTMdy8jPn3seWdXGEbAptUJBowVx4hfQHX,0,0,,
s8eygCCW6QHo4hEtVz52z5PgTwmXc4ioR4eqker3SAZ,0,0,,
6Z5k1oLLfbBtmZC6xr2J12m7GTeaAqLK1Y18vyP5aeaA,0,0,,
JAqjHkWoUa2GwneZVdjTuadQMxcoBwuuESp5u9D518c5,0,0,,
DDqQF6DcQFqzKMenWp5PufhbFY8ERtp8G9Ajj5iurp2g,0,0,,
6NTF5hQSKLrv3JNSRUNogaEL5Bo7SUqwYXkofg5m3JuY,0,0,,
CUwif1FiX5b3bwwb2n5Bm35AixvnR8LJjGUVmEwNZNgR,0,0,,
G2djaKiiuqRfcPeod5kq6UEhVrX8LGnFcRBz22Ktdgfr,0,0,,
G9x4gBrN9N4ZFAEGuKNAAwAZGCAdMNXQmjBc3DyB2wVH,0,0,,
21moArQLpkfQhikpRY2YU9WRrF3bj15UjbaAKewF5Zb4,0,0,,
5ii2WhtinzF392ieD9XRNBcSgXFj72armzTwhQK6vXfr,0,0,,
E9AjrsQzFjnAm2BM4BKuvL5HFTUEeuTHvdDGdhowtros,0,0,,
9856qum6VEQ9cuAiGS1byf7LJ4Db4NPuksiy7UA11NEB,0,0,,
96fxUxwiZm9rkCdDaP2qmB73eA8FcD3wTeuczTtmkdk3,0,0,,
4qk7TmS992DEVPTir2Xmfu5Zo7mW56Wzhxh2CAsar1RQ,0,0,,
7mjXmv1yeLgJwooUM5VrL85HyVhsSgrVaR78yGnHcUyp,0,0,,
ALQQJ5ENJSrGrCnU6Z1v2oPA9R8hr1TAs8L7iyR3JTjn,0,0,,
2poFSvsxbMUtnAgCJyBzYtZy3YcipZp2uVtawkngJnVQ,0,0,,
4vbB3TsZhCsSeyTaTh257Fo5zYKJPnueF3BhCfc7FByo,0,0,,
5BKtZmRp5cGgW4sdC3jGxSECrjXWioD23LQGBBvPRG7z,0,0,,
HUGTGduUrN6vaxVbnVWQMUjMBJv4TJjLAEcwjE3gZU68,0,0,,
E5EaQEG2XXE7mk98RHSqEXvnHP6MSrLEWUfusxySZWY3,0,0,,
2EgRd5AdhxeBtQ8iAgYQoSBtrbsuLGmDq1wQrPZr7KLs,0,0,,
6oFzbcdt6FTMBnuvA4ik2RNSY22kU2Q5jBSJ1kYcD6Mm,0,0,,
booe3XGMztBMB9RhCgNodhJQeaaMmhdGehMCVPMGza2,0,0,,
H8hUJCMCuyYKSoKNgM7rEfM76pgVEjmczYVABMHWjqgn,0,0,,
4Yssz7bDAa1p2WJH7pPGdonxcj9AHUA4QvG412pyfqN6,0,0,,
5z3EqYQo9HiCEs3R84RCDMu2n7anpDMxRhdK8PSWmrRC,0,0,,
99ouK5YUK3JPGCPX9joNtHsMU7NPpU7w91JN4kdQ97po,0,0,,
8CuPzHKuZQUyYbear8fi3u6iuTY652WVZT2cHZ2yeNbE,0,0,,
8zVipVaywALtiQ7L5EkfGUsNx3uw5UDqy3y7JAfusBkm,0,0,,
FXb6uSeEqq53qbA5V5uv2SPTCJBKQxbwtgiMQNaYHb82,0,0,,
34irwLY7wGhqBv3n3CkimTZkT61X6WmHekTPpoVk85et,0,0,,
Cxf7J6EsY5iEdZ5HqYsPgYtSEzZcsWRyhW78msKeyTfj,0,0,,
BPZYwxBU6r67r4pJJyEB72usgnU1ftkHSNWBZvTy54pD,0,0,,
6hK7Di8xrYPVXLmmsJBg7Yzs3dssY3k7LThbvHq4qMrG,0,0,,
6kKkFPwDuJpe5RFUjTWQRfCAMJymyxZxVgefNkHWn2aT,0,0,,
FTGXuQUKDxgkLhrrK9naX8r4HikveLpbokuewW5xQath,0,0,,
GhpaPnUoLZ1F2yXDRcLthkrWkTtGeP57KMGnk8EWMQeB,0,0,,
8dZ1dy5LrEmciqN9hmD5Mf4yf4KyFPeY2atVEuKAUsbT,0,0,,
DyyKVwG6TUUqwiCkn4RcGk62kUrctLodjWQS9FMhEB6V,0,0,,
H1hbji2jR11gy1S1NPBmpbPU7KFL6yeU6PjCKCLGtkP,0,0,,
GEdJN9gU7dGovZYgBTjjq7VJFrukiGhcsgD8kgzk5da4,0,0,,
9iRwHbDmHo5ff5p52wK6VQMVixZorUBEUjnFoEwWN3Kg,0,0,,
3ytyL64XZueodDU5c86RvNqCRznv54SN7NYGHtofNcz6,0,0,,
6Sij9YsDzPUikBgZCQFe33QGFRYQ6GpCKc62bxVk1VLV,0,0,,
FoGXCSdfTMkJSbeD2xfe7acM27rCLbxf6p8rKQzuefBv,0,0,,
FgvmALzn3uBb2xvCDmxk3uDcREgQW3jFK85maScTb7Gj,0,0,,
9C6sXSAputGqcS47RDAJDcyWmwFJqdC6Mm144a2xd9p7,0,0,,
G7BJxPSXeEs26dofjjt5JE8FACxh9CLCYj5RvL9yB1Sa,0,0,,
2X93SpjTinScWkxDfvcf8pm3ELKGxvgXMREessoq8oQf,0,0,,
HN34v38srVDpdc3Gb9DAhaFbdHmnjQCHBJxQWwQvK9Gh,0,0,,
5AS2G6fXLfBoaSWqjyWJ6usVqTjVkiLmmiCesvnRpgbP,0,0,,
7FvgVoPDaGTXG1GE28fwY33ug4kpn3AHukTZSt693fV3,0,0,,
7mmXL6Et4SbpDs2iXoZQ3oPEeXeAiyETxh1QjDNi5qnV,0,0,,
GnEXWiBRdrm546tKmjnm69gky5aG1TzmyqR2Q1vgPNAk,0,0,,
EDX6rD6xJPsjoWJKn6zsYEz21GBw6BeoGs9nozgwFnYL,0,0,,
9eEgp6tUDR7DKQ8c2pRMUCNL89wUBdhnNc5iwmiDKRbc,0,0,,
APGfhf6dzxFVvRaMatGgYLp9vf3qqYKjyJTvESrpAKub,0,0,,
4mv3MnZd7xtv8PQ2Jb8xdoCwNrogdFFwZHnC2NA5bGnc,0,0,,
EXthbs7cSMeHRTSptwDaP9exU4R3tV3cHgf6RLxy8FRc,0,0,,
AautvtbKeQue1swcyC1eskCrkCebJ8XGxs1RJrRTb1qJ,0,0,,
EJ5gfKpc37ock5ay6R7wymXLsiDMFAopfy2jHn2F7g6g,0,0,,
HKcWYQvKig8xFXrFaNoRkYWsT4LhmkZGyoXM9GCjYEHM,0,0,,
G1geTBjJ2uG2qqhbqf1UE9FZCf8tQpPjtTxXzmW8ZRyc,0,0,,
AykVqufne2WcdGgeEtCBVehf5aoKykDZRHXCPw9XRis5,0,0,,
3tVThyf5HsBH9fYb1APHn5aj2EKDJkr8wNYMcV2TdZjW,0,0,,
Bw3PG8GA4jJYHefgxzF7SsxckEwWcbM9uLXo3mx2Hf5o,0,0,,
4xWQDY6dwJsZLuscEpPsX3AMWYGhLWKjBd5oji9ei37Q,0,0,,
HzpQp9Zbch5cpvPJjr4ohSZGrJwDdXe9yBdnjJoYNnPv,0,0,,
Dvw51CKZZnBb9uz7tAZKziaFExUNC5CVbvbjoYKfMPhF,0,0,,
Bks1CWT2x5E7EW5mxq14kD3V8BqxKotnEncPGkJToQ6,0,0,,
J5G8nsfGUr4jeCVGGwFuGZRZi2xyryPgTGWww5AGx7jj,0,0,,
4J9bYPKy45bBUHTaqr147vRqusuTaGK9QHohBsPJNfV4,0,0,,
EePJGdJHNn8DunCcQsLFBtGpkg9pPoZDV6JiVCVSTkib,0,0,,
8Hj17jitGvpfpQfThATUuDkKYL2mFCFvq7i4vuHx6Brc,0,0,,
EcdKnP5PsjzWBzk4Bmqzp8VYi5L7NAGEPM6wK5K7iW2q,0,0,,
5iCHP6GP7c179Dskd2gBQ8QxsbcgEdNPwiNnJVsoPLPj,0,0,,
7P4ZK5h9RBwkNExdaL3YPicb44MaK5P5XXbS4JWtFZUQ,0,0,,
C7EYc8EZWKMuHGjDZqf129SWhcVB26brdVndCQ627SMn,0,0,,
viagZHkuQXJYWRqRzamq7w1z4HgrD6YxEqgJukdhiW7,0,0,,
43HGhgdWKkcPxtTZL5W8kCx531Wq2uH1CtncFKc2mVVX,0,0,,
GEg4ePjVSnfs5Pn8SgMZoCNTnj8dPZqUb4fC918a4fBC,0,0,,
GzKcoXsCLyGXPaQN2ujtSzCWodLfXJnpWbQmT6sjBreU,0,0,,
6mzEAt61mCdZqhMXMk6tUVBttwHMq6nSxjsDJRGHTCtx,0,0,,
6CFEivRw6ZhUXy1yYbea1ELdVGQYPnPefpB1UNN68UaQ,0,0,,
HhYu87TzocwR16orkc3RCyAGwQg8a8gE6SgAKyUm6A9W,0,0,,
4fQZJg29FLrXzTYWN4vF4tCAXUBNTWrsaw35ZQUyeb9G,0,0,,
6iQw6hpTQHL4BeHFxkj1B6dQESrf8UpJqRfFH8ZNwzEL,0,0,,
6tsjyH9BvtoNgoZbupdF9WM8oCBZ4DgHZT4v1k8RiXcp,0,0,,
De7q2UQTpaaGWe83MwKRXzS87avNyFh7Md5ndaiJaLRH,0,0,,
Epvyq4odVrahnuLFN42xMYwCM5pDXf6Kxf4kGSfdyE6B,0,0,,
4LgzNE4xXo1zdAeWhn4ZQ1zAhRNo7s3yeUJv18Ky6rYr,0,0,,
BGEavcSuHbjr932gas7gFEczxHZJdzRGt5hk9EmfNRpT,0,0,,
BKQxLLqtGrFKn86k13r5h7P4jyhY8STD1rozM7MYyq9U,0,0,,
Bi97Cse6gzHcWpYLouwCDARLhvTqECT2vE9XBJKTbQf,0,0,,
9dGsyHxsMrpyeL3jRScQQm5hTncA1k7YLgjjLtC7zdmD,0,0,,
9eFh1AsgFDqiSc19ykUFfaff4gGsXRM5UpWu4oaAEDYW,0,0,,
Ex5gZGDZeJTZ3N4V4yjWVaSogiWi5KSnGFv4pGyqV6Zn,0,0,,
AR9eFUnYCzSGi8RrFZr88HapQGHMGSf6Z8PCeqbAkFkt,0,0,,
7JxpmoBEsBVXhHQymedv9gB55CQ6GScefPM79VPYM4Qc,0,0,,
KDHZSxqFm8hhYCSibWH8by8MDq2hJoDfXJmtUgTDEAL,0,0,,
87QbDz6Ze5B8L3PoGvqLyJ3JAydi39jNtvzXDEz7zbcK,0,0,,
6TcwTHD1JUfn58CkJAQdbc735anf1EpjXnaFH8UZm2eD,0,0,,
7rQMorUFYpPFkn97BYnFJjyLUmtSJob6JSEQGNcCXH6M,0,0,,
8TaYiziz5gPP4wPtCQdGAMWaXfu5ySZEDu7EjL7xfENy,0,0,,
CELHRZidWcczuTmC5c4ZaDsdwqPJnyo3Td7RWnganh57,0,0,,
7mq2BorHinJadgTQ3Vp1UfCsHjvRDsYp4Qbqj4yGwmgp,0,0,,
FzeKNrEpseyWt2pQrCa53J6FoLiRHmhyoHV6xfcFZv91,0,0,,
4w4u6qFzmPvm4gZYHVgrkoTmCBZuqeN1tkHghmvqNwzA,0,0,,
E9GEywx7HtJ1pxhtP83Woa2yW66dZKZ8TMEmFVFZuZwh,0,0,,
Ztnm2bogGCvKTX6s6fv55jpKGkRpERb8zcHJvfa6D87,0,0,,
AwGWhH4e9ynW3Hp4GSpVy4bsyRi4MSYMuXQhV5BQsiAY,0,0,,
9RQWJyXPF8CC4RFxU6LQjs3wr8tosRWx7xYAHgoR1keE,0,0,,
G9i793owPVmGuf6ZcUGqxFBErE7YDahJD8AgWJHSLywE,0,0,,
9VGGWu8DYcrRJCkmUPjjj5Kp5xq4rRZG99nx8W7Yv8G1,0,0,,
D6DGuGpvzycHZnYbCCRceAbVPnFZ55mWwSSEKNdGfhZ,0,0,,
J1t65erWQUnfA5wcYW6KR9sC1EZhjNgi5GggS6ps3Pvz,0,0,,
9gY7eJTQZmhbm1bvQfhfm1ndwvcLKw69aAkkabnBm1e9,0,0,,
8wC8a6C6FgJTWMRVPgbrtjmA8tadz4AfNbJnmmdkFwXd,0,0,,
DGMrMUNkigESFLcm3d9dctXtqrP86omkvF55DTgZEmQr,0,0,,
5CQKLHaGtjjTcpnC58B8wotxNw9u3YfCS7hjpJAJWpsX,0,0,,
A9e1ohvBikfckh4HsoYi6QwJGAGoS9YcFX7rGUpbrnah,0,0,,
8Q7oXfUqsPsG5yKSN7KsxN8iBzAaMDpSeD2pew5prYhk,0,0,,
48iTu7mEqo2wiaGT3wtPzetBBVcEdyNB7SzKygGfmjie,0,0,,
3TPA78TX11vzdZe5XjkofrzKoqkgWbYK635dsRg5uZRo,0,0,,
8X6YZBPtN2epFNGcySx9F9TvFyoFajZaFsPPMfxSXvWx,0,0,,
C32RPwxhHKvZzg89CG2DSsosn8kPiS9F5Wkt4HKv6ZP1,0,0,,
DQcY1zMoQJazaGuu1oLezNZghu6VG6VqTJ49VBtC31tm,0,0,,
6CNHDCzD5RkvBWxxyokQQNQPjFWgoHF94D7BmC73X6ZK,0,0,,
NeonTjSjsuo3rexg9o6vHuMXw62f9V7zvmu8M8Zut44,0,0,,
2Dfxg4wFysducSyHVxpaKDWqrpkkniDJLXch4EUexy7D,0,0,,
4ELehS59VbmAmhjekRoZtkCKcURYuZNU1v7WKyet8ztu,0,0,,
DkLMtkRDtA6B5aqsEkpPKyVR9BSXhZm2vGVdvy7GQ1Xy,0,0,,
8uM5qYzuHcq9cwnAHcMGnkPmQvASc5vNMvL4rgnPo2cK,0,0,,
GmtD3BE8HgyRvwcqkMhX1Vx4cSQZ11Xa6kAZB5TaJKFW,0,0,,
5yxNbU8DgYJZNi3mPD9rs4XLh9ckXrhPjJ5VCujUWg5H,0,0,,
7e6VTaThcSJ18T1x1pb5mRsGEfe3hdEnhJ13pCi1wcEM,0,0,,
GGDJUMZq5vx6SbETkaWEy5n1SXXXcwwofgsv9inuRXef,0,0,,
EWE3FXFDNoBop1QqFrDDBuwkfVBeYu1cbZdu7u3urPqC,0,0,,
XPyg57S4Y9J5DJkC8kT5QZVr7idoAsQQD9dKW3d6qgD,0,0,,
B734p4QmYDkHycuUcatdsyTABMZh3vZjpuFhem2NccWz,0,0,,
F2TnqVY4QKzmh2T43hFzYNaFnBCxAjRezUetTurgDQN5,0,0,,
CsvWXThjNVDXx1gnLB3Nezp1rKKb85s1z2CZPdBf8uk9,0,0,,
J9WPrQ7JsuxK26ds8ZaioYM4ee2kEayhsiTENurCWEKX,0,0,,
b2hpYX71qNorAhbLUjibo4Ykxa4MiUwbDgNr6jVsXg2,0,0,,
6e1xUeYWSNrAg3L72Vxsx2MKK8Ppo1aQzYPTXtF5nju3,0,0,,
5vYTGzBppYqoxW89LWA9Y4fpJYEuGUDJ4KMmo1ZNGd1R,0,0,,
W5csU1mRq6mmHo75gPVCMHjPE2J3628Dr2DP1GqTnNC,0,0,,
Fatf5q9z1uq1hR6vyPPXa4rhQWadstdfFGZDBRX9Eep3,0,0,,
CEDQbeS21LEF7k86Gj2h5b5G3tvVgBYXBP53Fqz98uS6,0,0,,
EADoY9nxA9KyMAXer6CdaERYN5dxbPzrHweU8SPwftCh,0,0,,
4G7esGvYF1zVUZpqkSHxoHP5JS3ZqD66DFih8hxvuPee,0,0,,
481r3oVsGWscpvyr5yLVn1gPta587jyqmBZ1uw2iAHwn,0,0,,
AmcJEdCwrC8f7yNnEsWr9vht1zRneq13Ae1tmYa5GptM,0,0,,
5XDTPDmeSc3Prj8RVoEZwAFPByMyUEWQz8SUL8upT7X9,0,0,,
7PwFZ53CQZx74fj27ENqiGAx5rgaAx44x2tJHRJHnQL6,0,0,,
Et9oH4SnfNr3SJwhRnFuhP5Q63mHSMFqBtfuGMwiZPVp,0,0,,
GLjT7JewCgjTQteTYtewmKhdMPNBiVv5QHooHopT7QNe,0,0,,
2tMXnZJ5j1Pt9bDawuFdWtB4cf8gySch5FBzqCgvqFqu,0,0,,
5D9LBmEeWjKXZs8JRaP8YdBDdkdQPwu9mATXTcMUq7YU,0,0,,
DdkaLpx6bGXtNBH8W1EEQY25c1XPWjupu9HvoAi36ZyQ,0,0,,
4VMhpajZ2UHZWmDVRynRWm6nwEu2tXSRKKr8oXAEBbZw,0,0,,
3XTmPc4ddk4fBpXiP2B9chTzDsWLThsP6jFb3ZetzEEo,0,0,,
nQKya5ydjfHnWAU9Gek7b7EozB7SxoWEYZCUpokttv4,0,0,,
9b8aX5ve6XiEubQUDuNnDm338jGRtfkSMVU9pTvqiCbZ,0,0,,
LMFzmYL6y1FX8HsEmZ6yNKNzercBmtmpg2ZoLwuUboU,0,0,,
HG8sbixQ7N8URDBCkj8nUges7FAvThtrx8Z4Pgxn5ep7,0,0,,
CrdU7nPkoMdHgqLiqDh9iLB94pwYSoRHU6fvG33xUEHX,0,0,,
8gTaMJJ2x87mjaKffZfJNAfFoU5haH9aBMLs7c8ZovF5,0,0,,
Jcw44ozMp3JT6GxH2BepVMCtQRNG1oPXL3nVgS3ELQu,0,0,,
65uhw49tmxR2bQXLkRNfx42aff92hzmhPHC5iDCewj3z,0,0,,
F6dWwZbNqTAxsQw3e6p5ec5KyeQ1oY4tWyhHdSBTee3o,0,0,,
EhNunB5RthDAAsy2JrvQ7sd2ua1BDaxxJdQEimdVN182,0,0,,
AqYrJdb9adtXaEaswD9DaUDeKBixzz3QEaTnDyRBJ9vD,0,0,,
FzgQ6kL25GcnuAYzLwtbLHw9CsxCcNdw8XfjhqwjjQtn,0,0,,
7zfnQC53eGtn2H6AxW16sGCmKnnUC8ajCwBVZwd7wtY3,0,0,,
GuzECDFTyLbUhrst4UskrFQLxwiAu9nyBpUGRJodcFMv,0,0,,
CBGyb84iThY89LD5fZff4tX41Hr6gBcr3dxiqY6n452L,0,0,,
3aqdPYiMT2N5pRn552q3oW2hqSJo8zGN9GG7V3Zy9g7o,0,0,,
DvnMrt3FbVRjsKn349JVhxiSqcihN3ZVAYvyQJE5CuKn,0,0,,
94eKLx2MnfnVpbwqGvBwQCAyjdYUqs4B9MG19GS1mJ5i,0,0,,
FJdD3daXcRFKQepi7oFyzEcEzeiqDvvrWm7ppkfSvYkG,0,0,,
6zwEWusLCqzFUMvPZ35uqqTtdofJYSLzhXCFGvcnzJKa,0,0,,
Ew1BDE9j7z7hGuvDGHiLFwPotH4xuMCzkVfKnqqpQsH9,0,0,,
GybvQeEm4CKncdCeqeG2m3CEnDxCbLGSvytabqQr3AzS,0,0,,
7xBkaSXj9gneJhvjmjwUCjFBPUXRuQR1KxobLs7GhvEd,0,0,,
CMQqMxcGPzCuVhiECEiN9gxxYDu6CH1VKVGcFDRkkQSg,0,0,,
DjA8XFeaTzbav3z2iQmf1fwyf9aFZrpT6M9LoametQAD,0,0,,
GXp7ph7eNp9ZnuqYABkyenWoRaEDktz6WAEbZV5YZ8FE,0,0,,
CSLmsfda1HeNKsNkYwWxQCUXMBqHKCLDPcbffP3NFbpU,0,0,,
29TCazV6GtfG8PYXYBxKkchSAyxgEkLjrtPTFNXr9Fe9,0,0,,
DvUhifd51gr2qKMfHo45jLoe1nB9kEyU93rfi7gom6FT,0,0,,
9AUHXH2JmjAM7mVA342Ro92jSSdqENaQ8rhyBHSSxoXm,0,0,,
DnunnoUA2PeUQXxkKgDWvVvZMRKWzk8Si4SR8J1iM8aR,0,0,,
2oMw96FHHz1iPVusVFjoyhvAJCMHdG5JSRoBrfL8RSfb,0,0,,
H2V8DDKemkKQ5wJQKqjT4D4gH2xcwBSXFaqSnuuGn2s3,0,0,,
6ihPsvfJD8nKza1mJwSzY8qFcT3ZAsdF67njCPvzvJSc,0,0,,
3uDvoAWc8dcEMgNRvS6mbaC45j8yVnKFJBnoXjRtw9vs,0,0,,
CMqstmqSJeiaryHS3vVbK4MYeeY4HnNDmH396XDwVVSP,0,0,,
FwP38evph4d6TBeY4q38ntAP1m7SM7ByX3MLVa8uMR9B,0,0,,
2zwuFv4tzMrJMA3Gq5nNH3i4ojWPtCkjmGzTMXe4RpMc,0,0,,
HFwgFEeoeiBBnvvyBUahmwPkhALb8npKvueVLTvajbFL,0,0,,
81vpPgqxJPScaeTDAycbQViP9r5fKFGs6NVrP88QVkHB,0,0,,
8L68MnhgPkWJXTnm1cPG8MpQonEZZwfVmn8Um1qotk4o,0,0,,
CxhTtqj29iYrbZzQx2zeVSSN1VvK9wiHbytJgqh52fpo,0,0,,
2X8xpt6ow9mVXW2xRKmvkyM9hjXdk1bDTiJ6km3Y8z4s,0,0,,
Ava2hJmCPhgZTbAaMDBM1M9A1P5VtvuVw5YLXV83ZTHQ,0,0,,
GiBrdw1tF8nuJxWuhTp83ULEMY9uJkYUHQUBzwfEnw5R,0,0,,
9hdFtZ23Vd2W6naJGtUpBdrF1thKz6y3mnDw1nfiavkd,0,0,,
octo82drBEdm8CSDaEKBymVn86TBtgmPnDdmE64PTqJ,0,0,,
H9RjWcGw7gCZNY1uKeHLUMZP2XmQKAfSzdPgxnZJQY9F,0,0,,
5bMaACbSjPp5LcL2tq4eKtkDAJ31kifpejn1wkgQsprC,0,0,,
4wYWsrRFtoZZM5Y1sa8nM6QHumMgKMVsBc1uWGeV4Z8u,0,0,,
AmZXGMywW6H33j3ud9euAeRJege6viuDSbT5j4QU6iY7,0,0,,
Ed2hFqCnn3zSGXLRbvRvibfCBZRengMt9Qb1UdHCH7sN,0,0,,
DkUiANYyPjCJPaXnzkb6viwKiMH2t1zBarSu2ePb75hg,0,0,,
2CPMY9Q7w9bM9X3dUu2upLHXpMGrtKAAttBdR4wHxXPm,0,0,,
3yBpdf73MytKhNzVv3vfQxXZivNwjBoxHZ1b22g5Rajt,0,0,,
3UvytZmYyueFChyHbJyxjsSax5wBRuMNrGToDDykTba6,0,0,,
8bHNzHwAaxvueL9nnoyicpVYygV8FeXVyNEnb6TRmXDW,0,0,,
wUHXaiyyvttLKZoeJpvsHvFJvZx2r15TC3H9DXaxNrB,0,0,,
5vW1T7YgPCWWh6QiammXD58w6CUdgTRm4fmA9hBZiqmg,0,0,,
FyVi94nntLaRgAXd4YnWcic968Fw5FY5V39c2dR3CE43,0,0,,
FnmrWbK7q18ohu2vPcxryDqKsjjHM94ikYtDNELZ8emY,0,0,,
56K5fggjf2W8ipoonhvNorqtFoSZWKHvDddt79jeA9Ht,0,0,,
J69Bc8VZHFgfgozketM9XtcfBDZBEvxdHFeVDz7EWvgy,0,0,,
JEEFpTebQoXxJiM23MocS4yGKYWQXkMB3yxtyxQuMj5s,0,0,,
6b96LgovGReru4CyiayHJNVwDhF8vrcnkuCDEhaabsgp,0,0,,
A1Fc1Gdp2YxdkpY58fHtHQ5cnLBxD9GVwxVXwbhQwr9u,0,0,,
2roixaWDFTViQXirWoeDHYWZWP7Wnaft4qqYMqwCnCnF,0,0,,
7wsUR6wxZhuwTBLB5pzKEHv15tfVUtTyAkgHsRVzMDLc,0,0,,
JKRukpoEti9qoshrFmv1eu2t7MePFB9odVVsgSNaB5q,0,0,,
33ZSZu1PT6ERHxT2uBDSJCU9ByeLXa2qTJhpmtxCZzpG,0,0,,
EVcLppxi4vF3ah3Gc5qppFtmnoSNtAkDRWqJUqvmNJcN,0,0,,
4rzfxkfgMGHshfHGuoxUv86rNQmBo3eKHfH7ZSCXGbiT,0,0,,
8X8J1QfWrtZeYz24qJFEAJ8GKVciBMsvgGfFv9ubpr9V,0,0,,
FtmWht1rS8B2xE4f7YNdypz4LaLuqhDjFSqsGoX7v6qm,0,0,,
ALRG1ZsPjK9S2WYbL1K627rb6zYK8nGhLTwCQbsXV96,0,0,,
4ZxgMMnAZXteMqobgcjpc5GoiCPcwVYVV7ngu4w5ihPv,0,0,,
3ybNGaZU1FWDDmyYMqofbS3GNxrWzQvStH8weNT5RB87,0,0,,
7Sfmcf2agFfKjWrDdpwv8PfzFdjS7PHR9MbBQpCXyLVB,0,0,,
E43qU77tnWDwN11o7TtaGMNpxCAqz8RZEZ7PcTCUXSim,0,0,,
4SsNacjgQvDYmBsYhs1hUPAzuaHo7hEdi5mRnPSQZ1PP,0,0,,
4VzxcaRr8mJJPaePfDX7yhdnj7yrirKCeRx3XVPyV24m,0,0,,
7ZoYtdumkAB8hvqVzSVrSiUn8yJJJooFn6gSF8x5BgzG,0,0,,
AaJ4QkwF98KxWU5udgXGaevsrYyoQGG9VVxmrh32BMqu,0,0,,
4ZzZUVa1QeRXLdFRLXMYeX7EbirHTQ3PT51jNVaFaptL,0,0,,
3Sgm77ayKVL3vEPEBszPhtXEQznUrF7KVm4XoKGGaPVW,0,0,,
BooMrFECgZGQREpbVxRpqZvZmoCCPtaoDeMRVXWxVfsP,0,0,,
aRrTkeMdTFEtVkRdJ7ik71WDE9sS4YAWjpW1AMJy3a9,0,0,,
373qD5MCEP7h78MHKEHPQHBZteDTmBoNTDjyZH17QtYe,0,0,,
ELBPPDXGjFNoWaBgq7yiWUfhAHo35eakXBDXMdjD5ogZ,0,0,,
FydqZgukg1NYAw55BWmZS8e3rDBbH4vsyFhELB29Sger,0,0,,
4x3edDUBrEyL8KRMUzRZ8XGB4UHtYkSXLPpAj5Hoqown,0,0,,
pXcrguyi5yyApj1MCJcMefvu7R7uv6ykNMvKJ8i3PSc,0,0,,
EgVcnD826XFAW49teUQvL6k5njCX7pxuRzKFmg7prMRn,0,0,,
4q2ymjcmYZqwGHqk1UUqHzsVAGkxfKZAWE8Yz7EMjYYd,0,0,,
2TQSixvUP52rjEXAiw3zrJPP7QZ5UuMvw7dnByM43k6V,0,0,,
38FrUYT18sXbgwYYohQuD2g7S1Dj5FcaBFjRwSZiHk3P,0,0,,
7xdkqw3C1uGj7SsTUEiiscWVS7F59naSd7L5iFeXhC1,0,0,,
6JFpo2ZBriB8g8ztngQDepH2WjcbyNkPCzfeu87XA4n1,0,0,,
CeG7WfkctqndqSh6wQ28tMVK3M2yvi1BR6LSnuoJWoSH,0,0,,
7rbTZLwAYjctqVm4B8WG6N2aNfpGvC2yASQCasBToVCb,0,0,,
B6zNohiQdFqvkefW1NftTf2tvg5MUrjmw8cdv751CzEP,0,0,,
SNoEUBRqUJ5icTwwbz536eREeT7KytQikEa7B2FamBZ,0,0,,
3pPDjkQjjRj94K68VYZcWCTLGN8azLuriay8V267jupm,0,0,,
AAG3yEeRMP2tEouaiXHWobB2QeYAjRYByKMC14Y2Hs5o,0,0,,
EGmtd2eudyQxTaFrX6zJ5b2yqKrHLMQ1bUp7LttunfcM,0,0,,
6PXSxG45TTQFrQxscpbk9v44WqwAEKcQ6jkPRRMip3uW,0,0,,
5WwpMM8FJbXZYW55BACaA7W9qtMFshAxmcaxeTH28YDy,0,0,,
CwViLLQUvhXcmR1RxhSGHrvn1MqHSNJbeAU9iHJRSYnX,0,0,,
5tQsrP5CFLVRvkBMTM2GoLeF991ekQag5S6rgDR9imP2,0,0,,
FatXR5s5qjNYkZDdYY6YgyCfhDyDCJnQZKEFucHTHSke,0,0,,
EKGguYMBCU7PmH4R5FVEBQTo8tDKAoiVp72yGe5ohaGC,0,0,,
GnpqMpTLP6T4zjwpo9cDPkxHAksAaEWfvNoYYesRXrDG,0,0,,
E6uNY7knx6Qw5nEMQADHHinaHvHwip8daDgMoMdFQhrk,0,0,,
DGn4rJDS5LRCvY91hKzFtgh8qVbwJNboMccErfUU3nyh,0,0,,
AGQJKM8nZivAawQFg1rgxrBPX7tSi79VCvjuxHBNo9v1,0,0,,
ShEEsukacNfbBpULD1xtCZKjeMMzvc78xufMDuE3jvB,0,0,,
DLyykMR83Unv7bVtaZBdWmeGtW1ZG3icg6xbX2BFCkE4,0,0,,
9bWGgDW5hdR9C814ah1FUj5nAmzWAKDN1AM8FPAYaAnA,0,0,,
FPXLJoXvzZwFNjevfnrnsdSmj1fNrbJdxxEWcXEQsRKv,0,0,,
CkESwqgi8tBauBVsJvgUBaoknfBub8zkUXJiiD4ZeZKc,0,0,,
dipQRV1bWwJbZ3A2wHohXiTZC77CzFGigbFEcvsyMrS,0,0,,
9u5HdEuKeY861E6JF9Dyo9q4MeNDjreebM3uSKPZ1bkX,0,0,,
HYhSyEXrbFFh4DSCqy8KmvDutxUsikUx315iy14kB5CX,0,0,,
4ooNkwjH2EaEpnDDt8d8Gd5qeyz16bLcNH6GoHEmBX3T,0,0,,
7kAQbzepBfPjWPVViwkEUKcdb347QXnH1qYUdsRSjeLB,0,0,,
FLBrhkT6r2gPr9pttwMuJV2uvCGp737vinnYNj1Pbzyg,0,0,,
3b76bmWM4kGgwWmn7mj8ER25KULSFVfgcBgSeE414X99,0,0,,
9Fvbjb8aXYKPJJG9zWtm5KZJpq4hVzCqV4BAju5doTyM,0,0,,
G3vWvAaXPHCnncnyAbq6yBRXqfRtEV3h7vExzasZeT6g,0,0,,
A99nrZBk7oYZpeY2VHyRvXpaoWmpJaqQusmWrcaefSpo,0,0,,
BnaKwLVS8i2dBJrMcACsSxUiYcU6P3wv716BoK6MxBm6,0,0,,
7ZCm8WBN9aLa3o47SoYctU6iLdj7wkGG5SV2hE5CgtD5,0,0,,
BX3FQeH7GcaeqB5VWSYMyUERTv1SsDqh8GYbH3FYUgJM,0,0,,
7kRh8BnVGqxoENu7T6Z3DSJhN9QX4mk4U8XVZBnniEg1,0,0,,
CpxD1p2VBneyqtrARNFWD9cBuw79n2w5u9i3QnGCH5QH,0,0,,
E4mXyUTe1WMtcreQvyp3azZKoZVvQSHQ5yaA6YvCXQuZ,0,0,,
FNbvrCbuVHDm2na8NJbz8g8sagxQmVkd4W9gtWaBD1Xg,0,0,,
5oWd3QrqPbQR5UMB1MSt3V2uBKwK8iYGMz8yF6k7xBbo,0,0,,
FJ689AjHGgpTfcWjWuETiW2UHDpuQyUHgohHQziWmS26,0,0,,
Fefecfi5DhahY51XqQTP2qjFGhnuoSjrVivL6k9Ercw6,0,0,,
Crky1CS8rbNd8QgffceGSbJuUa8qyY3YkxoXQJp3NwKE,0,0,,
8V9DhVW7xNyPEF3WtKsRpdQP2VhgoEgASrZWCQwzo6Ve,0,0,,
C7zh8CUyzzhTrqU14tJWq86ywziixxC2gkABYLRvA6n1,0,0,,
DN2JNSrM1DcrUm3Te56YfqqNk4iFCEBWpj39G2KcX4pw,0,0,,
2MhqyhtCxXPKrSGXQ7CrZQzDdofPanhoLSmYGidn92UB,0,0,,
9eCouJKkSdqsmUgoNoNSxkgEi5meXRMwMbpw7uVbqaH5,0,0,,
H9YvmaNJv7aZrhkeUxi3GJ1q193V2HxekHgTivt611k5,0,0,,
8LsHLtvmXA6YPdhsFq735XdMLg8vn8DHJSahP1dyb2ce,0,0,,
4yihhnYVPkUvmDvVFaUzQ9y6aSfxtVjjekWPEWtFiqFe,0,0,,
9fJK486kg24FaTCCgfw9547smb6tTdmY6n6gMLYDTUC7,0,0,,
5vyuXfiAxoeczqWVoLzguzLwrUgy6rftykYqnub9zkZH,0,0,,
B1XVSC1KzDJApBXprTBpAVLZGNDcw1Cde3drmbpQ5mg9,0,0,,
Awf9fQRrvBwvtiHvz93k1nFYDSAuj1T8u4PVagFegc5f,0,0,,
JAvkdR4qC6nMFkWxJNU9EbK6BH2tJvM9ZT2n87yGH5g8,0,0,,
6MKoEaRnzUXYc1AGy683fae4kjTz9teSjWabFHUMFVmC,0,0,,
83MeKVRdhTegbBNaiZ8eiUmXvqqQNTzCQxC4Npba3Nmw,0,0,,
3fSP27NydWvfM91VQVkcFS7K1Kw7hLoXxUb5JXtGpruN,0,0,,
Gz6McupTi6oWGeH4mtc6QJ34y7Q3eS8qmZMTbBzhCRoK,0,0,,
5ritAPtFPqQtEFHcHVqNjR5oFNUJqcmgKtZyPd2AyLLy,0,0,,
8qWgSQ2nAFKdFfnNPQRQGmjWrCN8Mpt1QKMweTqcxxom,0,0,,
3xQyQn2927vwkvE7yazFEiPjeYvt4v8wGAFZ1QjHkAED,0,0,,
4MBEqrtgabZ9G5EmKm7XTrcknZ1nWg3TrvFHZMrENgrd,0,0,,
9wTiAbU9VDebE4P8GfAyqvt6hV9RGFr2enner95ERtH2,0,0,,
813xj9TH1rnQzLRu6cASV9ys2bmqW2JYR1t7WsvXNfV9,0,0,,
2HrZ5R18H48b8ptL3n8N5zX65zDB4o2cMCHcP3QfSfye,0,0,,
3CJaScWtpHj5XrLmjR7gJ7Swsio1HXayMFFRYqrkss2u,0,0,,
CNQH1Ecc7jmyQ4THyNWX7h9SUig84vLrzCzCNcD7hnQf,0,0,,
2iWGeZMiq31R41vtTVrhS54bDgPVdRWSnMGjib2kPzFm,0,0,,
93ez8ocQ3DdpuT8H3s7z1o71fw17Bf8KdDzQaKnMDrED,0,0,,
Hp5cStZCW7YBeABNfzqAFXfLHgMS5GQmniC8jqZmtNAf,0,0,,
AnoKHqC6wdoqy7kxnjkq1KCyZjMcajmvkNpDE1XyagcT,0,0,,
DjoijxaSbqEGXyJE5yJ4YJH1ipTpLJWLhHzyqzFLm6KA,0,0,,
G3EAdNc2ZpvYbFCynqr3gPsXXfJtuRpZHx9GtznEEuhX,0,0,,
9AcEB4qdUELmWUTC1BJmDb23dx9g1A9ncvCKXz8XuUvS,0,0,,
4QYkJ2xmWtwsBtZFrSc1Fr8zAyLEHELf3DL4EE98K6HF,0,0,,
2bA7YRGBYDM3fR8PxPbpE7Na5YaqM8cUS8BrDekTpqE2,0,0,,
9pqaeb5o1YWAg6b5zxDAysVBQmieMJuokYX2w14T1T7j,0,0,,
C5VygnmqBXAMKLbuZ8r2vpNoVitCfuXYu2ywUX8vySS7,0,0,,
DrrF7rMUpRD1vjb5AjJAHbtEvSroGzrpmEVchkPdTbkJ,0,0,,
Am7AmPg9XWZ682G9jWxdn5SR4xkkWjD4AnbdeeLwkHEg,0,0,,
FaCc3avDXVyF4bwGLZUk12sLKkGsZV13yG8nBFARpRDX,0,0,,
5ioV2tEvX89RCkLEAhuMKX5Q4jzABAG23GU5ho9WaYQj,0,0,,
GE7xY5utFuULY7vCC9pYKBT4RnxesUhqiGoV4S4Scg2f,0,0,,
7RLkUSdTqWh5s2omyNvDhG2fR8dcM6hSenRdgBRqus5e,0,0,,
HpCD8RwwMo3FYVsYzT99PmXuLZNJTETJh6ysPsAhBMEv,0,0,,
J49XxPcDhvPpdMZ8Ea4fCLTXesPLsuUTyboRhC4AnqHQ,0,0,,
EaiNJKtENMJdTCxpZu1HDd5HkieCx9rbtckw92VtoAAW,0,0,,
EzxxiXZ46dUn8vnjCpWuWck5hpjCSmEorcVAtwpGXgp1,0,0,,
5VoBxQmWsKATP87sx4RKF2tY8mUgUUQvBatoLUo6AShZ,0,0,,
54bSHYgSGCWUJbfKLbVuS3LXdhsEZ4MKphc3d2LXynX6,0,0,,
9fP5nGfxmpJPpgxfsSy9x8G5K2CNxC46Cw5FWL3Ux6Pd,0,0,,
2CnJu6gzGuVQd12GAPco42rR7dLkHgDH4a2SrNx1DXt4,0,0,,
GNt8MX3Htjg4cthRkJxfgix1eiotU6rVYcEr5G8BDyzk,0,0,,
9uM3Hwc8L9vpUrJR4ysajts9krj2csGK7xkJLap8cc2P,0,0,,
2eacNTYXZH8G8fa7gocgZN3m5uzykW1RMSspR6r6tjEZ,0,0,,
FCNCWh8k5dVHUgAaP9Pri9QG3KAjk9Kh4am4nB9r4vYa,0,0,,
AweDwsryZJygkDrjYZrq7n1mzPQbFVUi9dfhLLKuaXiJ,0,0,,
2hb7V3CHkC2UigKkCsRzq7NaNFJah2xkJdejXdjz49PT,0,0,,
EzysosDsd4GyQ38FyFTU6299DcYwJRh4XJbXujoY7fBu,0,0,,
4d3n25hoYoyiZEPkfyUmBjoPSxNCK95AjEmRQkRCRHHX,0,0,,
BsFewU85WH96asusyGZ4seNdoytkdUPfunm6mn6HQjC9,0,0,,
J13iESb5eKvH24PhoJvAj7KRsLvcMeMoDQxXkKE6DK1L,0,0,,
XzpvYvSv215srL9C7xGKxrW33zf3voHdQH22z6QJePS,0,0,,
66pw5kPM2nyfr4anMpgLAAznNLQH5q8oYnvJqJCaReWL,0,0,,
DUwoPXSNGTYtHJAE7T5YF5YdZXyLUtoQtceT6gkQDbvk,0,0,,
4YZRiXFGQYYHfFPNztZSmXFNgXC85A8FrTJsrX83JxbB,0,0,,
APEhQBrKzcfqwnmA29FxJVZARHn2CqA4cWYFzp2X7m6s,0,0,,
B8TU35G8skUUadCPB9RRdBTfCDVLJv4QZqT74fQf15gc,0,0,,
K1XbHXtonSRfCysvcuvB9YAL1uEXR1r84wvY9nPB2NM,0,0,,
CR14FvRMRNZkay5esHakzpSVLTXPa7i3SESaFZtih4Lk,0,0,,
3Y4xorLGpv8rUD85sB9Kt6YP4ePL1a3xJMQUp2yg8f9M,0,0,,
DidCsxAvTpSe1YfsREaKMoKuWMTCZU6vAFMo62j4sh4L,0,0,,
sXpwMFfixmByWSyPKAViQCfzmFJPaAVHuMhfJrJuK4Z,0,0,,
4peFF8aY5epksr61PtuwFX6zGPVVhHSVAb98nw4KnE8K,0,0,,
Hun4up3HzwKGZ8gSXhurDLiLqTAGU8rYU5zyPpfRNukZ,0,0,,
HfEy5hWgEun371ea3bgyQeDFQqi9FkBTNyEq4tsW8NpB,0,0,,
8BtxiMH9iCVEi7yxs3947sNR1aes6yCVZBnuQLgqBVhC,0,0,,
bsAwuVJMPAazbQSVpPQND69mvwftQutZhxpWqsf2BUE,0,0,,
3wRRciTZAScSQEpeDPNcyjBPCV5CB5ziVq1dHdTK6zPn,0,0,,
3EFZbonCixU9eWmW3VA4aLGSXQup2dKvCDMdnnmVLZAy,0,0,,
J7Ef3HQWTGWcHpTYsfo5YXwXsRjCQHmkEqeJUJs7Ewky,0,0,,
HtEkRxbRDeeeT6GK9MHdyQ6FzdnrsQXBWbkttYSAtwCR,0,0,,
GZSxPAxLWBHooMo89KaDu9VGPZTVQzyXTn4C4UyQWDMh,0,0,,
EsAiKo4gkgxeUBYWWx1D3DVsWvte5HHKbS1uXhkr2r75,0,0,,
8CmedtrxssYHfNj2bJDB7CuCeK7jkVrBF6A3BMc2v7H3,0,0,,
BpNiLZzjRur362UVckXdPy9vJXgDKQm6GyX7sc1ixd8q,0,0,,
AbpeVDi32UWCYK3f6XDU76cdfTw2u7FLTJ39Q5RFuv6E,0,0,,
Foh1i1oKrEv1MQkJNxXe2HFyiVR6JM2NFtmyUBjq8Zi9,0,0,,
EDgEaL7goqFKLdPiAC9yyLVr15cp9SU2hHHrXHJiWAPD,0,0,,
B2XZKkPMo28mV9zn1eJNnMvvLnDW5hMB4uFMmfR5TppW,0,0,,
HAr732boo17cgLWB4C1P5DjpZ1kUUeVyUYPEmCWh1G5x,0,0,,
7yUGZuLp3B2tXceJLztqKr3ibYXLV9SZgoeX7jPosCPh,0,0,,
3CKRRf5C84fZk9aH7h15pfkVEw2mLmf59UTZtqnZkSMU,0,0,,
97BfjquVQ97VxPRa8iwcwCjQNitfwnTY6MgWmea8zsLp,0,0,,
CQWLzn2RjiQ2FkF7uPM4quCAgqL5dKiid5gyozbAdDh,0,0,,
6aGjCmJBD7ZADsDw4agKnWXevZUzAzPmW7qA33WWqDVU,0,0,,
2hwvQkm4BnBa6kqL7TAB9C5S8zwQfcmoC54yvJD75zLz,0,0,,
73fLsi5DX5ooFQHLQA2VM2WYd9v52Uf84k4g3nCYac3g,0,0,,
HGuAZHydn4TNkhX7WsCfvSDqSgUgTsW7N9mccwLjRXJa,0,0,,
7RQytpvCmSQCmRDo9sMWPFYwXssLZZRiyWjaHu5At7Pe,0,0,,
5ZSENgFRD8XQNR1KQMVZcGTAf3JtL3w3rhwjdybnipMR,0,0,,
22Ycgy5nRp2Kf6g1XcSGhr5yCfRLTE6PvNVYtECDRGmC,0,0,,
ocgxtzGSq9XEsjXRJa5og7YmquFkhuMnxdD5MBjsLMK,0,0,,
51mLZmyt4DRMbAGuSCWoC2S2VpMvdT2aYaXp3wNNPyVX,0,0,,
AyXck5QAJX5SsZ3hGYr5jw2Pdv64FRFyuzx1qRNAsvnc,0,0,,
rndrizKT3MK1iimdxRdWabcF7Zg7AR5T4nud4EkHBof,0,0,,
2QZ37M2shSm5Kkg78ndq9BiXiSwCu16fmmoKD61VYYv5,0,0,,
7gBhUVgTXRA7FFsYLFQ63HfyNu9T9YaMwjAexBkiE3Kf,0,0,,
BceFx58ZJjywd7RbKdjibcVNBKS8ZPya227mPaNa8qYV,0,0,,
FcUyoMJUWcarSr4od6sWuG6vmWJWRuUvTppm8WR1E1k2,0,0,,
8wW5wTuTKtxyDC7N523MfBYqSYSUao8UwpuUrASVppA4,0,0,,
3VNGFNXqN5ZgqoBBc7pG8ByagRhyjVaF5kKC45hK7jEp,0,0,,
Fk4fiCavdntUSCfbzdGSeq9kvEfnXPhBoaNqgbgahovT,0,0,,
82Ua9aHyxCWuxQkhgdMBtYCue6Q2W79KfewYwmSPMcai,0,0,,
5C6pZV3sdXAfVkKTAKJKgcHizouFWimzBmbcgbDTpyXF,0,0,,
BhYQ6HuP5pqNiMzadHLqKBvqP4BAzpmNFiC7t9ocV1v2,0,0,,
85XiiWinxUy54oNyBgWCMKPztazXF6Wfr5hPctxqQHsW,0,0,,
CZtPtVygkSoYNAcZMaQUk6b5BKptCbsGdi2tyCCJYiou,0,0,,
A8ksoWd3q6E2r3f9xSRgPHeLURVYa3pGkRSEGY5kVKJX,0,0,,
HaP8r3ksG76PhQLTqR8FYBeNiQpejcFbQmiHbg787Ut1,0,0,,
Fm7vKoVUd2DV6nxrebP1RBV8kbBqJDuBQPWxiBK6L73n,0,0,,
DegZitCR8MWn3hBPt3hMTvP9jYokPfyYXxWPvvKURiLp,0,0,,
B2KBKkJ8tryd5Gd9Rqp9qKQLASaQzDAuSnbYvzE8jg7x,0,0,,
J8uZpXLyrmaPawRFdu81byzRSLqnurTvhQ9nd2ZLVQvE,0,0,,
Frbtgm9Mvf9B7W8EmnNx1aWcKVA1kWH3RDMWhdZ3FDyo,0,0,,
upDogW7sKHTXvjLAU5U9nPeE31c4bfoRzwiqC2yPM32,0,0,,
6LRrSLtw3KpqAxDzbXJRq9yDr9fUTm6N3345kvb1BeLb,0,0,,
BZE5Tgw1kRbjtnAqA38vrqJfSF1WVhjbfrAtWLNp2CSM,0,0,,
HZvXqHA5UXw3HBuJMP7hf9vqN5DQmCor2JGHyPdSdPzf,0,0,,
GfAiYDpPjmv69zVD4R9x98JVLbKhWdXziqzL9TVx7BWW,0,0,,
CZP1YkMBHNb9ZKNnt7AXGmJMCpJJaVvBdrmbtJQdBcui,0,0,,
H2Z9PXkzwWej2EgzkGq1Q2rcDPAGwS1uhdZ4Xqpcz8j5,0,0,,
8U9qEJx4FRg5wKYiUCCJPNKXSzqNA1sxHxYowfB47zQx,0,0,,
8NyuCiJkSvTe4rcRrMdE9GgHGtCEkMy17cmwM6DzQiy9,0,0,,
BVXKBPa6Yu6SGR2UPpGk2fjmTV7zsC8ATuUXStgMqgNj,0,0,,
CvJcdbpFDWqgVL3kWuf24PsUvEwYmPBo7DQQGGDa54Rm,0,0,,
91vdRVBTGm7trfYWHjkvz1qeZpsJN3NLyNXMG8FWB6bZ,0,0,,
AtaGCMSPLPrge5UtqDz4RPrKk5iq79Ht2bwvmzK4EfC6,0,0,,
HUdqc5MR5h3FssESabPnQ1GTgTcPvnNudAuLj5J6a9sU,0,0,,
GWARTtdYEHaEiGvkKHsQpBkcPh91CCNrpGuhwiMrBnee,0,0,,
J9BcrQfX4p9D1bvLzRNCbMDv8f44a9LFdeqNE4Yk2WMD,0,0,,
HZ1JovNiVvGrGNiiYvEozEVgZ58xaU3RKwX8eACQBCt3,0,0,,
HD96v7z67j9HLqrwxTqxk5YC2iRijo8aJR7Y2hRCu7dB,0,0,,
BnS9V6zoYAFrWVytjK7rCooZGV7DUj9sBd2tSgfS7i1n,0,0,,
93vGSSrvtpSzff1W3zHAs2UvbaTDSwt4H2urjbmQUPsB,0,0,,
C5A9qGY5oszmsg3TeZUEUPi2bxDAMtuCPvmGqubhSgig,0,0,,
8vRnnknwERunJEEDtEFoxzaxbxGnEY61FPbx8uTVKsUD,0,0,,
66sXXr38GQ13ALttZHaXgxKukMoKhHCecLeRarMfGc4t,0,0,,
G5acAqmwp1xSoMEnBii5R9fgxecreA85URHuTTcfvFk4,0,0,,
DGHCFZL2J62ESubXjDJ2yotGuf77Vzyf5EqnoLUV8Gtc,0,0,,
J4CGQ1gsGDo4tLkxVfgiHTm2x84mU8iizpWojPsAttwQ,0,0,,
9MBCvnhDQNZSDPwUKA2BYtbb8vYtQPsxz5AJjFYvMAU5,0,0,,
DNK3ZhMorueEGHUUbRTQXxD1TaRErAhqjSo6WCKa9Vqj,0,0,,
93u51fCzG8St9jSPCxn5MHCZs8EURENeo7bvxjRP6vLJ,0,0,,
9Hre3w4zoEdfhowGLnvEzehJrFmxQ67u6ChazAmwgMZA,0,0,,
3GYJNJqvBw5ZDwXR3FUM9Ypah9wnuPAjJkz2QJqq2hpd,0,0,,
CUjkrDz9EcB3T5iB4grLBknFyF2H3ELMvMWt4xWFfJRF,0,0,,
Gf9XV8z96qprjG1y9Crpn9MmVaCozLyMhLLnbe2Jbzey,0,0,,
EB2rJ1vfVe3eMZEZeqAe5w1HRZxy8fR1F1pcXtzmpoy6,0,0,,
CmdGVDEVqcHFmd54XcB1JHq8DqTw8pEZrUVKbYUKsJaH,0,0,,
CEcyNGRx6gX3hAu4Rb8N6ds2rWmPxsDL5Wkn5i4c9Mt9,0,0,,
2uHHKfgwwj78Zx6j5KdFgeJmG23AjMz9FxBrKNDvnxwG,0,0,,
2ioyweEeV4xJCkFJvh868X9iP3L6Q31MVCawfbJLRTHq,0,0,,
3WHU1YZMbs3WTjRMavvMrt72bP8Lff9L8yRRsPetzjia,0,0,,
BD8XBXtAixTkF3yHSht3CBodW7vrPXzQKKxxNYm6YNJw,0,0,,
6iEmq1zgs82yWXpWuUSwsHooS5Uiw2JYr4AhX3RPPm63,0,0,,
DFzqqccRbiF4VWLv6mFE6tbyiawKNQM4qn1rndrDs8QS,0,0,,
GXVF8zMEts1RG4NtgkDHxiUYUFJ2cTECdKrEpRhDcLnY,0,0,,
4Y7VTL4RAsUfCetp1KFhfVMxpBwcWesWPNZpoRgZf6aP,0,0,,
7c6FaEd7sWKCTekinyhDNNLrZ2LHbhPFxarL7ZLR4YXp,0,0,,
kRAmGQjJ5qBepmNQZ5fV2GWeS2DsfTUasXPZc1F28TB,0,0,,
BoA11spg3qUqAiqdxXvy3ueSNjKp2k4imYxw83e5WFPy,0,0,,
GwyDjdXPvKi5p8yfJqhJmc4HZcKtsggs6ZiPH2g8MtR5,0,0,,
4nSoxJPfBo5PPVBMnXQYYTUfhdFbir85CicJViZ1jA6a,0,0,,
6npXXFmhgWVYYB72oqfqwFVFmkG7D8CpjWxHVC7pQiek,0,0,,
EB3ArM2EjE4D46fy7twLrxLd3ZU5yYqhGJgvRBfJVG5g,0,0,,
5pyG9gM6qd2ztRq8kHWUL7dtsw92PbSbVGe6VPrys64L,0,0,,
BfxuNhQGxECz6dDnWtRtD1HfnVsYcS3RDw52SFoMokuQ,0,0,,
1o1ig9Jodj7CrxXdbZc5T2GUncY8E8mrWxqQGaWQTee,0,0,,
AuQ83mMJyAeNi6mcpghN3SoSYnVrmtQxE4qxWmABGMwi,0,0,,
EEamSRd45B2TzxKDBthiG3Mx4aaUpM4o1iNi17bsWKxw,0,0,,
tUJfZEHm85yhcie1ZnaEGEpcK6HH8mJ55CuyDfWxcVt,0,0,,
324WLUxP28U73tHukPjfmUVXrqCxYB3oacaXioRVHnam,0,0,,
9qsTpfjGUDNEv3e25b6oScbBJ7ztrgYYmVjUETLhFLKT,0,0,,
NkwWwU7gdMang42MTZemX7tDeZFBAymLW8GwEVR2hji,0,0,,
8C997ZCaXp3Lo37Vd7Tsros4QXv3DgAAFHxatGzjQcMX,0,0,,
CFMinRxyeWE1HMAmgSVv6G7Pw9eU4iRkvhspmFc582e2,0,0,,
3a6PJfKe3j6zYYTeFRVVk2zRY3cK5MkSnF6rGTNtCi6F,0,0,,
7TNn68dkE3QyGbm1PfeaWjWdaq1BdUiQmvTv32nquE4B,0,0,,
BvvUWaLUEsaT9GcAyx9PRDFmCNKJsXU1fTdGcyNrANKU,0,0,,
5hPzn9gsyJcRz6sFn4j8eH88rS5TGEPX4Ho9Ns8oqRN3,0,0,,
HEhX2wxFoXBCAdftYas9ZxRs245r8M14EgufboH7hcd3,0,0,,
4Ejr2FF3cBS1YAYhMAvscN4R3yzaPS297ewo95kW8DNY,0,0,,
CfymZhQej1SMnk8NsG9MNr8Pu6r3MWuvEJV6m9fWKrrX,0,0,,
GGEdvHJrwRvK52KJxyoZY5GG7snmehMAVVq5gVzRUJVx,0,0,,
peen77qWZw4XQkvxW1QF6MUJyKNLbqvMzqhkKpB1aVo,0,0,,
5TZ1dt2c8jgNro1vZQyALkTBc4Xawyn6htaNLkHdg66p,0,0,,
7m5CvBHVJ1KfPNVnsWAhVnUiEe8BShcR8CLVM2vq6y6w,0,0,,
Gvf9wJ1uUzawf5imPzRTFXZyUwwxRJDnzUDUhWP63vCj,0,0,,
2726G28YP2g5byg3dNW72FFHrshz1xnsmU6zk1Tfic33,0,0,,
F7sCT3iKN2TstmuReTk81k97hpbMv6mFAfffKjZxkQxu,0,0,,
5h1VfjWpP248u8vEj6Hbt3tDdHjUx1XADnGQixSEqyGu,0,0,,
HiwMsA8uvcUPVsmtQKiy5CBsSvorqg3ZXqDVRJ9SVwtc,0,0,,
ABQEzbLHqBnFmuBFkkUiPbKqThvDeZKyT3GrFWSKGXrc,0,0,,
5Vf7CFwKfNaZsSmyrudM3211VQwUQg5cJqJpQEhm359v,0,0,,
ChJUxxVSPdCzAMG3DMwiCtCWzkVe1gc7mPJPeQJcaXUg,0,0,,
DEn1CfsVybEupTVaNKHgnqX4dUfo4Rz8ry4c4wE3vboP,0,0,,
Bv96TaU8GeZSJ1C6fZHyv1B6tyXacj8Xty6Z8QDoh3dx,0,0,,
EVat2qkbd6f1z7HcaWg9gT688MZwk9wYYoXpGZqjHEbt,0,0,,
6VvA8abPTiBCgD6qntdA2Y9SVNjyyPR5WhDCKWg6kH79,0,0,,
EAUtUkDDJeNEW14MC4gKzBhb8Xwh8EJrQcCqzFmXAiLX,0,0,,
3pNknJ8aSu2ypfm6cGcQ13m4Zjf2agoWpW6msAQsqRur,0,0,,
N4xU9vDEkF7S9XX4HmR5B7KEvt7p3PhHSS8qEWnc7mj,0,0,,
4tyoyMhFMrhYMqFSCdnTqYdVzbDKB1Yb3MVprP62SYk9,0,0,,
GuQWSPREoqJJW2Wg4ke8UrSnMByhFUksdkQDvBmdP6gc,0,0,,
BbZhnnycafnTBxc3qVaU8EKw1HKcT3H25q2igKueSoLp,0,0,,
HVDUhQvoL3cTaU35o6CEhST8KLLuJHcb2o2hzgNvRUS8,0,0,,
APLhqZAwizowhoaHSRxgzXxqwdwcRZu6W56Ppc2cz3zx,0,0,,
3tS6fbLh2P8tzxXuqCiHZpZhsxJpmrR3Xb9psmypnp69,0,0,,
2UvpqrsGJdM4tEt17XJ848ti4hJ9qjsTSTNKHbnL3wkc,0,0,,
2MTkVxBdpmuw3D8vc9crFPUghXCrE2X65R2mKBpVQHoM,0,0,,
GAwo6dKAwt9YtT27xtuZGAmRBS2gXatSkUUPpGuPuS7F,0,0,,
4WNf9CaqNJG91RGBbh4jNcgeLVSvWzvW9QbRwXNwMLZV,0,0,,
8CQ5xR7ju43vwWViKCw82z2V9CMk69t9c82swQrofeLe,0,0,,
38U5k1zEyzxrMz3DAUKtKCFUfycGZixZK17UvdGScSdK,0,0,,
ovLZsEmc9ezTkV5o6i7P8MHUo1q12cWY8Z64CVUWYwS,0,0,,
4KmW5jk8C7XEtWZuZChbkCspGm1i9yyBTZUCGt2xsxpo,0,0,,
3siSJUZPEh8f6tHNf25FrsUBdwVtBWHNLT2udjzJPRN5,0,0,,
FCfheRgK4t79g46u9v4JaykNbZNVdKcwYwP2MAK5NXgc,0,0,,
Hixr94wPpeSMbMu8bE9gDhBr4v8yS97VxJLhGgTxPaXb,0,0,,
Ek275VzVFWJpsdjcit6Y9QVF7sxC8fP6yxpQdv7kmcow,0,0,,
7zaEmPCgaPKWH8PBHtyetxEZkm8K487Tp1GT7TSCmGbF,0,0,,
6CT7mPz5py96rSfYDMViPhA9yusSQR98bsMxAfSqVGN9,0,0,,
EZw8yc4jV3qqWMG1gSKU66B9jnhRijBUfjdf76JNDQG6,0,0,,
5Dn4v1QZXzCiuLKcmAb7HAnyq8T5kgUHvvTaEfEPyAHq,0,0,,
6VyXdvvzZXp8f6Ltb2vmE3C6Jpp1eXHz5aRSkQmgxz8r,0,0,,
7rNE5ssBbSYPHVrgcGAYGEHgFvrUvLWSFtrU3fZ9uErk,0,0,,
2iy2PVWPe48t6AUz5dj9raJxb98rh3kwJUaWeSLjZwxX,0,0,,
HWNAANRd5wXM46gBTiDHm4gKAfYMuy2afmH2Ji7s3JDT,0,0,,
6Rv5CdxsvxJTME6PPouDF8JUvYtxJJZbn2a7Z3FzfY4y,0,0,,
9oxASS1b7ibLR8dgDPqewCaFLPtgjGrMTXPCXubvqzb5,0,0,,
HPwAwgmsxDXNwppimHEdiq6yxPqMPc1q32zfQ5Kc31CT,0,0,,
781R73K51v5Kr1DeXMDox73nAvDvTQaZQsu267odfDEG,0,0,,
22wZhMtqGPqyFKefPBNM8T5T5zKjwrWfDnfGW46SU9N3,0,0,,
5eZrDs4ERy2FmMAnbJWdMX9nmLnZMyLWDB7db4MhG7nx,0,0,,
xBtZ5BcvcR1s54waV64vFXqAXQC917PzXYksMKjd3g3,0,0,,
3TswtN329cekJroUXKwLxMoZwDGk8sHvEypdjLBveaJp,0,0,,
ChmdNdLL3S3kuMdDdr6FPBuccgSUWzDcZshfFwzFa9AW,0,0,,
CZdRWAiKpRAseWzNjuJTmyoNVaYW9Xn6N4PczKgSHpD3,0,0,,
4NmXYNGCwMC3DSvvt7o8ULfEx8rJ9w7QdPVrq3kcMVem,0,0,,
CYmmZen6WU4YjiRNYDn9suk2zubrhTcVEb7GAiPSDNYe,0,0,,
Hawft9yoPV34Vc5zqYoik9zG8Zm98NXMWNBj8D3us1HJ,0,0,,
8tfcw5rqo4maqFEjFdXt5NSAhSe16QNbpGBMcCwvTc4f,0,0,,
4uE5gm2mVVLFMBsdiwPWJos2j5xxuvH3Yhqnu13XCsV5,0,0,,
6XFYxQ6Bsw4eaK7MRN5finixsLjbVyCykUaEgWtH1Gcd,0,0,,
xb5mRWQJL9TciazmDT7W2sjemDL7jsnKNTYzing9ZHd,0,0,,
9oX1ULMsWxemYGk5nNL9b6rY2VByLV3rxFYnAjnEY3p3,0,0,,
4BzNHidqVFVmSFVQTUpmxTs29ScoNtKEZnCFt3b33SD4,0,0,,
FWdWVCYSFWsSa4QXPzeYUDVrnijY2CkF4zV7tquFjfGF,0,0,,
3mHtNPRg9pR9im793Hpk2icGTYTEUUzysbsM4GMstjHy,0,0,,
GMd3D1ybNNXedwtjAxY2Yg1w8BnV5zqktMf8VnUarvtY,0,0,,
43hdEQU8HuKTAurzY96peECEBUYgHTdPYCZFkq1d5tdU,0,0,,
DiFhacWf6FbRg9oHxBxTUCE5hSEkVq5GMh71WtaTg8yn,0,0,,
3AAA7cN9Kuax9PF8kgfu6agzVsGB2o2dWSvMgiX9wJhf,0,0,,
ExeRrhf9i2yYhy3nZpnJLbDEyHSCS96H6th4yB8u6cMC,0,0,,
Y9yvFpau8RiJWnvLVQ1TQ6ME6vPVvemCu97iefJifwp,0,0,,
138315TX1ipy7WNxjGS8Egnhb54PjLMWBbHbttLFV6qs,0,0,,
GJfENA4XweoEzf8ZY8ZAf4Eg4U7Aaa1gyLN1kBLSVtPM,0,0,,
FXSWjdPhPQ1Exv3dHj7EBc67raeWGeT36pSvmKqBVEHc,0,0,,
DNyg6JPpCF2W5K8mX5eGRkxMjijGNdMPZeBQbKdcfQhR,0,0,,
7agFWphxVZ4qH3eV3wr6WQswrsYvt6636knLcb6CVNfC,0,0,,
7Pj7YKwg1NZuWB6YQcgjd548U7vywMUdsxhXwcE5sJqx,0,0,,
9tPr2AiGh8Pm9JnWyULsyJYaw8jeb4RUnX61RcN2wAeS,0,0,,
BQXHnUwsjySHNWrJJekyikUbnJyYS6PZDki9peg86wmh,0,0,,
LFNTYraetVioAPnGJht4yNg2aUZFXR776cMeN9VMjXp,0,0,,
31k88G5Mq7ptbRDf3AM13HAq6wRQHXHikR8hik7wPygk,0,0,,
6M5YzWp5DfBizLBGABbqncX55oSbd2gBNaWAkB5GTah,0,0,,
6tVtrnG1Hn9V4B3X2ty8fzKKxmnnR5QEJheqTfpSDoL5,0,0,,
HcLayQPDrB14qv7Myq936KWLq9td7Qz1S4HFHcukm4uN,0,0,,
3kJUbDakZcafSdPa2LNPVSgLUSfKxp8K7qk2JjoTQo9Z,0,0,,
4Y1zSTokxKVHKqkc5KML3DPWd9DzArTbgZydvncrVVaa,0,0,,
66kPugqFrkY9BHrSjSgwR6Mi8K9jtweHtqh1F4QpUU24,0,0,,
Gh5oN1omm7B2p2Eq7kH53JAKoZbMRNiGrye6iSEuYBRR,0,0,,
dXi3csBhPyVM7QD4SXXXiwwBDfYtED2AKabyai2WUtg,0,0,,
8JvfZHqX84knQWYoZQTkykTqt7FdgE8tVCGBcRNiiKZB,0,0,,
A5LCTQ1vJECCQWSXJYs3rfCoexctbUgTCAEKDuNye8bZ,0,0,,
KARENgfqgCCH3xrQesAKg1gPKsFa5JsM5hvUFpF1Vkm,0,0,,
6ymS9vW4vgkW9tC6ZVqqYCpJtgMxDXYwAdDFjng4LVmz,0,0,,
DWXJXp1ZvdWR6tpW5ujorpW2YjuSfbnHtSZ5KhuBKKus,0,0,,
EYEcjfMkpqvBH931uzcaPM6Ta7FQ7ZfJ1wUKRYei3XoD,0,0,,
muJHX7LRyidcUk3Fqb4TyhbUBkKcpjmQKF9TAYpBxY2,0,0,,
BcdV6U6ZrDyP1PjgCY4FCr7opYD7JEUWdDjSA659Fy2S,0,0,,
A9ZjTkTXQ43kuoTZLZ3nx55nrBEjoDy1nFVwYCFRAcVk,0,0,,
7KKLH7wV6NiE7AKN3AXB3ziVCxQE6ZwZkH7dL3znGf2M,0,0,,
8DzgeZZFkXduEswtizTqv5pixrBTys4wr4nviX1D35YG,0,0,,
6ZxP2Y1KqeDFBWrTrxfDdq74efYqWbeLwAoGMK2aWnQG,0,0,,
EjzttLfW5mVBhGN4QgFXR55RwNX4ruX8i9tVxWPWn9qh,0,0,,
76TfaXgvVxMT4oSVf9TgNhYWffzHETwVAEub7uVFqJaL,0,0,,
5LAi1YvXB2EjwVdVWq9LC2jQh7CuNRBapqKszgM64Xn,0,0,,
7DoNTNhPRcCDADiqcVAro6nUeLXLbkuPjDkAJbkWq1DF,0,0,,
5cQe5Fo5LnRM5wpaHV7rDyvBHg1cRSyCwDdLRnuQWniu,0,0,,
3pNKZuzJmDA2svkWrab6WjzWV1U7N6g7r2fyr2U9KQC9,0,0,,
CewjVS9FWE7q5NsX7baqstady2GgqJBVeZmJjj6NQ9m1,0,0,,
8c7au3AF6Re5rQi2hxK21NcXpsVW34V7cMjnbR1yneXx,0,0,,
AmKdcXReYTwmxtekQ5SiPTbnLtnwkzJpFbZ5XucBJPzK,0,0,,
GFHEQ71AaL7nh1mU6ZjJHAce67YksHQQR13rf63xsbvK,0,0,,
3EXjdZLAP9KvHJPmoeSnuFTppvXQZ53r16J8XpgAuPgK,0,0,,
99pFqM9apQ5qcyXufkJfP1Cmun8apV23rjjMUShLcFWJ,0,0,,
3gkEAjuukyYNeoJENJ1qRRwahefY4dWqYpyU53R66g4F,0,0,,
9T7ekhqboWvW2ptkZj7cvckKqXmjRWakx69sHDxDfxLe,0,0,,
HD288dcYtLxtYehycybTcuY7E4g3sKVixTF66TJz1MfL,0,0,,
DsRtYE7MmYNSVQEUn9gR4EKCs6Tcey6Xu7CRtBPLknZ,0,0,,
APhBqWDwndckQNcJmkygueyd2fc1c6AMQ4Q1FDJod8wj,0,0,,
8bbNwPJTPXa2DRJeCY3s1cffeic3khmCjpebkpTqAf8n,0,0,,
a6inQVXom8CDxxHiPhA8CFusi81oXL4juwDfCBFGCaa,0,0,,
6zmrmNUGdRwrqcchshVkBgAyLhLwZ7QvJRQiKktqVQLV,0,0,,
DcyjSyNREhPYTHNtFM4Q1WvaiAvPQHqsiGB6kCFNNgdk,0,0,,
7aWdr1Gi9D3XhydM1By926Dd7xnqMYFgbseXfgKCNZEK,0,0,,
AVz2ktmqghHjRHbz71qo8a7BzMQ8CNQ5n6m3VeHeQamU,0,0,,
9ufMviD7skudBGw91osjVyf576UedM9ZAyoGm9mcbbdE,0,0,,
8fqVdfBuqXzxFfc7EZZ2rjXuFSDcBYUdgJaXmB6jqZ51,0,0,,
2dAGHTyxSkn1Ya4qnLHrV9y6hsTSnRdGVTmy99ggr1MC,0,0,,
DEspKUuYowz5975pGL157TVWghoDzXh5MuxxbDEwNyde,0,0,,
FEVqN7ZL9hHk9WSv8TTz5qW8Z2GtGSELcchqCPNvAodx,0,0,,
49kSLSKUGxFPMrByEnXoxYGoKNREbkBcJYjGNPN6i9Mn,0,0,,
93uuAaiKSQ13JSNoMbKtbRpdMNDe39e7NqGVanZ4EZBZ,0,0,,
55paRYJNk2hcjjuAKEACiZdaCiYz1okeuWq1cWit9Ket,0,0,,
9vW2mRCQMLtsNESRRME4FAd4LPpnn5HEQJFfrVntU5GJ,0,0,,
5qKYubYnWygpg28FjkmDe8c7cEZpg6vsSBpDoFNoiKso,0,0,,
9LAi9AHuwXnNUjPXXRjknFxACYXQBemPKCiEcwMQN3GE,0,0,,
6DSqVXg9WLTWgz6LACqxN757QdHe1sCqkUfojWmxWtok,0,0,,
5HUYrjCpgFzwkrr8WnagUM7inxmUiXt6Wyk5NynattU2,0,0,,
3zUH1Sx8HEjGdt32RSt9qQRpu6z7DKZr2LFGKJ3PadjM,0,0,,
6sQqsdzjhNjujvXXc2JoSuK2fEfwobmSCnihN67jEJ9m,0,0,,
FPoTKmB6iDCDzTf9T2HwDiYMnGu7E6qTpAQ9TmgYpVmU,0,0,,
AEs6SmxQ3iW9RqDVYU8hr7isJvgrySLxtBByFmHCx2EE,0,0,,
AViF1W5zweDjunoHrnmCedm6AHfTJNrozc1RGpZUTbuf,0,0,,
2HGQymu5NEWKv2F13ZdmLfcRsdyiiA4dMQ8LM2z184nx,0,0,,
3oBwL3kNsUYRL8Koi6bwyUpXkUN13uVBNmFoobmiP53M,0,0,,
5d7ksDbFGxhyJJxuk43KHibwiUwp81aPaqwUB1EbHMGX,0,0,,
9uATxVZE8wauaPtCU4aD2Ee2qB8NT3Dc8EX7qdbkzsTu,0,0,,
35jK5bfoShK9wPqJXBAjyUJyVPtcN8PqVbiFNx3RNuBR,0,0,,
6QiTKcTyvCQqjc4KETAyBS1NVDPYrnuwoKTkLU17AXvv,0,0,,
BQ3F72yt9FVRgYrqCVCG3YohyBesDZ9bTuhGdmQ7GNEF,0,0,,
fws69B9se9pCk8D8ZipdS2cLBChoYX2Nynay6c3qTQB,0,0,,
3VJyo1n5EkBGh6uEcnKA1Bf8EgVnvrK3XjcDZDDXsPLF,0,0,,
2ungjSktYv8Ct8ZhZTjXyyagdFh7ZmAZD5JkBkrfu72Z,0,0,,
AUwta4HFCHKUe7bJRr98NUP824Evin1t8Z2VNpF8n5YU,0,0,,
547pxwwGaJrGH7xURARWH9zTrpVQAnTHGfXxJYQ1MgwZ,0,0,,
FYD83LZm6ZsGdA4uq7mQW9SfveN8LMipuUtD72goycwS,0,0,,
51PUhVnRaJp8AnWx3hVwD5HByjmSbSAK3r6qtcj67CLY,0,0,,
BTr95UFsnU7x8ZM2wxWfa49hp8jbi8xKu2fzFmuAHBqp,0,0,,
DGw78vT4Ljo7K2DAZWYeR3PAUCuFzR7y8Hh48PMKV7sm,0,0,,
Ahui5nrpXhZ39qdfX6kTJsSsfaRDHGSfZqMnH6nc9FVg,0,0,,
jD8gVEjhkJos8caTEuVApbBcbZfCeRovxMCGwe6rtNM,0,0,,
GREE1xhoGvX9wUBKNQNpu5PLWG57NtzmxSTEkKML6agV,0,0,,
Eut1dywZvSHzhFdWBjLtYQoMCP2o5ZoAGFcBVW89VArF,0,0,,
E4j88pfriagtPfbRU9ZHRYVjXYPBJaaFJCPaRzsug3Bm,0,0,,
6XDVnuVMFxvaiVkGM2cwDZBu8oxSp1i27YRw6okpwwpB,0,0,,
453WvQ4tjjasUWFQAEpsv6mrx4okQ9rsDXBjcDhvfqjZ,0,0,,
H7QTJpENABFiZgFM97HtP1tN4S6aGbfNsv8VbAtmNnf4,0,0,,
7pKa94Q9M8Fzb7Epq7KTCCEjeZiGzNrzsSU6KjfKQuNM,0,0,,
8nsguaz8H47vae9fWySJimhP1ZLUAWJCmons6QHtGvhD,0,0,,
CcD5FfUGDKpLfvHUkgZuLh58DYXWyWg1s5p14Kzx75nt,0,0,,
2jz3hA8qYehcqrXeC96H1MGPBvPa15ciQSwzB4jzfXBG,0,0,,
6JoLA82ywfdUEQnwkeerETwW9tCCjbqinPHUEahzqrpM,0,0,,
4dqK5xL1S5pcgJ6v3R4apwY7iJnwsgskWWb2VvpEKY5M,0,0,,
HaM7pALXmgwS8pbdx7J7SG2SuK5fAghbUmYZAXyqhAei,0,0,,
CXipBENFnJ2FpWrHR17SsUsPEacXEuVdpk2dGBenrJfN,0,0,,
3wcUyghReUvQosCLHZb1xw5NDDrAxuGrge9kqZL1mzD5,0,0,,
EDqvCsbNCWJLGpzU3v1WhsW4J9ojhCc9pSWrFb1mXaos,0,0,,
5x639utWAjGkwsfeBpd8c4NaDMUrMHtgDEaamt6nHuhc,0,0,,
7aSZhRdAy72BwBnZb4wjKcUTmkMnaUqb6h3z6sRSzHjv,0,0,,
FoU1k3QvXAF5x6DgSQv8QV5W8huyKbiX3m3kiKR4zt7G,0,0,,
FzyDXH9KzJCWYebRrUbhpK4i9URu5R94rAPwiAN3DpF1,0,0,,
H5hfzkuB3ihDfG1eEPYftq37Tw5YRqYXHbbtMxESSRKZ,0,0,,
2Ar2n5DJSiQuMhY4XeSzg7C5AGMezZPoLUt98VmmjsAR,0,0,,
CsFX4FdmoWygaTxoWL7px9XKCTHREkVrtgfREz2c6UB9,0,0,,
CXGXT5Vzdf2YV2JcqyBKqnRJKccdGpyWWwbsayWA5VxV,0,0,,
9PYizr56GEcF7VDtwPUmPnhoX4uo3wKvDLrH7i34be5T,0,0,,
CgjYoYCiWnApJusGqypsyy9RJPd9Qaq3FkgD1H9r1Kj,0,0,,
BdUC27L6hu5gJP8B7oFD9thrxNmaLuDKrqnBqarVWupJ,0,0,,
8xwdKX4U7giuruSgJCvCp4g4xFWJz8rSTdExy3gVopcb,0,0,,
4MA5Lh2T1Um1vNyn3d7uxCLz2CstFRvimsZJW8tYmJbm,0,0,,
8W2AUGZSkDr11Y9B3Cz6eb68wV3XwH6BdcPY5RijZmuB,0,0,,
9TBfoogdrNRLCWQxfV4XWQFNmRP41qNpczbR9CneBVAW,0,0,,
8Rw6Jpo8tBRZ1ERDDTQUrTqd9GWAnnx8exVB1yZ4WDCz,0,0,,
Aorj6jXo7XfgR6MGnbw6a11KPq71ZDLFfGyjgjQpHfcH,0,0,,
AMNJ62L9qgthq39xZaJQsFL95BWmpreM2xxibL1BmRvZ,0,0,,
Dzb24StY7crM7uJ8ocAAwj26KWV8QioMdKDb9tmrX6a8,0,0,,
4GztxdKD2ikEAyqvyqTRVyud9uKA34ckkNgQwFJ1KQsX,0,0,,
GfSwTukgAWFZ9TnGXRJNUx6zGQGnLtE43dyBKttPaqye,0,0,,
2M8XZYkfUp7o5oExK5ooFbF4SgaY1mfYXJxsALsSAtiF,0,0,,
6vCuBkrXcMT3dPd1NLxa3TNf92MMHVvUkbgngz4eSXWs,0,0,,
FwX2agodv6ys7TFvzoGzhTLeAY8PE4fXLWhP6U1vtuFy,0,0,,
6YuzFtwGPxzY8nQqxCMch2xK8XtFDP9vdXJL6Ym24dmB,0,0,,
3AZbwZbxHRqazfohQ17h4kMndpekRjYyTeLdPmWANPmQ,0,0,,
Au7N4eM3cZANvPDKH7o6YwGGgmaeYbgAkKXza3xExA9W,0,0,,
92EmsF5obuypeogiQxTqnDpteUMFwFWvDDEoSwHwnGWi,0,0,,
71Mzr16v1hHd6LRicNJuwtEhYQysPDbx2Ccx4pnojBtH,0,0,,
d52LqKc8L8MugtZCc4SbDdCBu21boeQXqwQWhk72RSi,0,0,,
6ehSccFMLnBGMdzkJM9KveHwahK2bkRqrzDAgn14fhMh,0,0,,
AT573n8PJo4aLQfpNXvSr1TM3cQztqGwNgVzMezNBUbq,0,0,,
Go1uKSzkD7KajQ9LyxbjKHWGKjnqQzZrLY4yBKnKEBnZ,0,0,,
HbWaU2paCMTDxwuyw5meSDzFd5ix3yNQR4PyaWGbWATt,0,0,,
4z4xC679oFbke4UJYEdujoR27t8jPvL6ogtyncnpoxEG,0,0,,
G5dQuyizeauN5U34GqMkzCU2w7XSnP5zMT2UBvgwCPid,0,0,,
BSD6WUcTfrKXoZnyvEL3oXhTikvbRDUCpkkM7XFy98i4,0,0,,
3izdjusqttThtA3zp71hbXRr16oRQpMCktMiYUDBTQPJ,0,0,,
EEsstyJEjKGcr2To6e44kq31pENwMkbETtPrZcNsgkuW,0,0,,
DBq3d883e2TFhb8iAVHrx4r729L7cRKjHgH5WDcy7eJg,0,0,,
ApDaiR5N2m9XLgN8EWmd6fxTNyVDqpGUaT14adoHed6r,0,0,,
2UcTmuhnyFhQ5PrknA8Kks5PRfvc5XYPT2qPFk3RcZdd,0,0,,
7LX7NrH9gk3rXRF5MkiAZZ4TpGApdk3UQ9gqrqnCB81c,0,0,,
B8yy2YkyQuupLmP43pctavFhH917jXTjunMHT9cWr8W4,0,0,,
5tJ9bdxMMxMFa6i714W6u5hvLNfDArGRso5CT9d4Eb2U,0,0,,
799gbQCg6c1VHrN4YeWda76A4SE4F2BtQgcov8Eu95xK,0,0,,
Fudmky5ZiuuteiUomiXwrUfw2KeB4hkXfvHUZN5fnT5M,0,0,,
BdLQrrk4bewYpNS9NwZBD6a7RxUcxnx7u9AhA4zua16F,0,0,,
6ESJ7PbmqDLNNdqotz8HF5tQWCjQDfhgfdbG9G4jC7AE,0,0,,
MXJAnKLWsPioK5wg5ozqU5fejrVKFt7ySQWDDAV83bK,0,0,,
EQf8kN4YxQdidhXY93iaMWdX4teTa3L5uP6eEt14hKSj,0,0,,
coonARxhVDqP3ywUFeo4a3VTukJoMbRGtvGacckfvGa,0,0,,
zEa8cMBRrHgNbdNX1JSitU9h7hNF7vjzuPDtWzvz7j2,0,0,,
3fAe1ayTmr9ubX1guR3aTZ2PBoF9aA1GS8ahifngdXQh,0,0,,
Hrd6FKpfSxTn3x4MvyMYm4XwEi1NofuDhZQavEKSycLA,0,0,,
8xM7bkggD5NzMseZqDdaoijFpDUQKtLsjLoCwkYgxsrG,0,0,,
Ht2e7AuhDVJ9qPzPvDsT1xbDLibXt6bJUVwcfjrYtHEP,0,0,,
GjQ6aMXQYz7tbL6p83e9mF5KRp2P8ajAjcW59D1gxRxw,0,0,,
7aRpTYFd5Vn6cXgzpTWTstUMpNhnS8G86MNhrfp7JwxF,0,0,,
7vb7Tm9MkRr2kVGH9EqZXsuKvzgYXXRgKbdH2VCjzriH,0,0,,
7K7aNzu9TPDQWiSkJzbPWr1QwPjaWFLZ7ZoJaJAahXJC,0,0,,
GVACsfk6dPh7NEBui5n2fhjDijfsbz5EioKhSy1pepyc,0,0,,
3H1uyRGuvrYn7sgjd72KuhDdHrvkHADmK5mewupyCreQ,0,0,,
6ajijkbggSTp8frj4N79tWwgJyRPZNLMU7qoL2HwaEeu,0,0,,
DecRXNxzt8iGq6Q4gTeMrXHARcowXHQ8ycc1ZGW69Kwu,0,0,,
5NpDu5AygEyVn5aabwLa9EnX1ACc8cBCYR47PNonymgk,0,0,,
WonnkneQBWmx3665K73i2jJmdnDu4VU3YBPXLDvBosz,0,0,,
H4zHJkd5fmjRnAj17sGhPMxNyQTih5zvGmpHuttGcgMS,0,0,,
7BFtB3YgD6KCPFzZxXDuYzE82peFqaLXtJXDMyAguhGt,0,0,,
H268nAWaWAPHjbqAnzLXAJL9G32ULhc4F1L9Z3V96Lrc,0,0,,
AWHYh5LYKJ7X4jgSuU1yUK3kJkKay6VfwGuYftL2jmoy,0,0,,
6SY6s2QzdBpgUnTxKJeaDDJ3cZtLeG7KkTcYJhzEfAKM,0,0,,
5afzrejznNxYwb4GkGXshCAZ7gahwNzsv33inwtUCZQJ,0,0,,
6dtG5WgoQQTfCpTKEjGWQQR22W6NEdxX7gvnfKvGHPR1,0,0,,
AX4XMJiSD7vseNSvvWM1zisWsMMZ4UjojRVRxQbNF3GM,0,0,,
9tz25Lf9CUfutPyBP7bCXRgeUm4G3WvVtbatwTJZ725t,0,0,,
D83zqpBAfDSY2FiCkFmp3uhuQe5N8n6hpzXPWvdwfsX9,0,0,,
HiKhyAwrD94zsvqfMvBFZZfsbB6XT4yefq2o9zjmmPoE,0,0,,
4EUW3UTgmGA4QdWH2dTEKqdEP82zZ6BJr8Ym6cJEfyL6,0,0,,
2kzcy8K1rxPA711HyNhgNrJEh8PCpG67DaZcBLLXxMgy,0,0,,
ELGErJYAWxbzHNWaBAyrgYoKnWTnPnwZNb8xtbSDYZaM,0,0,,
chiPiQTvkQ7oPtAD7YLQaEeHmPqXCa2wcRQdwFNneTe,0,0,,
9Y648iFfxvHSonbQdXPjCf8RsBcHutSWDUkTruoxEAQX,0,0,,
12zaqx6WkpZY9LPKWSp9Sm8tzzUPjvA3vLNqjV47JpW1,0,0,,
BVFVL6rriPSCT9H5BuH3te56kznEjxXUqKRqaAGqjpAx,0,0,,
AqKa2CkGjDsShAzam52nEUc6PUc38MkXg7xBhCEjv5U8,0,0,,
DepkCMomnbqT72UZg8oqzqA9CDo77qSs6NuGsPCyP2Ys,0,0,,
C8qefytDahNAw8T1WceTiQZLm84KBpptPXLrggLn3m2z,0,0,,
8qv1ixhj12WetL35o6dXYiMXdf9NrPjKkZdFMHWgvVQQ,0,0,,
Di6CR9mbxiDJQfpKpKWcCA4T9zsYJh3suUji5yHfWAcs,0,0,,
8GqUVnRxNuKpBtLcBk98un6ytTvdSbDFWRHsmRVyup3H,0,0,,
B2eRhHW1fbvYCkhRWhKJ9EoeZH8Dcq89njzvujmaHJmz,0,0,,
7LkpYKrqzVRmWF3iE9QV233ZMyiVgBRKbVeRz3Q1qwu7,0,0,,
B5Yx5v8b2ZiXFGLr7JD6s6GXtGfJwVmNdrzDPmEAEAJC,0,0,,
DkB77AoYSf55M6PUHDbkCvjomomo2buniQ1EiYx2vktx,0,0,,
93RC484oMK5T9H89rzT5qiAXKHGP9jscXfFfrihNbe57,0,0,,
9sQoVmiyCjRYMC9VVT3oEB4eCvfCGPYqCgHPxMC27mqT,0,0,,
GoQ31A1HtiqwnuxKrcha222va6h8rnSWwvr9dgk1e4bX,0,0,,
Eexe1toiFmx7KmhpoWQPg7hF1Bc7o7Av9cq2X12zQ2zK,0,0,,
FfD8Qho3GJsw4NKg13mtobjfQKYWq6Ygy8Ypm2ZgcJQH,0,0,,
Ho2FQgg65oM1zpYuEnC8fULpBnWtqRCTrXRP56AeyCci,0,0,,
RWbZFmE46Z5eotHay5vs797DxSdGTsmTSpmfgF9Eibb,0,0,,
3QT1ho3QJjqwDVP368dwwkWamMvYKYMtpKmXjTQBqUd1,0,0,,
B9DNQ2tYM2p8qH9ifc69rsVcHR2ETetGoBFhqmQqKdVN,0,0,,
EHR26YDrqW4rwWVoNqfPXN7Dc3RvidvU63GYDqrm7A6P,0,0,,
G7Lt618GCzjsv4hwCftgLQHAChCnAaueyzsJDeKHw1Vu,0,0,,
BHpt9iSyMDCzDCnf9JhgK8duWNaHHxC84VN8AaMpY1Fq,0,0,,
HdXaqp2ebSTsNzFfrPtp7NBQC5j3j8d7kx6bHTxVg7Sr,0,0,,
ABo2WK7m6eFAMXr9d6XCbGxr5a2aFyqRCN4C5RGXdLXF,0,0,,
F2pqJBgqVfbRPDRZ37DjqTTRN1c7NWtgcSDL8LtUWMcY,0,0,,
BW6YMnPt1UUh5DwfyLj6cagwVbowQmYoG8ntwgLVEEco,0,0,,
AkMD3NVrGDCLv1rmMk32yE54CgKNV3PHz3oBDHyqgt82,0,0,,
Gf5RPhGTESCRXautq19PDnL3HzNFqnCefNkuLw2eNKEh,0,0,,
nNiiZUKWTqf3FgYkBJRir3JvsnMCXyYdeAYMeiDdVjX,0,0,,
Fwq45mCB2CDXEWjo4fUuvPJkM9ZATiT4d8hpMR93QJ3C,0,0,,
9XSK6qyKPXGckq26Kjxk2mZjeAGtpTFsWYBqFCT3WZHp,0,0,,
EdgCKwta6vNrnnfcNe9N8bFEcuR6aNqEsutmhaeN47Mr,0,0,,
BTgYnDYqYCdSWtse3y4TgZe4moYnpRGGLXzwrBaqQ4LM,0,0,,
8qpKru6wL32GPLDJQ8XxMvfRVBeJwNKdLkeFTTD8k52y,0,0,,
hyc2UxPsXg2QMjVMPWxFovu3QSkQbxiok12uy6pDNEj,0,0,,
8K8rXHw32EzoxST694bpYhtTz2F9jTyU1XGSi5KKCiEa,0,0,,
BM83DZoPqZCyE7msSPHibs5PWWgGgTRasFYVbrZ7H9qz,0,0,,
Es4jN2Sn81SDpAkuppxbJ2RQzQ4RA5iiF3Ds4wWGGmMN,0,0,,
9St3cd7AuoadBcsEQLUh4XZi9ZGDm4GrT81hzWexCGL7,0,0,,
FCUKBVkK5rT9f2CK7YEc57tgbTVBZQNZAkcH2xoud8LH,0,0,,
J9r6oafWTuuWG5MuyJccbbqZ2LdY9uj4sBF1KPiLYBFa,0,0,,
4fHyupYsrdf1B4wVtcPi2bwg5UnobJczJrDGGwFZu957,0,0,,
7wg8QuBKG3bhvb1kmvnrpkKg6bHKKUndeYX2vhzCen5o,0,0,,
GqqjcyCSzoxtGHrfHr33JcUR3xTwNZw9T8KD4pFqStSv,0,0,,
F6cw6UdTZxGDMyKTf3WrVNCXP5i6cAPHviydS36A9PQw,0,0,,
C2g6PrQnoiytTJ5uB3TNGvAbNLhdbAeuMk847i4ttTyH,0,0,,
8bP8MvxXsEcemFbWByJonszCnWJ4Qgae8zmq5vsmT7df,0,0,,
7Wcwj1MVfEqp7zL5djGiFuUkUcGrbK675KN6LoAknzM2,0,0,,
GA9enLJH9eySdUYpBuaex2Y2CocQcF6UZ8AE7FVYsCa7,0,0,,
DN3D4qe2SYRA5qR2DThXxwEeKWmUsZypNqS6XuvZXTiX,0,0,,
AGyUuFvYGnUUXWG6GUKga4B3MGmBuEZ9hGqY73n76XpJ,0,0,,
3oahLYyEF8jDNTZUXJoNgjUATHHvJENP2xUK68aWmaXv,0,0,,
3pyC8sgM2ZjbNqnYKViVwHM5ffP6boMwD9de19FMM8Hc,0,0,,
EKDgnX3fwD4z3PtQtP4FjhuWRV2NdBSFRgkTDqTVwVdp,0,0,,
DvkvJLVLHFSr6uhEBeMQ4XTsPLtbJ6iKaWetLpXUmPGL,0,0,,
ERsHF3yQF1P12ccaCdhDMVzWeGKViz9HC2bYKikNPsBU,0,0,,
4PxsgZxQZ6rJGvwmXGtxQH2N5Y2C98uk43op2mqvP3xU,0,0,,
BRSDw2v6nY9Wd6nbW7G8vbupy7qrfpdhK7ANWWReq8kc,0,0,,
21V51JLLHMpwM69PVhn8tE3vBagfgDshgEjHDi6S4RgE,0,0,,
BuxHW3tBhHv9ofrQ8Dok2F5Dk24BH8MrHH9WpGiQ859b,0,0,,
EcqLdECxtzWVEXqJhn1G5RXNSGQ73EnVHg1fKGsP6hpU,0,0,,
6wxtKaVS5FVJVq88KwMG7AvkfGGC8inV32sgvfs6KYjB,0,0,,
AydKsiLPsabGN2FMAHwXnQJ2QUhyTwPLaaUTJ5sPt4AD,0,0,,
ESGcXH4aQMyWR7hz2yvmKNj9vwxsdGBNGxd7aksZnGAL,0,0,,
C96W7uvuAFT2jQqu5AYgrJ42Nnri6ycLaTDYXYjsS8p,0,0,,
Ez2zVjw85tZan1ycnJ5PywNNxR6Gm4jbXQtZKyQNu3Lv,0,0,,
7DGJnYfJrYiP5CKBx6wpbu8F5Ya1swdFoesuCrAKCzZc,0,0,,
BdmnXs1kUswQHYtDycnUhuXx9q7JyjJ4QrwmH8wajs2j,0,0,,
DhRQWsiP53gVXnG8KQwq63Uo1FvouRpVNL8536tsVD5H,0,0,,
GC8pKvYkBXf7zWzgP9pfzUsS3Q14hruczDMAuryeNj31,0,0,,
DCBwMdkhV9TNeJ7fVLZgkDaxTnJriFAQjkDQxMNwMX94,0,0,,
Bwm9c3yGheQdeJJvYvMUqGDcJdJYRARRJfVuYiL5M8Yv,0,0,,
6rB6HqCijQjPNZ2mZrr1YFn8qsn551Dq1AN85Vapqebi,0,0,,
Fe2XPeJwZKpqCf7eZvh9MfqRtoWEV9iwDYg47e4gijfj,0,0,,
H1mVJzKgpf3S2i6BGqKZMsc7SGJHajLugK13KMMeQAsR,0,0,,
7QBUJ7df6FdmjRZCiDcFAV6bQZmQhACHUBgJZs9yP1gD,0,0,,
J3NKxxXZcnNiMjKw9hYb2K4LUxgwB6t1FtPtQVsv3KFr,0,0,,
CZBKtDbJmwamBnUe99sroQsfGLqNDY348whoZR4iQgPA,0,0,,
42t1c91HuHZT3rCqQ5EoRqqwEUL1R9Bgtx6QjbAEKyqE,0,0,,
5MVUnY6fUQoXfkvYbVGpwXnbUcUXyrD8L6sAJJM5t1Cw,0,0,,
FyXTiumvJoaWVBkktnqtwN9G9HsZjM6wawei6EzLWebd,0,0,,
7iTMBGQS3X1NkCu7hayQqk2vE5d8ZgqjwP3eAVpdeb6A,0,0,,
basFkBYif1QKgiHRMSiUjyR5j79X1mVGmejhwUSdjzd,0,0,,
CPxE3TB2fjoxf3ip2DkepUMje8eCAucHHavS17g3VER1,0,0,,
HiVoMKZQ1UMsqFiVfCmogBSbKCcZVf75AoL8XETvnrVN,0,0,,
E5o4rg5MSay1rEV97r2aTaPoroprbo1pTZNwrvkM3RJV,0,0,,
734mihucwJai4oNASE8R8gZ8F9nBWnLQRJ6if1b1ihTV,0,0,,
8nTJvVeeQf4n728YWqBF7dX6AoUhqGnxhtuHPQDBEWGJ,0,0,,
GqsDFHVtp9Z4TNJ4j4sM6PwRRAamyQ2DCTAJrBHyfsm5,0,0,,
A6w4WKaLaZBpP3iSCwsvz2WTxQ2W1JXK4htMseye9pXM,0,0,,
ALGzF5V3kTeTUgvmZMFXEmaQaF98V9zvpvGUzL1oANnh,0,0,,
5RCwxaEHJgnE6wSiAUiH9T7A9xsogLkGCdUUTajAwhKi,0,0,,
7b7hyBvppEFaFaE46nNeo23Ao661PrFuTqV5SjvqNCCb,0,0,,
78XoJL7BgQ4yLLAyiVJy8va2QeVAwEgzCKpqWhWhaQTd,0,0,,
CyzdbEPQjCZ5TRp7JTQ15SCGaV2vZB9GLECNRBeVNgdR,0,0,,
6JdukGDQqb82sYG63kwTSavmDVanE5aMGhAdM1S8MB16,0,0,,
3ER4YD8xEBCHqQKTLprVqK4Giu7uhbiiHQhd6oXcnPMb,0,0,,
FG1niCUwoHijsHxQS3wK6nQmrw4p268PEZvYuhpgwcMq,0,0,,
Gx886uLCQHcXRMrFar8Ntqgwsw2HnwtRuJQRCi1xJ6py,0,0,,
CiosM2m7PK993Z8Hui8bJ1RNemr1D6EezfABLAANcKq9,0,0,,
4GPdJwrDehB6CWbEbwKjwNZN38bse6WciaEa7cJEDiJr,0,0,,
DAmKR4RKXJZNQYqxuzf8YQfGDrE2esQXqceVocAFEzfc,0,0,,
8V5CaNq9CQuQkm1sqHtziNywqvGjxkT6PmTqcx6QvbKE,0,0,,
8t8c53xxnPKWjvHQs2fPEnqkvPK3NTycQwrAXxNbxgSZ,0,0,,
7DkGpcg2ktq2SgiRnVXBPL8vL4mjaWg44cUJyTWxvapr,0,0,,
51ooXdsWQQbTqxBNLo4dXJastjx4YTGrEbpsLLBGTb1S,0,0,,
moonCARzr9dYVGLiTxtMk443jNYZr8uiW8wkiMTcFtk,0,0,,
39KcqohkpJdUzFoNGDasfzSTg3zMDuKwF7MDXSwjQwp7,0,0,,
2jwXcsW6YBpMzE2XVCks1Etvv7JP8vndUvZcZqVAX5Ut,0,0,,
GMca2vZazqnMCBP57zozEad1e29N8bHsXJtKaNtFbFU6,0,0,,
AodbBZsFo32puit4Jp1jG8WtF8Kx2y6KxQZqae3hYJMV,0,0,,
EhnTFmPvQrJz5tLqNF3YJicXed2Ea72t4RBjcUvNbqow,0,0,,
35CgaucULzq2ZSzgMTZCBsWfDKzPLaKxLpzRfuqnBfex,0,0,,
7rvcMdF2tKXGH6ot8gQnZuNfxL5pfVYMC1hCKJJ8KBi1,0,0,,
C8oqTCttvjP8bNo3kjasGqpj7howPggMwA6M84LzWaWv,0,0,,
GEHyt4fzUHU7BDyiN55vzX2ANhns81KcWBzjo5E7BYZD,0,0,,
DcUoGUeNTLhhzyrcz49LE7z3MEFwca2N9uSw1xbVi1gm,0,0,,
5j3Xyx6ngmXRaAS9MYaxyRZNZ4RvDrBzzsmkFLpSZpJ8,0,0,,
5EL7LTHh5SLMkxuEeCNKdgRaSMSsZJnk4K9Z5smtZo47,0,0,,
H3XqhtgpuQHwLNKygb1fJhJHVXD8BLvL6Bq2gMut5rrk,0,0,,
9cyGzGeh8muBPs38N2YUHTnWpQM3XkbdFHCnTyc3RW86,0,0,,
3GFXq6FfFiYtnY2phjSzwPwuKWsmjL9WnCbSYmrpXCzK,0,0,,
277weWTiKSc3uRk1B4zMqiib2AXnuisUDFCXVWXUC6a7,0,0,,
EU4jCQ33SRHNxUfKt7AhrXsAqDSwqD347fqbiE5suakD,0,0,,
B584xmGMbrJz2FewT6fxNx64vQ74zrbQijHHijszSa7K,0,0,,
5VDVcG1c8EFGug3yz4zDE3a2BNxczVoYtRQDySTChx17,0,0,,
ABFE2cAcGAjNxskTxJHSwegHNUXgCxvYo69UwQSemJ1z,0,0,,
HSsbXNTAmmeS99x9HV9cRixs8XYmKAPKVEwiS8PVDRDD,0,0,,
2PTE5yYJsXYEpgwkyDoakYPF2T8xtCcLv9fhxDon26qh,0,0,,
2Ukw9dQCvdYpJHCSTLqsgC7MVFvbFLH6sTnadYKFeWSV,0,0,,
94XduSfSnyas7jAEFSJSXiCi1xQ4mENWcii1aCvjVuqu,0,0,,
EdaG8TKn36DnrXkVrJ3oSR9qw5hrUXrXS21n84B7AdLP,0,0,,
6KhkhuEwaD3h6UouzkfCHiE7AjTozbdWpwUomnQumi8u,0,0,,
5fcEvzAeJ8aUER8Ex7oEw92TeeKD1MnA3oEXcWrSyLn2,0,0,,
6R7iukfSN8fMwJhtz3mmcSjV4yAmVikCHSs3hSdbuLqY,0,0,,
2URMNdncyCuLD4djrMR7amjDVf5pQbk3H8z9zG3R3gKb,0,0,,
Fg7AHdronCCVJ9uaX5rxDH4yJdmvxMiYyPLTxvF7e6qN,0,0,,
5PHBiMw13MV3JNcw3KVijqGewqafeEdXM6WezrQvAvGA,0,0,,
BTGFJoBprCAyzr4nNVL8tDiWovRx1YQ15TjiAiVRsUF5,0,0,,
D3C47Y98sLbiKGNeU4ouPMjNg7pnQfRReM8K6sU5uEns,0,0,,
AnTa9CoheFzHenR3ZSwhVrNL99d5XYbAYujcMPvNRoor,0,0,,
9aT57kKnZt6y8WqDLvaSJoBS1qSycH3pLjvgGduqcKKd,0,0,,
27HeLe57APaq4mPmJr8rNFDTM6sS9jBvdWVJS34Hmr8U,0,0,,
65nsMuKJoDPjxGTagPfrLaUHQD41sdEYkY3imM5WnkLy,0,0,,
CiE4MSw6CnYGNTVJSzMEFM32Ma4LLtgRWxtvXh7TJt24,0,0,,
8rThZ47uh2KyBsud9JoBURFTpMQG7xn2DPbqq93r89Yz,0,0,,
EnshsdahDUz9ZEqDYSpLUcALMZsn6YdsMEF597gZZNQ4,0,0,,
3hx4tDAsocCYeKvxb5PbeGcWmWgQULE7wNx6EKc8j4cH,0,0,,
3NZ9JMVBmGAqocybic2c7LQCJScmgsAZ6vQqTDzcqmJh,0,0,,
FX8XCzog3TWyb1oSxjxNGwJKGArpFLUVWQWKV2mK4TPr,0,0,,
AGCTGBufqJFfbtq3SSzdDtagpvWouQsy9uqFDQdpovvz,0,0,,
FsG48C42PrrSZbobGMvTgqSNQd6hHTAq1tvXhJE6Rr99,0,0,,
gonk6J9Z3X9XZ6e21QP5RYgRagjc2eP841Bz3ESHYEw,0,0,,
9NCfKCHMrUH2ufj3QJH3CTQA1QFtDLwffnE6mTTvDStu,0,0,,
CvXDC17sAcVFSE85vf7tkP9axY6dDqGdyLdt2DMfTvfA,0,0,,
4KbExLtWyidQrBD8VY4ZxCRUFTfnd1vRpoweaHxBuaVd,0,0,,
793eCxe471DfjVsbEEWWMHDhnMmhPPip9g6Heq8TCWVq,0,0,,
5PJPVvYBW18umVwwYkixZ7icoQcxgxRa8zAStYQ4Bek,0,0,,
CS8AkDmCb5t2Sf9Pb7AHmvZGi5BZTmqqpCFwoh3GpUsw,0,0,,
GCDD76r9NNTDktfVWqSjKRWa7cG5n27Tu8ANRDWyeyMc,0,0,,
Eh1fXbAipe4k7CYR9UMb2bbWmBcpU3HcyX3LWuRVFBLz,0,0,,
7GCihgDB8fe6KNjn2MYtkzZcRjQy3t9GHdC8uHYmW2hr,0,0,,
ExLHLRYsgvppD9TgXY7oLqvG7TNF3mtqACkVijJjpUxm,0,0,,
AwduRyAm6PwyjB18th9L2szJYHM8PBDE56Y7J8x8jyEX,0,0,,
85HYmfukknmDrED7G5yt8ZrDTgZJq2UMm4Cmg7MC6ar4,0,0,,
5HkMzQzo5wiXyNgsWJSm3F8jQYMSaUZ6z5Vd7Z1yCsC9,0,0,,
AhyPjEgdFqeMVmbLyScUQRbFNE9NH81CdrztWDWLQUym,0,0,,
6gUhq6RQvupbkM2QsY93ZjQzAq1FjzFNvj9Pt5Qm3rZX,0,0,,
BBASTWwAZE7PVwuAqXWUUmoFeKxzbSmiKfqsYusbruRG,0,0,,
9BYsCifqrsN1AL1BpXaQv6HWgNZcgYZ5Hgqos7xfd1ji,0,0,,
66Q63kXzAyUqS2HKW9w252cqXpR4kXrcXG1MeodTXYk6,0,0,,
CXTupz2BcRKLYfDgf2wcrcSLKyMzWQmVkRPan9BwSySW,0,0,,
NobdyJ8fLVPWxnrEAVUicNrFp7CzobMAd9YR5T9yWPL,0,0,,
CuDt8dCNyExZpeNwWW9uc7NgbfZcCXPL6o3ZjZLQNVuu,0,0,,
BsPrMUuHgb4ywGexinjTGiauhrSwz1EY8J88fhmHuwmM,0,0,,
CyaRh9w4mfUFQm2jrvi7aWsq68vTpvZxPVi8v9WB949H,0,0,,
GyME6Hi1mxEtyin5sWpUSMunxWFLHv55RDDCbGLT3SwL,0,0,,
FSM8TmWxGFUjM7Rs6Wt9DHx3ZQAMX6vC4bN8r5PjSvE8,0,0,,
EzDeEUkJPzmXbeqg5Kbq3MhRwsBGNP7LLMcXSmDSq3fe,0,0,,
9V5otwffY6EYuxKdL17d2zJ6jicDcg66uZwDXgMF2fx9,0,0,,
5U6eztEzpK4eiwUsfsMkUZMe24cD8CtPLMrLXpp5D1aT,0,0,,
5C1vqgLECac4Wmte3KQACcvt7zjghzZ9T8VzryS8cMMv,0,0,,
2wZ7arhemKpxLytMLZ4uTc1Fm33HqDntcxBAc1VE6QNU,0,0,,
2UC7xvMFJz6f3PnSnVXCdXSrUkNF5L9zpm66WZRZmu8j,0,0,,
CfcW4oMfWBKmdRbcEeZbgtTkzjKkMsa5kKDSwvKyEW7V,0,0,,
9mMkSsUi39ZenysNaYY4PXaBinsACuK9wFeMaCwcRUP4,0,0,,
HLVB7F4q7G8oaSCde465KtK3JLci632pvUP6b8ZKHGZS,0,0,,
AsJqUD28fp8cDiDfjNU9ebg1HiFCXzjN6Btef5THy8Rm,0,0,,
3TypBPJURrzknRx3etVNRRUqFqHTsAS2gvipHW4bDd5X,0,0,,
Dwop8BUjF4LHmtVCBo7puN3Jm7JZjv5G9YBZNxCRLwpC,0,0,,
5DYgRx9oP4FErytHK6twfD4WRhw1jAjZy7iRcNcgBimR,0,0,,
Boob4WCCLuGzfFvVarwAqj2DiyNGnDMewi9jtWgUaZp9,0,0,,
Edvr956WVPNrUjFi4i3FDCPyUjrDs4Jfayq1EyjbaDUu,0,0,,
ejj5q82deaLN2L5hTphsBYb6HPRTeuYdUd6PYTdFRo2,0,0,,
ErA775QAWyMcyuH1UHnRB5hjJjrqSHVS51HjSF3zQzQr,0,0,,
DFcHuSvSrzbZFDm1QFsxxQuDqzoH6se8t12CtjK6VqPz,0,0,,
BwdtD7mVauSsLXoeXaYtwD9hrtx3T5xBrSomznmmMaB2,0,0,,
5Q8YNhRViPUxzs86Egr456CFimCDn7tQzvsE2PVb4KhL,0,0,,
EfTDnTHF9TG6iH5d4Yj5BnSQL5PPBo4F4J98ZmzTHK3v,0,0,,
DjoYCRii4kkWuiTfA1jS3hAbFAK3jqr9LW6vbuyTyccp,0,0,,
CpyqQSz1LPrgPXpY4XpYJXnzCqD9CFotoue2mr27kixS,0,0,,
Aco6K5e3hHJq91YWAKazxy1Kr8rrFAwZPhpWskzoYxcq,0,0,,
4DqUTbBzntayxdyGxNpWE6uEm1L7cRRKD5stTT6G1TMM,0,0,,
4fjeVNcWeg1FuPiJZLjcTQ6D6xAJT3Y2RL8pMc72HNMK,0,0,,
EgATzsBT5hjvM6QiD5fJBRxBLjV1BUH3fWcQgKuWH9TC,0,0,,
GKmNnFtF9qZLq3LktHaPnr1a47oqJyrdK9m2tVSF1EzE,0,0,,
2DZccv34XHjg7sojAggBbWj73rsoJWjncYkpjK8P9DeG,0,0,,
7TcPpTPzSQykQNDHLoMJsCNkdBraSmnjzQwNJvwBEX5L,0,0,,
BZhEUjEaR6tDXJ3YXTfsfTsnDSemvy8SvNLm3Vv67WPx,0,0,,
BpfSuxEVJPgp18NHo34TC5DE1tFGU6fzz5vupXE6Gjqf,0,0,,
B9i778H3tmERji9gk84TgKngDopMA4sgTeexS5E5f85h,0,0,,
4NLZKsTHwtCkNgguukX7pwg57qYDvaZmag5he3XuNgJe,0,0,,
Jhuev8YxZ2Zod8uWUKM9qvHMEYSDSioRmyrgyqJGz9g,0,0,,
do1nkegiwuQtquqsuFuitgxrzBXwgCXeFqkWQSaqWcW,0,0,,
DL9nbSkRVSy1saAcdqqz1AyyrAituwjUQBZsT2bEXbY4,0,0,,
2itBnaBongsi1uajR37VSkFQvBh8v7FPFrEYQDS3xDJu,0,0,,
GztDUVZbtdWJ6ur9E9STs1SMsHgddUt5q3bGtUboE9sr,0,0,,
7WQcJC2ngvwmSGvEkbBqEz8FVrfGKKg1fL7ag95VGAHD,0,0,,
7AGHebp1RhbroBAnsebGFPUPLjE3175jP93HUKRUfubW,0,0,,
Cvop1gMoMHRwFiNiVAixdozqcDUhpvZixCKKYjxk6HwH,0,0,,
E3X94cnctDode1kb2y8NHhHGoDRt7hVnKErzrqE9XD6h,0,0,,
HmghPbSDygMbsu63aXNd32mAUt57cbCAYduY8nwQsCoM,0,0,,
E4Q5pLaEiejwEQHcM9GeYSQfMyGy8DJ4bPWgeYthn24v,0,0,,
BXh5z5dZyVTdaivVzqPPFmmGeTQSqCbYtGTFdxACXUGx,0,0,,
9FKMgnDuJXCNDLkw3jxarvv9iqjWVecCXZYiViTQ3D4r,0,0,,
GDSw9EV86Mqqsv3ks2Srxj78rtkVvpX72A4hBLvYuYV6,0,0,,
9GCEizajxj5HXuvMY2EMFPDu1ZMX5917PYpCv4Qw7f8i,0,0,,
ABZ1BQ8qJWFWQuynZqgKqQnk8nMJpsSDGy1nNYLo2ReM,0,0,,
55F89MzqLXLpdKuEaxqXRPwhcdjgGGACNrZqM6bdwSzt,0,0,,
5UNcS19w7UVibZBPKEoooBPYEPxAQeEFf4K38sB3cCRL,0,0,,
3m3muCmpkHeuo4DfPKGSQ8WuTjHKG2F1HdnbBonhvd8e,0,0,,
57pYtpbATiv1nEmzCUhd5v1UmJaAx9JPVZhRotkbCRo,0,0,,
Ej4W9YkaX6LXkad6G8o7WWk8NnmeA6fPjYLEUpz7aHnC,0,0,,
CUZ7SWUFdWMFBo9v9L48rzQP3jQM8tkaQMLdCnAKcLBc,0,0,,
2R9LGzesLrPUPzJv2RG4K8BUd1S6D5bdYW3tWioRy9GR,0,0,,
6dVNTZcwko89m9PLXgbQStFt97AVadsc8ZKJUWHi8gsK,0,0,,
CxhzFnrYEnoPWzwwMPXSoy6owMgKmCpe3uEcyjmpaSe9,0,0,,
9yLRWFwhTi9g9kaXqteTBfneLU2yBL6xYsHjktRVFyrL,0,0,,
CCKmzSiLDoWJTHMAhoGddGhXEs6EzGkjgLeUXcJh5SQu,0,0,,
AAbCQ7vb3RV1YREf1cvkgiTWdoSA6vX8exaxe1kNDH5z,0,0,,
BEDCQKoRuNNyEcV8eqTqmsdmQvAj4sHk43DBFeemHumB,0,0,,
GVoJLqKvNTHrr9SDKVP6MxoEw1fw7hPmQQ84rqJ1m1ZC,0,0,,
EHU5FCvS33af2ntTwoDAaktyYCELh9DJpr4PVHZ17zev,0,0,,
Ecjed41X3qyzu3nLqX6HdSnBagFYUbNtQ7aXRo4TXDKY,0,0,,
FPTaXcvgE4Jwf5NK4tLcZAqPqHooPgFxZ8yWbEaTZ6W5,0,0,,
Asr1bPcuCDi7VHzDQnfYAyam3BWCKeupaS4ZkGPACxpx,0,0,,
HchMhfZXHry7of8NP66RoFu4f66CwTjW13kFy6X4fbjS,0,0,,
drjLMRYyFVH6nS7jikfjANbbdzhPfcjYo66tMRoU5WF,0,0,,
7fPHHRDJj7MrtEv2tei15bRvPizFEoFerhTQsP6FfxTo,0,0,,
CxsZGnULAoKBYnQJFWARapLXMPEJ4Q4D2n6zsvUk2ZNm,0,0,,
EC2kLErLsnvgwdAjqycxjgKZJw96tDb636sfA9Vwtq9H,0,0,,
3bQriuifYwx96iUJwbXKkc8R1cEMJC1xqiCkrWuqJB82,0,0,,
7SdFACfxmg2eetZEhEYZhsNMVAu84USVtfJ64jFDCg9Y,0,0,,
A2keC3iPQkCdQxfDu4iMPMRbLWQLpMUSgTDh5GcZf9Mm,0,0,,
2cj8hgZ8CejFoxSsakYAcikRACLHbMLvJkxGjTujNmuo,0,0,,
FMWobmfn3QfmkFiT8zsXh9b1JxVEGR7k51gQTeDcpkTZ,0,0,,
zNziqUmrdQchP8C7CZkukrJXL9kWu8XsSbAzcAB45KM,0,0,,
29J8aCeJWjD9vSeFPdqAkveqnhNsvah97QsdHxcHyD6X,0,0,,
24g2i3w4TW4r73ne4K2gAjVYgGyaCD2FiArNoav9zYqv,0,0,,
9kQh2xq7EmoyY3GcYjoKaJXQMxwh5585Mj9j6GvYahz1,0,0,,
6sEBEFa4djEbQyYor8DTR4xKP95gks3zZ5HxNzXMnJM2,0,0,,
6DF3524VhAs6Yvbd7AJTHFFhgXPj2be9UdTg5hfy4JCN,0,0,,
2vMj5cxPUzvTGc9tEp6w7tT4k4P7WWSiThSKLqRQeNme,0,0,,
5RQtH7YBHpXWr7VyPXBHZYccqRqjcC43DzzmSKW7sizo,0,0,,
8Hw2nLYUeK7hvNLtsVnC2Q48aE4eHU4j829QjKwpEmhM,0,0,,
mb1eu7TzEc71KxDpsmsKoucSSuuoGLv1drys1oP2jh6,0,0,,
DS2VFSs1GhFqpLT89icyZeCQB3akRaxijvMZRSiJYbZx,0,0,,
68w7Rve7isTcFYEfb3hD95BJmaA4sF1PiK6vuKR4P5JJ,0,0,,
5xq4HMTnfjcUWgyBN1FQ4fgotBCLRsA2QTZKMTMzu7zJ,0,0,,
HhYy22npoJ2Ey9w9FKnQiwfYkRTwNEduBHEiuVJKtFTJ,0,0,,
GCzFExGGvSLBCUTMrbwue99f2L9kvEGo3126Jg8Vr894,0,0,,
8TuffpvKVmHWfM4WLAiBShL43r98My58E1RXnR1vdEHX,0,0,,
4ugB8RwXKV7s5juS86qERnYEMyVfAufj52CDQfx2NUpX,0,0,,
HHDnZEGC3oB8Dx6cbHnYV2RHZQzzsuC5cTWjNHwSeRMV,0,0,,
C8vPf7q9Gj8sweHGSs2kexjGKR5Qcu9PtYNQaU55cdFK,0,0,,
6JXs5xqGTC6SJgNdtQbAwPHaGCqSVHhjEvSSeda6MF87,0,0,,
F1yiZvCqEP1Sz7xuRKRoGtQHUTFJ6FXju4eJsLPdGbDw,0,0,,
8odnqwCqNVQ4UrYmYgkWPuedBr3yEMWY2ZBhtNW7jrCu,0,0,,
GunZTF1tjip5SxjE2jdeNGDi1HXHrcx9sLEJZHwv3fEp,0,0,,
ApwgGRRWvCmCcm5Xbjk4zv2KNS8Eg38B5sU9ZpxoEyBm,0,0,,
7TXgRsKf8z1Sun7im6Xw8UDkM669aWVtarNcZFQTUSkM,0,0,,
Gi2rtnBHAv2WXhRhdK6neyChpd4PVNBTpvBKfSRhZrTz,0,0,,
GGuy7M4UpcJTV2g72Q3cGKs6ktcpcCZVsEXaVtiyCPrB,0,0,,
2d2bGNr8K6dfcG7dr2Q7MAk6js5ygrqPN9Tsiz8nabG4,0,0,,
J7yGpqbmdegFijkcESktEWGeW1BfPgDMPUYHoT5MQgTJ,0,0,,
Hcc7Q8rL7Hn1CD3pmUJvBnT9j3NaaGFsd3DeXL7A4NoM,0,0,,
D64J1cdsC2ZnNHU8LGpxqqU6vCLvJucjtJ9uYvdp5hp1,0,0,,
LSTxxxnJzKDFSLr4dUkPcmCf5VyryEqzPLz5j4bpxFp,0,0,,
9Y9qPLSBjSqbSVCR9u49cduWx6j4JiUF9phXyQudmzby,0,0,,
2oAERnf7kdNnyEhMdiFv2Y5HVSoWiv1Q3JegpRwzqygo,0,0,,
73pRiEwXtrGdntsGbYagysrKgH6NwWjQBLyaoJZSdVH9,0,0,,
GbZdGX1eMq7d7ByquQXGPJdmRXcS87TDXo25TQyu5CEw,0,0,,
ACerXDVdXZ4QoPYs7pq2mbbBUbBnE53zYvKHe7T9hmAt,0,0,,
CNY3KeskVZEJXcaCSFnZrqK6vkUV17BhXQAL8yDosQmz,0,0,,
47Wsf2pf97dTYWUruH75h1RCxrnBFFYdgAg3oigtRBeT,0,0,,
fqCfVsJx4ePEcMDVrmUZuiGhMcjgm7pGq3En973G2nK,0,0,,
gHh4EFDGTydo9ALvSLV6VX85xTMvneWbk7Za8R3ttWK,0,0,,
BkuQN9johsSekhtEXvFsPduJCpmqHZBJGSovjKDG4qyu,0,0,,
pAQfESNef4j7jYv4BWkk7X5UyBPeTehJiXtMjRrmGpP,0,0,,
38h4XbWwHPR13VQeaY7P8SF8c2df5Ffe7CxwVueUZdr1,0,0,,
ENJtdXmEVYWyY6Bs3QV3Y7zRA6xbxppi236qHLDRkDPm,0,0,,
8mNA1hJczWQ12vAisjTpR2XobCNuLMGSkVzZdLFZfY3S,0,0,,
8tHZqNvb8ERvUd1co6rHzihyBR1iaghm8cDjudgQiHc6,0,0,,
2FJFW52zupBXSWAJ9Sd2cHGbDy6tP3z5fdtn1X6VeyxU,0,0,,
BY7eGRXfVDkovcbf2CzuVdGqs53ATA9mX3aW8pn6xBKt,0,0,,
EzVaAr2tXcBrYF7DsRKVGqhkQdYDMeHkocCM7pMg746F,0,0,,
GPAjKT7DQJ9a3EcXrKrHH5dqmcSLN3FA8swxvohNP9Kp,0,0,,
5xaWRMFpbytTB8XiJPiHFAuvwueaGZpj2H4z9WAEVkx1,0,0,,
9MnEAK3WxYeSbmyq3TDYB8KD8fau7vjzJxQMYEs6ExGZ,0,0,,
HeipZWUCiAWWpWubTYskQy6EUU7vF7Xm81SG8Rm669sP,0,0,,
QCm2U2Dd5c4XmBo7eJdm2mx1SGCotnqtnW5cbLw5aCp,0,0,,
66BKZHfrDQ3mEaRfg1jv43xCu4YtYDTmZA1yPTb2UQCY,0,0,,
Gm9dYdsLVLSDkQ47xQ9ebrqdYoqss19joJUbhpVvYDcH,0,0,,
EzYtYBUx5rjsBHCm13XdwsKDKgbbwJzWJzbdGV4e1Fxg,0,0,,
Ey5msYcZSfSGH23SxPf32injh3a5L7TsvyXSBVZzius7,0,0,,
5SuHxgTNE8cbCoK4gfQ7LxpiKgrkENVEQmq78FoAr6La,0,0,,
Eb54c7nuBbwxGUno7QM8iXPrqjW9LVms2v3fWLujUnjD,0,0,,
A1KLoBrKBde8Ty9qtNQUtq3C2ortoC3u7twggz7sEto6,0,0,,
NLBLjgKvSVtiporRdVEcyssTyr5oPRmjeajVJ4EGW9B,0,0,,
XNQ4wkgw9m8MNS3rFV3WhBFRzVJV8ZcQuGC967k6mSb,0,0,,
CAvkAD9yAqfBiXqyrX186qnA6sFvchfCUGaxYF3Hoxbp,0,0,,
6dJbgWT8V2v22ZNqncp436jXBXBZyqhTFmSLsCxjjAVY,0,0,,
6GGHtykPs43FyiuYNqvN33xU7UZH2guCg9nnEAnTSYqE,0,0,,
GaoXEBnXc5Z2V8kBgW2stcj2cjq1DwWBGxRDXQbibxFj,0,0,,
4KhnZ4SMcE3UZ9Jqd2eEF1WdJ8tLxcbe6futzQuniqp2,0,0,,
2Q4jfQWukr6fKaMBkD132YUeyhZ6u3ZCw26qGYJZi2Q8,0,0,,
HgiRQciwQy4ge9nZ6VxgcXU9Gafbj6axPstokVSuxSTu,0,0,,
716g6ARPUtGSHCegc4MzvnwnMeiHfWRaNZ3meVAEUNSJ,0,0,,
Hbubc7cevHUegyyHox7vja9ccyFnXCE6suP53wv5Eojr,0,0,,
ELLTr9JXDTMyw8CpYmqrWvTiUE4TbbDR5j23TGczXQUe,0,0,,
BAuYR4pCHsjqFGUWFuKCjMrA2PAD3wWSoWEfEGQFqCdo,0,0,,
2Pq4XepfNUgiLDDKEFFe7aQF7MoePxze66kZHawPkNZm,0,0,,
2aMzTaxDfhZq9S6NKqHLdYrnTWsSKrfav6QF9Aus54Sa,0,0,,
8P6Cj8j9J59ysQNmBAGozCJjDQdYXETBV66ihwrLP9cr,0,0,,
7WF4kyjtGXHiwpFsQ8UzhxCRHDUoB93C6tmYmFx47hiN,0,0,,
EXitMifxgc6YCTvT6YkQj1w1vENEXErPdyi6DB2xgStn,0,0,,
B7gWiSbTbsSabefz4wCjFDSddFVmckhSsUj7GpGWM8Pc,0,0,,
6fGfcWfjGVGdN2eteF2S2sjWLDkM3Uh8H37XgL721zXn,0,0,,
87zKe2Y3x2TJk8Sx2Myd5xstCMn1nnfzGs7dq7TTDVvA,0,0,,
H5ZfAWbKAUyGX29MEs97wn4ubv3XMgFTSUSHKo11iq8S,0,0,,
n54ZwXEcLnc3o7zK48nhrLV4KTU5wWD4iq7Gvdt5tik,0,0,,
JACSU5f2fCsQSCDNz1VX2Se4vmQyj8k5EYigD4RppvGV,0,0,,
7BEo78YddWC6j5xMWBU4psDZghRVHsEdkAYkDSKzuui5,0,0,,
8g6DAQgJa7pfRiZtBZFPi9fm3j7pRQxG1im19qPvR8Jv,0,0,,
FnJNkZm2YAEwZCFycc8Q5Rjq3GKYBPH6i6dG6zLVVTe7,0,0,,
EATGZHJViJsk7nEKkrdJicwNbfpkJfAtmrEmrjXR8NBj,0,0,,
7QGrzkKQUm5VzGDrDTfGMCoJQdScJbQfdAC4nZ1pJt2w,0,0,,
75HBTMwiDngk3TnwW8DVeYGEyXz9TDeKvKQt87mrJfGF,0,0,,
DFsgS56qkGY5U1qTo68toEmMFj7HpMtSgUtDamwLcKMv,0,0,,
DZzjh7LfpjezoWCTJrvxm8u3EAqoEJ3cRfSGdGb7WFbr,0,0,,
DUDUHnYnexxKakGMtbYvDPFScHypJRw412XEoSjbdsJc,0,0,,
CWE19vnN82gSzYJtPjxds8VWfeS6Pr9xqTJLjDtm1YDS,0,0,,
Dk4h756n8rJmj6DhbZeRVJ5rgGPMaHkUUZmH1NgdbtPG,0,0,,
6KC5yTHSXxhezdbPrGjnL6R8SuvJq7TFycUBjJarnq2v,0,0,,
7N81Ha2nrDNmSi7QqYq7Nf8KsPSX1o9VkiUBsb6PCM5c,0,0,,
Eo9WmMKAMFsVB3YBXVZDRnysbp6BzmrPKxePSBvpzUdt,0,0,,
EpC6KWVgViwNEB6Y9ZHoVNBaqCqiZZHv8W8PwjVBi8Tv,0,0,,
FLgYdVzbGfqhfxxE7sYoMopW1by354xDX5DiJAfLwYuL,0,0,,
DS4EkCgcXwY6wW6s9x6Hgq6H6R7oh417e5Uja775U3PZ,0,0,,
2BhRtSpLDRz8DnJQsrGkbSFJzG38qtR5EpMLvWrJoWbL,0,0,,
NUT4aqpayZ883bwv5pLFEHgdZAuap2DEoMRyCv13iK6,0,0,,
5dyQ9SxasVUwonDGX9vA8sfsWwTigBzs651VALrVuv7c,0,0,,
3X48jSzEkoSENWmYf211XBCkZWbMau5tZJYxAvAa2gcf,0,0,,
F88bPPoKp44HRVs1umcbXyuJPiLmfQJTNgHEuEpJsMeM,0,0,,
CNddVWz79o3oW1DgsH5k7ABMNhm4MSNoXRh6SHjKZ6uX,0,0,,
726Vd1ZucDXtZQ2rU3ZLcDyfZNvmFAGqMscZYBftymjE,0,0,,
6ij6ujtjNrmDy61McKKFsdgWSTBjQcbEUxaW2U552Fje,0,0,,
2wme8EVkw8qsfSk2B3QeX4S64ac6wxHPXb3GrdckEkio,0,0,,
GcnaLPebAJTFqwexAKguztSd2YCE9YFgb4oioL7rjbbu,0,0,,
FvPMPwhryzBngHtwyv5xy2TdoUkYfVYxpWowbw3CEgMz,0,0,,
BqVHWpwUDgMik5gbTciFfozadpE2oZth5bxCDrgbDt52,0,0,,
FD6dCccQY8si5Bp7fWMsbSeT97xXt4WuCnrMjWxh4T7U,0,0,,
FqWXS92kXY3GEUifFSQPEjvpVvJSBxMiRGNQWx6QL2Tp,0,0,,
7YDKMCBwQa473cYDqbUaEfPGau5YwYQ8y6iLEvpTsWzt,0,0,,
9pPE1q9EW1bMQWbHmffrzUCfRr7S82UoxNUFfA6mAZC6,0,0,,
5XY9W1q3aRxueZcTYpNk2VnsAS2Vu27etgAQShegeGyH,0,0,,
CQEm4ZUeu2A6ZYtPQ2rPgsobTMRpjMsLAjKp5Vmg5NXa,0,0,,
AQuuQ4xktyzGBFnbKHnYsXHxsKVQetAoiPeCEG97NUJw,0,0,,
m44bWxx5eUUuvEHgh8d1WgZUQWQMTZzHtHzuwEFG3Ku,0,0,,
BYZZEqRzXBi6kUa3b6jPxb49AaxXRkXzbCEiXWUCUh2B,0,0,,
HhQ89oFkFWwH1EYkoiVKLHvU34aMJ35A2JHxWvde4ekT,0,0,,
GLW7mGe8ZLFqoQqVp5ZoDw8PUtr9qsWSXPR4CADPGDQo,0,0,,
4SqkYZpYe8aBFNVGqmJYzSVWqMP2ChreEYbLDAUzsXcg,0,0,,
96QoNkZLTKH7Gecf6dKMRXBQXW1wqh378uF9pnTejgAw,0,0,,
9k9dbf9zQs9L8Zxwhbfu3an64XAPWrR6v3kHLwEdH1wW,0,0,,
4drSePxFA4K2Y2X7Eb4khfvSmAJ1wQP14MPmwHGDA6fP,0,0,,
936Ms4bPX3vzCSKcUoHVR9RLe2DayeDSWSCSmR66gsKU,0,0,,
EeimSGNqk1saduxswRVnCoR2vPesWuydExNvtm5uK1Vs,0,0,,
8rTgAShsiFwQyKyWmgXCkVxSpAjrdSWHdGaGZZiAHDxf,0,0,,
F1eDi5harmUh5S5eoGEKyLhmHPX9SXgxtH8xktcGeLZ5,0,0,,
BTkkyEJXiXxuuh8qhvGaAffK5PyCDwr6pmP7yWqEay3v,0,0,,
5XXErqsumQXMQfPu5CTKPDewWoYC7YuCLMWypnWPSjWm,0,0,,
42x3ewzBa2aiWtLxUckt6e85rJmYokJPfKoLiBDsRcej,0,0,,
ReE8WjQCcbUtLLtYciZDxRTpED37JPZQs3u5BoVLGE7,0,0,,
CLCoa9XMGSqhh6Ao39nGeV6NxhgvayqKWf6xNQFoRuRP,0,0,,
EwmypSpsQk77ifmfy28ra1aN31ybxqWP3pcF7dYLps5y,0,0,,
7u1JBASaNAdXZdBKez4rkUgaVZT1VRrpRBG2Kreq5pf8,0,0,,
KVZbCzCzP3ND4nnRC3vWCEmdYNqw41TvpdoqnweM7J7,0,0,,
Bde4AmujRGJzryyvaCHQZrrGLe1DfHpV8Gaz6iGg9DWA,0,0,,
BrUXVePQiksNSAVgU2ditQL9x2cFP4XLmMEg6yARJmwR,0,0,,
BSD1UhDNWcyLHVrPM5pV2jBw5gz6vkQLnK6mRRmwXcQK,0,0,,
8oWXJYC29yJfZpCyiFi2JyRE4R7bvsZFVeGB352WaC4k,0,0,,
gudAo8B13ratJtsmyLFLwCB5feeshb6Z2r9gWKcPrM5,0,0,,
7uu2DLPq4ZumFSJaPYA9rg1EZFYmyzEMXN1NUJirpAEN,0,0,,
EMGPfiFvTGHXCQQXcaZnFMaSF9mCRZhRjYXLEULmmaPv,0,0,,
EXxVzeiPYevZWK4Dh8CwdwvFVsBsk6t3GkPynZh7Cqjd,0,0,,
7d53c6oR6YgB6askFieXNTC8QUwkTr4P5Pgkvf6CCkjg,0,0,,
CbzTsj3yQVZJCmuPqbPnztYdH8Z72Mht5wjBzECcVdcF,0,0,,
6nbE7rSsbpzcAJNKHzzPzXs9oeyhUM1p2f7L72pKB8mK,0,0,,
5Rk8kuizVXJU7GEWijtBtPPhceTXETw9ybocBSWpXK8,0,0,,
DWEBuVy85tngvnzg23kpfZDAoUgxXiPHdFXEZ1oS4ph5,0,0,,
79djBBKhndjyPvUrbqjbC4Kymkr9R7zKSkkggpcEprfy,0,0,,
7BLSuomVJmfk7Etag8QvuHwSAhkbxvsCjDUxmtiEGfRt,0,0,,
929WWqbY34na2ukLrChhCJ345AJJpoJWMsZ4zaPJEsBh,0,0,,
BWsFYRBG6AFFcyJSGLY4FyozU4Z783mRoTWzwFXYZiYT,0,0,,
9WEssh43RA77wRnrDxjQSpgn8jmsrghpRvjytAyP9Zre,0,0,,
DqQxm32aYNM1UwQh5nK9ZnTc1bCEaFcdbKnz2W2A6wWy,0,0,,
FKSRZVUWGzrprV2XGu7MfGRmLZzHJEzKXZsWM3aAHwf2,0,0,,
Cn4bRZNjbrwpwc82WRJ6LHHPZaA4cq45hZMsb47E7tWK,0,0,,
GU779gADPPDJsRNoqPVntk9w4ZAMJMdngNQjpp7rd9gp,0,0,,
DnMzhx19xX14jmfeXrv5hmRrFKEVvLxiRFmTAEjFfYAa,0,0,,
ADdSvEA3DV9ZbaFSdoKHEeuL8SDc2mbMRfHcJuTD6Zzq,0,0,,
5CRmgZ8XTxuo3Ci3p1PGCvioUZvXGZrUsMEwbLKabx1F,0,0,,
C2isNg1zwDVhtTY8u6AJ5foEcoPuzHU71vqfyqmaHGQx,0,0,,
AbA9b1yZ7kcjYozq4e2Z2Ev1cPasTCHTVgsiABMMx3Nj,0,0,,
CsVgb8T3fJoh98ffXiESLRVLtueYnJdC2vccEewuPXZy,0,0,,
5hvp8aSWJbm6324dF54N7Y4rxRri6ydDf91NDKPZ5xwW,0,0,,
2bJqYB2Fyfci1XyhXGxKBDLBBRARu4MXouajLYBpyMLP,0,0,,
3Gv8Rdbi8LC1SXG4mjfEkrdpmbkWEL6K6XtnEDuoZsgZ,0,0,,
BUAX15wTuNRbHj2szMhtmgcavdNeZRXaXfX9ZhAw483T,0,0,,
2RUBk9FL4AX5Y1aApJJ9DMMSVwNXsYkT3CRjkUTa1KGv,0,0,,
5P6uTmQw29EinZiXWqLcNS5yqJF2dBtA3Q8JV1VAjd3K,0,0,,
HWFcBFaad8a2LxhH9DUY9BRcnJBUrZ2S3B5LLGhMfuy5,0,0,,
34LxhAJQUpiernBGVEVNga49UENPrjZ52yyWKjxGzkSL,0,0,,
7godQeSAZYtvTbsUgUaqz1B3ZbNoRXCK1n6tH8LAEgVW,0,0,,
Cc3voFEFTrGmnhnP8x77ncZ6pivG8Kk9ir1t8AhBBaby,0,0,,
6sX3c6PYzTVVHT9muUMBXo3Y6woTViyvZ5BkLPZ3feha,0,0,,
4RrrvzvUckQhQoSD4qyt3EyGNNU6kepfQgbY6ZNYAWFP,0,0,,
CPzuvTdRdNtRafh2YSU82eTB9sy1TFkjn127ePFP43Ta,0,0,,
879MNs387NF7EPan4ei1yNZAnmzmwj1GQzh15FUpNUs3,0,0,,
BCBtmAK7p4FBuPnazkYd9hrAc3qJRc34ZqQ7fi2Af88C,0,0,,
7s1zbKokGPgjzXWD84q8sMb2gxMfK2XdmDnuWNtfrNAi,0,0,,
8djxcjG8vJLfg6NUrq2xbQLQkiQb6ByJR3Ch9xDAJqTq,0,0,,
6NqWczCsFJmsKD44Cgb8q2U3Q9aa3iBXYGojVDpbiCWW,0,0,,
ECbUqZZzdxYDJdfDU6mtqqmUmUGXHGJjJwFP3sjrxeA2,0,0,,
3LkixcX5FHicAZkr34tHgSfJYjAaDvcnXyqEjD2Fattv,0,0,,
BAJxUdyr3vEUUGpiozoifCWmkHUvkg2xjPyWiYsyok71,0,0,,
4Tq7Z7xm6HpCfEvQzukVryR2Df31BwrRi5ZBk8MzPA15,0,0,,
HXiE5waZdrS15LPVEaxniyAjopqGgkQZ5j18h44Qft13,0,0,,
7Gmbr13REnCHGeTBASWAxo9CMxMx7J3XcvGBdGdpSpEJ,0,0,,
yNFqW9wJ9biBsF2ZscMxNBNULkBSyHaU2wv1TJCwbxQ,0,0,,
EwxBeLMjr9EVDU1Vz7zCn7cBqzFCuCYj2MUxfwXTQLSN,0,0,,
EYjMFSRYZTB4CgXw4cNwj6pQxi1fRFwvmTgscTFroQU8,0,0,,
H8cstTfTxPEm5qP3UXgga8Bdzm2MCDGAghJTgovPy6Y1,0,0,,
C4Kkr9NZU3VbyedcgutU6LKmi6MKz81sx6gRmk5pX519,0,0,,
H89fVuzE7V6cWMf9KvZTpgMhDeydyLos4St6xsqjnY7Q,0,0,,
2VhjJ9WxaGC3EZFwJG9BDUs9KxKCAjQY4vgd1qxgYWVg,0,0,,
bwnY2Vpn9SzUdRxpYr2eN8fRsjk9tgVCubmDeqnetSp,0,0,,
B1YhGhmVkUrixw9v343he6Q5ksu8kJFNfSS684dChiPQ,0,0,,
dab15vg2k8zGJPy4xM2DH2G2BY3khrqduXapzYAV3y8,0,0,,
DMqv9nGbEVAkQoz13ncKh5XJrFg2BQ5YTwd1XrGEKkaz,0,0,,
5v2EvyZduu6TJUVCibXtBLwFmboZGQFVxKukf2TcPSk1,0,0,,
CDk4NPvYzfY6xWy6RE2YkBmLwztXvNFEMW1YMaW7gnvM,0,0,,
8VcW3DFDsefnwQ85xKBSgG4XumjCtAhjeepDxS4Szemj,0,0,,
9s48BwTrQPPvFAqHLSuA6ApkaMiyuBMdspeviuiTFsmt,0,0,,
FkbWN4dcFQym2PgCELfThghQqLuA2e2jThMJyhZjfG4M,0,0,,
6Q1RKNAeZzRrVUUbTuLZ8RdZrw64yKd6N2MUCbiptDB6,0,0,,
FtkMX3a6Btf16tNGqXQkFPTGBWbnC9zzuGP6GjhsrNm6,0,0,,
9AAed93iCJkptKJDLBycRMBErbuMJkpiyo5muBQ8KD8U,0,0,,
EigP5GGEc6NepDW6ij6NCkE4uSpBkSd7Yo27De7H9bAd,0,0,,
AtZ2yZ3gXysFZm9NH5joypk7M59nuKT79hM3xKvwKxvm,0,0,,
J9bNX2Y2qLnz5Ytz65No14ZW74BR3nuY72ciqifyLMx6,0,0,,
5Jknncfhd8fDoEePZop7DabPdFPBXwySm9ZmKESxMxdN,0,0,,
9WXrmqLUrTQTAjmtvUL4qLgZs8aZ2jXHZDDxChAAPBsd,0,0,,
7mLDgwZ4WZwuyZcFm1vBKANj3QwzeS34JBwzPVQnsG56,0,0,,
SsnFuknv3Mf8sbV6pxpDzpfcvp1ZprNHYUfP47Sg3aF,0,0,,
5EDHCApHvyTrMkmy13SPDPVXuaY8XvTT33PM4S5KJ232,0,0,,
HLWSwtDngWCz9Zo6wXRq1XkwnoBZgMSW7yUWwR21vbQe,0,0,,
CvSVWNmYJ6qNh6K42aQoVHWvRvdWEKikuaCHJ9PHyetg,0,0,,
HmrzeZapM1EygFc4tBJUXwWTzv5Ahy8axLSAadBx51sw,0,0,,
GnsZ8Kpqof2XBoXboRyypdyty1eHmaidTwBEESwnzg7X,0,0,,
3h9PpY8dTGFesZ4mGSMfZXqhhHtV9Dg1RGUWs6QSJiZD,0,0,,
2WjgrRPH1knrSQ1Ji7QeTWSSmR9S7EUGbouHMgufDPfq,0,0,,
rockaPXZqTqtt9LvznNopikNQn3YSTMwTC4swr7HAiy,0,0,,
6z6ePJ5X8SoCVDp8Zq3qx89sHAqZBithgoY5GGQK5iXz,0,0,,
387LcGyToB65N2S8wjuKpwBYiL6tbTWoFU8hyoxEr3TA,0,0,,
HqQxTuFFyJVHra8CGpQUm4h5UsjVcBHjFoNnL6wtWrfb,0,0,,
GeVRt2BqnzisLfqz8WcHMH48jdhYn61hAHSnben63ZdD,0,0,,
Bk6vgN5tzz48zYc5bKLqQY7rfMNJg1QHN5mrj3kkJzo7,0,0,,
5Y68gxetCQDfoPeDqccohNY1uWzGZRs8qWwijr2joYZa,0,0,,
hntyVP6YFm1Hg25TN9WGLqM12b8TQmcknKrdu1oxWux,0,0,,
BNsUsKz2LMP7FsVSV5EPzEMpWDaZDpuMX5jYLMiyL2ky,0,0,,
3gUy9P1rQpZ78QeJCwzdYEmtbVWbgKTyySYViTTDMGnH,0,0,,
AfrTNBDHhVMuPCbDk5SNVYxukPnF6eyQExg9PiFH5hpj,0,0,,
CzB6SCEf979adQJ3s2yRvGbLmNuCN8NbnsQZzTiyUWG4,0,0,,
6ANEzivoSCXBsm2HcnjHC5qxJ14ZZ3erw9jcLBqRRNaf,0,0,,
4xVhq7mB8AzeKgWuFXc3Vh861nponAMHrMhZmJcChXWT,0,0,,
EE4vAGzwtAa6gNrZX5owQAUg6tvzez5frrEZX2FP1PCR,0,0,,
DhAQC4EdKKSdGVjCzW1KYrroeHfTdriJdgxfMdv8bZbG,0,0,,
DNEbWPVsW6iEMyZhWVg6ChRdFixSMerTcMf1JLGGkZV7,0,0,,
BTCBZ6hrcn5g8MANyQep6QVqZWpD5TqjSUKTUKHivkfa,0,0,,
Corri6VKgvE6ZRamtuBpjVdfaaATNrbSpLVuZN1n8773,0,0,,
DX7Me1yNeSetgcskXKPxt1DBUpH4Z7AzMUT8o1j8b7HW,0,0,,
JD1aCKL8r3KYPQW8u9ntHteHZz9cQCwTFVKqwWwzi4pk,0,0,,
6r7NoiHB5V6dA8PXKcXLDWjJMRLbQwr3ArASsUKvGZPX,0,0,,
BBxFTW2neB2eS9ohEm913RvftXFqaG2PNePTJaiwfBtT,0,0,,
FJ9cNEExkNybboxV9rrCdmWHN2P8gGzVZowZRrkjfhuJ,0,0,,
HeqCcMjmuV5s25J49YiJyT6bD5qWLkP88YPajBySniaV,0,0,,
Fvwo2hnX8ExoMZKqSXd9zi4WpSUXVBvJdBgzPSF3Zkn5,0,0,,
xLfNTYy76B8Tiix3hA51Jyvc1kMSFV4sPdR7szTZsRu,0,0,,
CYt36bqhaW1RNNPgeFLkD5Z5NvXQWAcaz3QDGZapEn2j,0,0,,
FxZjXb7bNYUZGnTPq7Ter4WdPfX8uEnciF1tTmz3q37m,0,0,,
DoMon4kaZu7w45YE8zPGrfRxpsdawN7syzp4DqNP8uSg,0,0,,
x3CnFu7DsqJvg7gykt4dqN7EfZkdwzmqzRTS5q55DGT,0,0,,
5n3jtLLFETpTkqXUZQHHgiGs6zaNZP32GSWrHb2RzpbC,0,0,,
FeT6vZSanHKvW64YvK359SwVDKA32zYM7hRB5YHNLqxR,0,0,,
2cY1WYfz1bGjLdjASPyPcEqxLeiYjYhMvagS1cXMLjjf,0,0,,
BriXYhFVy3aXLiuVUfeG6ZMwHvifJLtxSuS5zgozDnAJ,0,0,,
Fsatn7TXWk4fpATV6XWobghwL63Uz4t41WXd86QzKjSA,0,0,,
9iaiZ9XS85FYD3LGvJh3xApvU31T47z19AdpJ2hw33Lk,0,0,,
9RqLF7eReNeZNqtJvxByPiUC1xyutmrM5EzC1Nu1CAZp,0,0,,
coqRkaaKeUygDPhuS3mrmrj6DiHjeQJc2rFbT2YfxWn,0,0,,
2KbtMEr2SqhQD67MbWaL1esvyH1inqMuik9oLmijw8JE,0,0,,
CApv1KaYKiS9ZSwtaXZ1j51FNYEuRmVD8CyzJsJK1AXJ,0,0,,
GEX8RiwiKGqsu5cNwuTqWhktQvTpztvSqHC6wEDazdWq,0,0,,
HqLRjru6pD6GFGnQ7TwSSGQRuPhF8UZNey9T4yCsZzuq,0,0,,
8cAuoRuC83XytRxPxMkdrwSzyo5LrFT51mGpG2wMUJiK,0,0,,
AYfTjPwWCN9RM1r1iFbzUmc6tQt2JN9sbAzWUMCUocgE,0,0,,
HCrJxauTiVbke6dnNJVVGyzpFDqgPGuan9d3tbR65HJ,0,0,,
DANCE1Sj18Ss8YVdxiN4guQy4imr73ctxs2oLHagnEVk,0,0,,
Ca3JNjAdL41UyjyBu7nS2VHdemKJBndWFgY4M1bxn8JK,0,0,,
3bcvqWv1d4pUCoAM6hLm7ry3s1SdZxpctkSvLhDCLDmR,0,0,,
EBSKyU6vx9X6WKSfmPxbsU4RJKUt8bm3aYrUs74feg9A,0,0,,
CrdYE8ZknSxAAwDkFTWiuRwAjtvwRca3jHHEmqZHWvoE,0,0,,
AVb5KAEXWFsv4BUe7tJqLuexDvB4MTEirsEsM7mv9jVa,0,0,,
APjLeyyyFsNYu8WoyYRx1YieVtQLNwZdMXVE5CDdUReb,0,0,,
3jspczpCemQW15zB17QfAD9L8gArL6t5tBqjFTZn1H1n,0,0,,
8SE6EiwLZ9BE6WUDSUdJ9qaYEEMrizkCoQVDi2u3EphA,0,0,,
2H1fppLeSRnDsZtykmvNrd6rXAAPEcX2W1swQrWqt8kj,0,0,,
EXUBDVTd9iUbCSoHTs7jxF3v2F3G3VzPMAFnuQqRzrNL,0,0,,
3Fbmn8wNd25j3hpnMoS8LGtrUVPUQedZJP4FGfBBoLwq,0,0,,
CTQJmEEvafRFVEFP2ZQ3RCDzEEEJJhcyDR23xZfx3aKB,0,0,,
C7VSP8FG6MaeXT5dkJqdSqvZisX7RR4mEEj6mC93NbeH,0,0,,
HmvEjjVuB3urTvMr2xA1qB2RjrnDoJWHBYzixUY68NKV,0,0,,
6Fyb45BEf3CrTAh3A2gRVy342Zznz6wxM4AyBvTgpycA,0,0,,
Kne473n367CCzhQw6x2nwe2AgN4wF9jf3D9GtWLHY4L,0,0,,
BVh892pZmoP8qR2EMYu8Wgz3j96fXfgDrLGx6DRQzp2U,0,0,,
BKh9Fq9LTdnCsRPSScxK75pnjN8QaeTMNzvjYLxYPDug,0,0,,
G7VrjeiQVXdndZHwM5nKHf9LDkQLhku9stKW7WrWX9Z1,0,0,,
4wn78MpvqtYQZfYAojPX32hkPPcUq3sQwtGAHxQiHujR,0,0,,
1jcCHdraURCKJZkNAPgKFqQAiJzssCzEiXjzoMkxLBo,0,0,,
EjSjUgRBH1m82QnTecs8M1cEML38mkCJxmjsSgS77Xy1,0,0,,
3hPVG8AggxdyigduDtdKvQDumuZF5JLodqKCzms5qHBD,0,0,,
DxtssVdyYe4wWE5f5zEgx2NqtDFbVL3ABGY62WCycHWg,0,0,,
5M66rvewLkRiwyCi5XaVTHGaoubWeVoAKBB97wPtTfbL,0,0,,
6kT5E2mhz3DR1NqxrWh6TPcAdRC2eZBhweoC51MRj8J9,0,0,,
7EvA2bJafBCu3Y7Xi1zNDKEUwJWp424Wn9p1Bm1Ch45o,0,0,,
35MSyyjhSSdkiXEGMX35wGoqhk7kRfy3NmAWma4G4tgf,0,0,,
Dueukp1wLYzou1fXVmuoXBX2MdmhJubMKuaZz1B6yV27,0,0,,
88XKRngHjqqSrPJizU67WEStHrnj6VoHmcM17KEnSGLc,0,0,,
EWCLP72p9Q3tx6gooiaH6oueLSaLXk9KcAQNM5Yri742,0,0,,
5FmGKf6rYBne7KzquzR1qK2EFC6m3vyBWghnfomMNppY,0,0,,
3mBvCHX9vEJP1XotYyYzj4H2KfKjJXUBFkwGhPxyLFSX,0,0,,
DSZxpMP6EcFV9h3TPGGU6SbA6qNVDnffsFVXEAX5cUig,0,0,,
Essrfo4SPyVbvHwMpRCipFfYtNQeAtLyqysVN9KyCD2e,0,0,,
HMnzPVP7W6oaiethTRq5At8zEVPfx9muifoeyqPqHbX,0,0,,
2uoj8opR1UKVojbQLpGVvM7tg1Jof1j5DQkyJDivSVke,0,0,,
2Xr6mdmTTpn9SJM2nL5jsdz3Jczwvzeug9LWgt5uGZLV,0,0,,
4CscW9HcFJVfoBKVcPKkuA6N5GGTboD4CYC1LipFiiUr,0,0,,
43DrQmNChwYQ9Jq9obd2dSFQXAhtgtR4VGiRcsRAhnyF,0,0,,
6Xemh445fWbG7C8HpHRbfvTwc2nucuCtPq1WEAAbaRtd,0,0,,
7AD4FuHXwn59fCnJH4NznPaKq3hpTTsK2hPtcaLQ7ATY,0,0,,
HJFZiMC9tUgdWJA2AX98dNaNdxkSGamvFjzZh24zxNN5,0,0,,
Cfh25GX9wfV5NBnE2hzKP7UTugGvizBY35Evr8o4mmWF,0,0,,
3gQ7ZM4erHHwimuxD1aU8FWekbEEWAiFMV9FJhDkQibT,0,0,,
JA5KRHnXv2fuPjQoGwCBw2RXKsbiWMDJ9adPqpZUMDzV,0,0,,
E3A29JvBdMBgy2nx3FSKZqFRfmsiUGKYDu1Z4NEFMxhf,0,0,,
FbjMuvDLv7YTaEqbz3ZLvC11KeQWoc4PWHwft8DeSWzT,0,0,,
75xMNfqkKNm8Tqxj6nieiQTaBRndvdfvdmqBqUCjJCgC,0,0,,
31GUGbRSct8MsJJnditGy98xMxowq58sFsZ9CGQRMLT8,0,0,,
GeW148axm665VADbN84eoEJGA7AaufMcSccXMbMtQ41r,0,0,,
8T8UpgFewAEjM2MCZzKEGpkC9qk13sfxpwkKXoxwwbVe,0,0,,
LW7QadX5YyV12QBZFEK8Gn4GBpMywqRaq7YbUyHsmMc,0,0,,
Ci5P8HPL9DD2QxJVpC6bvNvr8mACzYAHaMFXPtPnGb1X,0,0,,
8dyL6GLtJ6PP4d8nJLF3paNhemAxvpUoPjzAyA59cFTd,0,0,,
AVAXHuEP7U86DaHbpFWWUfUtXR4zpvTsFbUQeosE2jMn,0,0,,
48ECStTmezZuT6FPL6XJaiochbnuNXQmstAPES3EYmqj,0,0,,
AT66FB4rtTXVB9Q7xLne5StBKG77GXnsU8ENMP4pQC5q,0,0,,
6RVXtH8VUF3n4GUXRUN1SqBTu5BADRh2sEkipxcbnEFq,0,0,,
BfKkYAZBRw9rNQg7uSFZUeZxb4tGvw23zYSDuAFyv9AU,0,0,,
43QWK7EvGWDP8M5QJr398tQmjAm2CT3xKWZeYyHqnz6D,0,0,,
47dJi1LdyqSvFkm5GH2mF7U9HB3fz9bw35QKRKqqzKBR,0,0,,
8YvnNdnKKNdwYAceVk25QRpfN9rzqJLhjvG4VhsNUiMD,0,0,,
BjbtHH2fnJ7H8HeKsdhTZrDLyrXj8VfVL8kMtz6oZ8aV,0,0,,
64FMfD1T6e1LQ7PmQCmsxmjvRnzyC7mpyKk4t7rDbk8x,0,0,,
GSAoeY5GApVn8tGVPNXSYPECBEyU8n5FQfXT6FU3qTeG,0,0,,
EppG6LCZn6xHA5PHT5uDoeSctqhjNLBgPjA75gDfDTsX,0,0,,
6XmaCdc1aqpxtdcHxEzbidhrrmv9edahiGtjsywLhvVs,0,0,,
82rDTvAihL2R8ppoi4HhY1sW4eki9n6PjiNaKPjG45hi,0,0,,
G9BfgnR9SSntvZBYjoikjZBFqSZw396JHVpRfHhSvefs,0,0,,
5sYrXzzSsBbheqkQ5D33CewFuALbjJTMKT2YPkv6fUne,0,0,,
2fQ2pj8zvD8FUXYxa5xxRXMBHfuB9fUMhHXgqs7kfEzV,0,0,,
5924awCYJbU3LyCzsnz7N2gh3LyjjXHSSSA3EBuNgRmd,0,0,,
7LXRbzRjutAVEzjj9VfvqHZqpVjnpzhdXKmkKZoVSfZi,0,0,,
32jYM96aa2n33q3MPLihSUmZyMF3m6t4ZYRv7WbLvc6e,0,0,,
EuXPB95qB6HRUEnBfNCRDmftJ9CMRr4UKK5FkCKhcZtd,0,0,,
CUW84ygCs9VkwzDA9doL36LbhZRiGSdLStpDSBtfwSe,0,0,,
2kbYJ7FydbwiTNzZa5uiNWVfzQainHrNFzgT1BCbuNzo,0,0,,
HapP9Z4EhMH7NkLgt3jQi9fQXNqZoCGRuxUdLPji3eZF,0,0,,
2bnUYKgGYYB1wBt5P7ZmuF33tcWouhbu4YmtDiZS8b5H,0,0,,
jFAPY1o3KjqAD7vBFgA2kbSqmt3oWP1uGBVNapgtc2Q,0,0,,
7LZLkdxisoHRSTWNDzBWYiFMzPPRJKzrUYHzem5jLGXX,0,0,,
8DAPYS7KaF3JhyBgecZYro4cy9TyjZPeBJUAfo3xS3fd,0,0,,
DeeNuvpanWbkuD64vQ7sCw3WZSiraHNNXFevs26PfkV8,0,0,,
4x2cyEAEayBMa4j8wDoK98Q9Anxgj7zkHrDXmwKFc7Yd,0,0,,
8yJ15ee2AUQmwbWPxXLTTeBTzyMGn4MtSRKMqVHw1J1G,0,0,,
J9qyPtHnS4FJSfJ8Xok5oSv8JtyiMEBZTZD44xSJxUae,0,0,,
Fhn8b7nSRKiXiLfSSAruPAuj4qETLaNdL1GZt5zT94iR,0,0,,
BaoawH9p2J8yUK9r5YXQs3hQwmUJgscACjmTkh8rMwYL,0,0,,
3EagcZ66c8z2hZdFSd5412yEW9U48AAb9P6d1yhjuGmY,0,0,,
jucxk8ms49QwqNY7diFg55WNTicdM6MZBeomgWjUFym,0,0,,
8sFfw3iqhUPDDN7GnGEQw2LocVyJTCbUbEXKMxZ2361k,0,0,,
4WRST6Q2yyDP1p7Bqszg8PAAoj8j69cj7QY4QLn5Aq3o,0,0,,
GRZeseEp2sVi8Et17WkCDkWt1KQx55XmHidGTUkQbYsz,0,0,,
A5hHo7NgNkrHJdGow671QYC8NNBQ9gHC6c7zwNFoCMG2,0,0,,
567FKkymXWjSoi2Rm62rXaZYsvSwkbKemCMrgySeoNiD,0,0,,
DEciAUHLAYgFhTJMMWb4ZyTLADg5HtECN8m92KsvLCYL,0,0,,
7aJfeK7TaV4bVdD2BmAV22F1i13rX7eQ287xbPrBHmzg,0,0,,
5vihnyiojRdV8bh5BynorBDPUQ7yvwSHEY4eW9YPdcYG,0,0,,
12AjTG16m3oWzjVy2kP2C1bUEzZv8PayQDM9csRR1obM,0,0,,
EQ14yw8p4qei7AkpPKf4VbitxzQksXF2GMfdMmE25uve,0,0,,
ToBcYRm9n3bd2KtupgvxKWtvzbU3FKoTMG8uUS4cwSB,0,0,,
4kst7opEXWtgkwd5ZRCcr32H7mY3WHmmvmPSoQ3TnswV,0,0,,
3J5QaP1zJN9yXE7jr5XJa3Lq2TyGHSHu2wssK7N1Aw4p,0,0,,
F2Hvs7JNQDxkftHgyWdXVjSyQC1sdv4iApVj4dAa7LiW,0,0,,
GDPAPDfiDJhzp4AFLPRz8GY5ZUZL9LYgridGpAapgVmu,0,0,,
CkUjhjN18WHh92GMXRtbyn6CQTC7cn8PCfyioC875jS1,0,0,,
8Gow69KiSV5uCcZWyW8CrMCccwFCSnUTBt9uKPnYAqW8,0,0,,
HauxKsRF98Kb8DGC5kCxLwdsPF6zWvvMoGa1cfp2RozQ,0,0,,
65nTNuJGHme4PQvKQyJykKp1bJAkK4A8Q66sd2yBWugf,0,0,,
E5spy1o6ZbQ9MriTk8WfjLxtTx5iUf7WzFpd8HRVLzCQ,0,0,,
HYFfY6rk9N1D2gW1kiUyyWJYD69uxGYQFkXnJq8yKqVP,0,0,,
4cUt4T7b4rqUqEzQDNgZrmzx4DbSjWEnuubb1QW6Br7P,0,0,,
8tAEDbjUcFtajxJ3Hd7UPT8ojCuNTD8zN6AqXoTU3MMB,0,0,,
GtMtXoJiqSf8Gfp83cuunnDTiJTeTmv7cniVtJ6UAMWH,0,0,,
EJPXi1hZjgVrAVuZtDvJJA1X26HnP81kGVsd3UY1FYNu,0,0,,
3fffnmXYyZrD2qiyiXA8j8GsCtNDjxtt9QcfCirZC52Z,0,0,,
DmnKwkzEz3ANLHPZR17zXA3o8VWJy69U8uWTryxxf1eR,0,0,,
AJ8KT7VhRyG4JFCXjjsQMFCCzD6AkeYhEhJom5B8zVnn,0,0,,
EsLSxVYjebGDiu4Lmw4EXMiHYVxvwme7YbNf6EzgFZQk,0,0,,
3hh64EjEDbiZRbcpkouydLJhdGMAW8UGWc1ZtCMvfAxJ,0,0,,
CBXQth68VUmDFF4c1453QuqxyushN8xJWPaSFiztkERd,0,0,,
GzQzkt2B4Jr6whWVBF7XqkzWvoUy1jEd5z9tczzGg1rH,0,0,,
EmXP5bwiSeLcFNGHDdRLM7fj3Z5GrtMNUvBVtgoHzb5Y,0,0,,
Cg9FWu1N3Nrd1XMMWGW8HQDLZnP6FPwzovBKz5fLDLS1,0,0,,
GdB6cuehHyZNNojV6qNZ8vU2mskhvcdce5NfjV9kFVFj,0,0,,
8QupTsYG2wHrHHu5BmatusYsZMdmpKaMgiZpiR1URaJY,0,0,,
6Ro8TH8HJbyMze4N4LTF44BfpmmXu1rBnYbpkHWfqJ6L,0,0,,
8esYZkxEhRVfv81eSskwtuidP1gArYAZQz99yXRMNpsF,0,0,,
BLZEEuZUBVqFhj8adcCFPJvPVCiCyVmh3hkJMrU8KuJA,0,0,,
GWkA9fwAtJDb8BfBAabRY3w7x4jQrboLZd9iWH1v7yuB,0,0,,
EVwyGRinWG9Jb96QrCH3D2MGtobA6MgdM3wXR81aAgvU,0,0,,
23MRKC9EegPaV9FqPTs9pvBj5T5if36nek3AcWHa5oS8,0,0,,
47GGpxyYXJY59B28yEdrWVn59Ka9RFtcarfNFrCs4eZk,0,0,,
GqdKhqdPmySybvtC9VS3H55K4sCoBzgWi6sV4ecneJmp,0,0,,
Aime9GWH7fVNjDQpjBP1ZMxPPUTCw5bLjZgT8kbNBo9p,0,0,,
GUfVMChbnYKV6RCibVhBsVPfwuUaVnS5XJ13gAkPodoL,0,0,,
APg3sMfoDVh8hUEpXooYQU8FT7fzE1HxzXem829cPQVy,0,0,,
D4duniQNGfyyFwu6DjT8fouFJMBuy3TePueuwg7a2mVf,0,0,,
BSFm1dJRpLMhLi7JrC8mJnSaXKu9CRaZSG112EgagPoq,0,0,,
H9mDnW8HncGQr2pf2tfJSrYcTCikD8mUYYAjCyGMctJP,0,0,,
Ax4Zh2u7P6Wg9sHS1axipBj7kmJbciaN7WSPY1AuUXat,0,0,,
7DZmmvoY7UwVHLmEMfRTMUhhiBREAormFgHnYfXWTU2W,0,0,,
5tggfRUa5QqZbb3V4JGyRoJY9EkLN3yZVyc4GSyYoyH5,0,0,,
9sTgkWcD8KCSPTB5PCNwF3yNjokZpFYTWtiV8c6ayBkw,0,0,,
FCtqGu5YJpsQoKJfhkSZa65keowVttyzws3UccrNMBJm,0,0,,
8GBJYX6GapNRW9QFGpG5onwP6TUtYeKf6nT6koPeHgVy,0,0,,
E9Y5DNYJMrGiPTUP3iPXmKgoTQ76EqiANBPpNfgfSb8m,0,0,,
GiGayHvWrr9hQwoHRcHZeyGdPe7irKtL1n77ojA6qLuj,0,0,,
8nY5Zhyp3HQT6EK8rkSecwoLfpAjNzAsP9nWmV6Chyae,0,0,,
6bmgHbuYtcegU83QWUb9a6ZxBHCA5wJzPfmJMHLCgydT,0,0,,
4mdNar12s9Q3T6AGbS9FpH5M6bx5dHCqAUFAVANGdGP9,0,0,,
UwUs8Zhpwp5Q8tJL3ghuY6Bk639LiREp2MhTQxf183i,0,0,,
6wJDR2u4MqwjvkBbS7VYjKredSKaEdoS2vi25X1tbbWp,0,0,,
Cwjia1uP5ic1gvgsb8m2dE4kzSgMByEGGj23offwZU94,0,0,,
Cx9oLynYgC3RrgXzin7U417hNY9D6YB1eMGw4ZMbWJgw,0,0,,
4AN8XN3VHcmtPNxUEmrJXvTfbPVNTvtw5nFi1oUMDN2y,0,0,,
BqZvqX9wCHQJUbuioLwHoYoUFuwAKoe4KWNMWPVJupwf,0,0,,
Gh9AcyeZezm5DBvVpG9eSwN1pArtFGNU9q7RzLKkkQ8n,0,0,,
D2desKRo8yuLCbiWatJMqwiX5AuoKab79JcYZN3fyu7U,0,0,,
EXA537HSBVpsFijENbt6Muuy9AADUN8dUmYKD4oKbjJE,0,0,,
HQWMXjrPtAuTSGpokyNHNYTHWEeBthUazuQUuPVgsbs4,0,0,,
J6ArBfsVwxBGUCD7HGQPKE3YWdh6X3banThmxMpx4q9C,0,0,,
6eTP1QJCgo7prEKgJ1awDdLYHAp48e7Tcm6tsbZLmHHF,0,0,,
4NqKgW2m3JWv33U49QfmeUfeWUhpVV2x4FziXSJkmMKu,0,0,,
7ee9ofmznGZQbPHr9qyNogFij8diU5mn59BCPn8Mf5p6,0,0,,
7iT9P1cvoDBRrRSy4ZvYZDXfMdMSbkT1CsAAL2LZz9et,0,0,,
BtVVpCoCibcW5DHFbTt12MyF7S59SJgqfViFo9zpe9xW,0,0,,
EZxxswoGau2GJ6w662pBDWUbVU2yWwuTBs7v1dEnAFcV,0,0,,
GivcfFcEry199qpjScB7h2sqmCDwAc5dWnqEpLfrEueU,0,0,,
57rJtCgS6XMDK3LGjwNhtLzkgPrPTPe4otWovmLwbB8N,0,0,,
BdkNTZSXChHKJKQQJogg4u2QYC2BvE7HP5Kp99d1w8Xd,0,0,,
7KESRK6cUkqsQWxtnsVYcfcUzyaNhab6zFs5Hj6V1J1w,0,0,,
9TVjnzpF3X8DHsfVqYWoCGphJxtGYh1PDCFN5QmsHW5t,0,0,,
98tH2cDKzTnWS77oJS697sHhjU1oz1ny18W9BWPYT3wp,0,0,,
AjyxUXDj7TuUseh8L2K5czDE2H7i3rpeHbLcuh7eQbHx,0,0,,
E4LkttNwtMW4adMv5P7HJpyv5c22erVevJS357mx9aSh,0,0,,
2EzoZj45xWiDw7iL3SyFKnRU19UmT51eFidHJf2GoVyE,0,0,,
8do3rE1rvXDVLUURp1sJ6C7C3btQgZ6swckedxeaDsG4,0,0,,
bsaeZfVMEY9TMqXeGC3gxkJJvtmfD21YJpjLcLxoXpT,0,0,,
9BJYaHjjS7BFdXkTvdGhpxx6ZyqyiqdtdDy3GwMWsjDj,0,0,,
6nJLFpro6jK16fMe1SnkRTAspzrY4njaTHjGGC21bURR,0,0,,
Dc7CCjGFFPvDq9zKgJZXZPisdHtS7Pw2cvGNYgGB3mtU,0,0,,
CpviiE1jxM9RASnnsUcfnPK22aFY78QmcVi38L5GVD6m,0,0,,
CLT7pJNkab5nXVf5vy1K9d1TkfTgSWrzH6p6eYnm6fdo,0,0,,
HScAnZCMFz1GEKbNXpqt5hPzrXj85n6C5qYXEDZtiM9e,0,0,,
Ap2dKdGnZz3KMYxSaDNn8EPzNs1om9grU8aSdBWUccK3,0,0,,
3Q77rZSMCxiZLx3jVtJLnRiXf127YmUrbA1oo9JhApwr,0,0,,
AqNHhdX4TYqSP4LwrYZtS4oyJpG9qfyZyN8xGFDGbqsj,0,0,,
7DspV8EMmfKhhumZwRAsLfM4pPdFeBaXDxfYGs1WYemn,0,0,,
G6K3HjH8noiuGcb7pbe2J31RFkmw4qiiug3wK9jhAxvs,0,0,,
7G73AX7oUZtrapFNcjkxgsEUwVyTEyvAWoHoDCkPBS4V,0,0,,
HzsR3g9sskHG64n6wh9VM8LmZ1D3VNv99H6mSzAiQKdX,0,0,,
7SL742PE4VhT3DJx6gSWj1BKYGuAF9iK5UVQj5RzZuMW,0,0,,
NKm3EE7S5E5Ai4yb4bL8ZaFBCkRZBJCTA6VUYQjQCNe,0,0,,
4JJyi2Qk3KigaqAbSiCdZTGFpy6sme465mEUsx4oxEQ1,0,0,,
ATuGL1zcYwU3HQghwJTuMZFrgHxi4zw3GERwF978Wwg1,0,0,,
GooTJjidZfR3vka2zCLBmBiJKjBJrxknLFyzGBfYBpME,0,0,,
GHcFGR5XELp7S1PVJEtie6h6vrHqMqhkBwK1Aq7YJGrg,0,0,,
HpuKQ9Cddh639P3d8V1fmPFnA1TM4G9AcQbY5XJugf3K,0,0,,
CwVK6Srj7bSzagfzEcvfaieBXAodVPjJi93DcrsSEF8q,0,0,,
FmwxiDWS9VhEQmCzmhDMDFrjMsDSSH6XZbN7ucHyCfiP,0,0,,
3Lec18q7nPM62LQwqXG2ddiBTDrFCiNw1NEA1ehBZPgB,0,0,,
3QXvpW9eXMr3gzN3evQdxaZK4qK97gh94qsZX2mYb4Qe,0,0,,
EKSzNohjvyiDgX4t6YAQMnhcdz4Mh5ujDt3j2Faq1oVz,0,0,,
3GFwET7wJ7rtzbo3y4XdS7m1eWFTcFcFU8F2vkX9gyuh,0,0,,
EVskdPTRtoJvjhR2DsVgcau1g3AVovetwt9jZmHorB97,0,0,,
CtHCcNV27jqX5X83cacH6oG7T1aVyQJLDhMdFHAM4Zih,0,0,,
EwwFTPwBGuR2VS5XMtJm8iYwDHpHKEmaJfGvYxMnaFh4,0,0,,
YFQxB3SDzSVedCi1aeQYhjfstZRmsD4rqixFqoGM95Y,0,0,,
eD7RDJhGdUKaHZiD78T1oe15LFnJbVREK1ovQt1MJJW,0,0,,
AWYCpZ3dg9kyZ9peAR4LmuhDXQJAYXTRGtPsT5o7FxMX,0,0,,
29JhQdJBbbczywFF68jLZLpQLb547tteA8XhgGcMBcPC,0,0,,
CHh4i9wGCXihqzatXzAxHaUMckUDP2bjnbLT8Cfdge89,0,0,,
AwF8BX1CJRHn7eX16NFyk435jHAiHLELqYTZDFWwqrAE,0,0,,
5vaTfGNz8wE51tvgo3ceqrgh6jLGqqHLZR5GrAW6qd6D,0,0,,
FM9mNWgZAfEWcCNnm1X15HenftJakmkR3Y4hddj9Jqwk,0,0,,
EGZxEM9RVC7RXPPujh5b68UWHhSPtViH8feruwvcFHsE,0,0,,
53ctv3wwFXQbXruKWsbQcCe7sefowyu96pXK6FRLTjfv,0,0,,
7XiKSZThFz12968YBX6ZBHjKmpJwfhZwkBwhV8Nhjzef,0,0,,
6H7zAsGudsKXUWAVgucXxQgT5Q5yfqd9abHzFFf1casJ,0,0,,
2juNneEc55tuCESnZ9ZzFHHbAV5nN1JnyQKp4vTnoiVY,0,0,,
Fa9rMTuedBrQccT7TUdJCoaDFtDA8r7ny4WrQMCkGVFB,0,0,,
6N93FL14C9uZDStL9jz7krb43JNkanfnhJkLfgjY4EnZ,0,0,,
Auke9FCfLf58hqqL8mb7nvp9P3v1y4iS9kbopstcxsWX,0,0,,
3h4DGQd9k5gsiMnNzDuGXAcjkMm5G7iC3knykdvBBnxU,0,0,,
9wT5md3Kn8htxHNvN65nTR4mjsF3a8PwNm6aSdEoUFxZ,0,0,,
5Wf7JcLGD5cF4eDBuRx2T5vW4wMb5CFdi4fHjVWj3Sj8,0,0,,
pShgfwna4e9K9ryPBcdHZ3r9QU6YCvjVVWsEFer8hL3,0,0,,
FkGxfo4M5NWQ9xCm6NBLz1shB1mXQT7oDeUrxBSt2ev9,0,0,,
81aMkqBBzD6srks76haMqrCG1AX1E2oT45Si1KEd2vr6,0,0,,
77zqAL3QEpgdUsiPy8VgRGBQJJj3CHYMvARahk8EuBq3,0,0,,
yso11zxLbHA3wBJ9HAtVu6wnesqz9A2qxnhxanasZ4N,0,0,,
Dyv1nyVTkhApgQ3uKxD7pXNe7Cs3GSe9NdaT6Bc8xDdj,0,0,,
Hp1q2Qj2Y38wqyo4uBJqUxcjTYNwwxHQyMfLzJKj9u7D,0,0,,
GMx6CHEHN257wDyDbcjAKu6ksKYPzNzdGR7V8G19HkkJ,0,0,,
GoatwJbKCuGhSnuwqQyqWdgJoGxSKve4USsqMEZ7PKJu,0,0,,
GGycb1rqxS4X9xwBdPytUHH5YdhseMjMAhJro7QKE5t9,0,0,,
DgPEke3cxnzNQTarMCEf1PiM9Bcz7xpgaJ3qUhbUFX6n,0,0,,
5u7zeC7db7HUwUaHesWDnuigZ4LvxzaR7kcwycFDzekf,0,0,,
3QGV31PZkV4BL8RtrVNuN57HCUDfYHmX8BRN1jFmTx5P,0,0,,
6N1dxCdFZqpyToBW1jB3KQgY3PdnTKpkCNCx8HEuuGW2,0,0,,
EDpxTuidVramoSpon6VwAutgiFkMnRSvkuUFuHyuECVj,0,0,,
Bu6xYspQg5mLjSisunw5BBrktX7Ev5ZW7gJxN2To1mHM,0,0,,
sarNKBf5hnrnPhAiR5TqbfeCtbT1DKAUsooUuHx5Zs1,0,0,,
XAiGbT88pwB9XXY34zjaRVtSxN4bGad9x1m3XDaENaV,0,0,,
Hdw4Wh35GRd3Zh9FdJnYAPxKhzxVG2wkrL7yhzfESwmR,0,0,,
Ekjf1SycaRUixY5QXBrVX6REDaMCHB2DWB8PJgkDQCTD,0,0,,
Nut1mfAAGp7zbrKL4qMxj6Y4QBi5jZ9Pz7r4RUGiqgS,0,0,,
HPiofvU6i3Gb7ou23Fz6y4188gKKxdW9YVHpNQhCFWVE,0,0,,
H8hwQvtdAtFYD7hdzLLdWuaQQo2XqKtg1tqUtadobSSs,0,0,,
7UfGhMd338fiwr5fsiWoDMBmv2XxxaPvkSju99DsWnko,0,0,,
Fq8SqVg5coJch73D2DcUpZkczV8oLyoKF6zzX8nRutWa,0,0,,
Dtntt2LWMvvVsd2goGP5Nhh3iYE3n3HRfCdqmYqBB2gJ,0,0,,
5nSDk5F5xdAkdNLxSKYtMHg6kDiPzegXZ2K82TUqWna8,0,0,,
54NN8E4TfszYjExKz3bZ5AvZq1g7rGArBXmWfxW7YJuu,0,0,,
6cc2kQMSsqgNiBtWEGYF9e57EkEyNb6TdM1AARGNKkwt,0,0,,
BZnTtP85NeCePLoCgC9Rd9pr9fKBjinztWxtdTU6sWRd,0,0,,
88N9KN6Rt2X8YrsTFkXJBu9mnBnrErDMeBzkNHfzDgDh,0,0,,
AUq5eJuSwzHbLTVCiXSuF2eEcfYFmMDFfzDXbu1TqheZ,0,0,,
RKT69NZHN5uovcan3q5hRbZzfJuXiGEuPmGANoBJLLz,0,0,,
CDwUQRuLsVVEAo5PfCsxXvhqR86FCcRHrNJMwmWZHfvg,0,0,,
3xi57QpVW5ywP5T7x7nfzvbPujEG7hM6WPAqjS2bDJfz,0,0,,
9NSn27Aq8wBpKkYJbsZFdfP4D78iU4dAwu6H2E5xz5Rn,0,0,,
GkDkSYXkK4RNuMW8C7Nv5GgvSsFuwHfrSkaVCueH4Tpe,0,0,,
FBz8BmNwS9BDon79somj6jKJyVvT8z2GRxCvp64QnVZt,0,0,,
2xLDq9FrZRbosxqtUNwJaqUwpobhkR6V5fDyMwhNrHZ4,0,0,,
FSGXnCXbT93hcmp2HV7tzHQostYKYCR8tn8sJqRQs1vw,0,0,,
AVVAVwmhoziPgr13c2wZt3nUn6iuSPAY6NdvoPCwaHQH,0,0,,
8bGpdgLHemyYfh2HUVu3VCwALrgdP9EteTXBcZrUsQcz,0,0,,
DTLggjqddn83Yc1Doe2KEYZqK8eyXBSjfa9ypaoRnVq4,0,0,,
8yF7dX7Fo5KfQzJNWjohVwchCx9acWxndYnnTsjstrsj,0,0,,
88JTNBJqpyqdJNVHhnEdB4k2qXSzWKCj2dXqPgrTtiee,0,0,,
5AUwRZZThm3rDHJYAEjcrJ2p16Vu5JrVxzyrMzXnt2KF,0,0,,
HDc45cYcdSUiVQVAKZJZAgDj3VqtF7Ad9SzEkcKWEY46,0,0,,
V7ntWk4D9Frwaec2CUjMRMMsJG28Cd31HxDKNdP1qjM,0,0,,
SCSuPPNUSypLBsV4darsrYNg4ANPgaGhKhsA3GmMyjz,0,0,,
AQFXLfqfaAnqvaCArewWVuhM3pu2CAsiYNhi19HKgKjS,0,0,,
ESa9cBaPu1gyWfEyZPuYmHpnjKT4pCUC9sXsaN3gsBUj,0,0,,
2zo8FYvBZKPm2wUYh5jKpoFKHoqUAGx5rh1ka2Lax13j,0,0,,
AntsWM42N8R9iHcY6JQc7s34WSUqASYreoa9wcpvXw3L,0,0,,
GQp6pmkjZKQtXpQgJRjGDnuhYeq8Lbabe8jikh9VjaEh,0,0,,
FSDAa5G9y7kvq5bwqDS7xWsmvXB9Qui4ZSFCXrNE1SPf,0,0,,
EatzZP7Bw2Yj1uwRpMGWkFmsC8TPuWoH8jzqjeL21xUU,0,0,,
3aLuX35BSxbH5CYwrQo2iYRe7uSGwnxM2HyRSFbuBujB,0,0,,
9RurRScXjZggoKBtCR1XN3GAQrkv9t3QRpH9fSn2m8jL,0,0,,
57Q1Yz84qAjpBYb4PAayPP2Ftdc4NoVsaWH14wHqVc65,0,0,,
6zjihB5XJjoXw2qGpKVXKjVhDsTm69wxbEyQVcV9d8cN,0,0,,
8yE4p5TRKBGtqxYV4WFLX9jkEJagSfKgjW9PuvGdv41R,0,0,,
2VZ3osCSds4MssnLytj9dzQUzijep4V3YVZtR3YYxLdM,0,0,,
7QhQd52VZZD5mBGjBozKFSDHN8HS6sbyb62hBZQ2SUwk,0,0,,
E7vXA8aUZRPE7EkVZEDXRTorRzh4ktwe7bdb9iQAkbJ,0,0,,
CfCRztqghobWSYHdpAEUrDFF68LLMBMn1ydnXKmkxvC5,0,0,,
5YaumaUEjhdA17NVV8oUMeiK1q6FHqHA8XRaYAXA4ioo,0,0,,
Cyq8R8jBaZtwCRR4UkjEsXmdEbQB3jmkvhoSRELGdYCy,0,0,,
DmYi9iVzoGbk234AvXmfsMgAxnG1npFJmSYA2bfaaTS3,0,0,,
JUPaSj9wfaCFJoyLHVQGujk5RELvn5aTNjZNc4yxfeL,0,0,,
5SFoyaGPqS1wtYBmyuzx3TyJnAMT2TYMz89FhuuzKZNn,0,0,,
9VV1YziXSTCzEURr6rFXWwRV9fMkPUTM4fnobXnjGixr,0,0,,
FVKgyxAwsERXemtX5Z5eqF5RripRoGWhTyQm2aybHdwZ,0,0,,
ExVV64Lkb49Bh4PK7QMijLQAuFPSvAt6eToLECn6oBc9,0,0,,
F5cDvBMb8vTpjsxU1tXbHCBNtVoiz6uvgnoUFWskLHqF,0,0,,
HUzyjgKVE5uvY4VUxr92n9uqWC2wATYgnf7BSkYSK1cG,0,0,,
DLEt3fPivYGmD71aF53Da6k3DGeouYQfGocTsCx4eJqF,0,0,,
29REKkAfdkdZEwERmCuNHd2yPi9U1mqy9hafdb8exnsb,0,0,,
G8svWrsGepijxVWsnEGtdxikqYkUUEByV1zFJrySsj6S,0,0,,
2nYwzZJZJNzGjSA7yr7cb5BcYUC5MpHJbVWa7Krkqwum,0,0,,
6DN5g84rA3vmRX1UMBFAwCPx2u6tB8T7MWKZDaPakqpV,0,0,,
DMp8N7H75vt9qt9QdLqw5FU6oazukVECBfVtRisvoMVF,0,0,,
BWXrrYFhT7bMHmNBFoQFWdsSgA3yXoAnMhDK6Fn1eSEn,0,0,,
ZArDx9ofWfaiCwYhQXPoukUin2fqzZkCmigUmQzCHD5,0,0,,
8ddur4JADXSokyh89XDLQKhwmGRjUmyYfXqp4SZyFSjj,0,0,,
DGDHAfBvZRSisHLGWvu6XVVt9BxU8gcFPbL8hDjmGLHj,0,0,,
2utMJFb35fLdGcfrjM9xaDWoKzwRec42D7a8PZJj93LQ,0,0,,
CAbszti692EPJ5QWYRfh6LYVTAX1FAUpecnTDUZghM7T,0,0,,
FepqK8Rt9X8czLBYemAwqzpmwxQkg1m3xHVuXHDA1XSn,0,0,,
13EQ8rXo4cWzidfpbdiMxzqKmvsJQjBqnysxqwMcMLTd,0,0,,
H9nQTTkKq3dUQ1CuHwN1a6q8iS4NxyV8zzT5vvUooML4,0,0,,
B6WRJgna8NkfzR8wpi5Ys7qE8p8JTzbS8Bgh8kwenL6H,0,0,,
4aeahX5HJbxQ3WNHpTojqqMRCG2jGo5S2Tp6Y7Wy26JF,0,0,,
5cQGsfAgbAKsGU7v2xchden2KyY88EbdB1Gh7rjj2YXt,0,0,,
341p6fhW9dd3kLovQgikWyYio6WX5U9BUbDBxFRo7e8B,0,0,,
CLKkqNTboThgMFSy6k9T4wLWEwN7WSB9Xwsvh5rgGaK8,0,0,,
5r8y4NHEwzRhPryahWfhpENBFp6SQkxjhRYaZYYmVZPf,0,0,,
DwJvjzqHjqvav2MtykLLNSUJTwg6dvsfHaQec21hMSiC,0,0,,
AF4inzCtnc8ewiSCfukZWKnD2jbVjhfiZToBKcUomrAQ,0,0,,
9TPL8droGJ7jThsq4momaoz6uhTcvX2SeMqipoPmNa8R,0,0,,
CwdTuLymKRdwDhC9itu18LjtAcTLe2bBws3ctZv5hPoJ,0,0,,
8LhUKeZvVAe3gWXxvYkWwphg71kKqSHyV7YMpvxVunWL,0,0,,
H1SRYcjMXjAznBM4UzFbGh3z3NRyWxKBd3cEh2xn19kM,0,0,,
HaAXD84TBm86uf9Xf7fFjWkneHVcwF47CUa6TiLjwcHa,0,0,,
AhhdRu5YZdjVkKR3wbnUDaymVQL2ucjMQ63sZ3LFHsch,0,0,,
3qRyWN4AXsF6Ydahn9FnfsDe3AoiwXetm6ApKNPBgP3V,0,0,,
FMuj3VBmCckWrUjAX9zzuovowzSQWbVBuZrUSjV5mmi6,0,0,,
EDRjuR1B45uzivTW8s5tbsh2gigJJFzGnN6wWMws4fme,0,0,,
AKp8aRAuMhH2ibBgo1LZXsMw8NSd6XjR8K5fgXYDXLdZ,0,0,,
7z9nCuu5b6AQBSqo4bDBE56SLSiJ8VzmgiGWXGRkdoG4,0,0,,
3fK3wBgWtiMHinR7f8Stk64PpNQFd6uHVtpA5xTYNNRx,0,0,,
ED4oPxsfr1hYGDZ8arxdZ7XT3GcJPWAGTcRpSd5S47N7,0,0,,
DNX15h87AzntcqKAMNwfgM6dHrNCumMTWVNuhwaCbJpg,0,0,,
BjNDBFF8Z7zPDyQwbKXcrHHuVnuKWBuaNttJAagj7BLW,0,0,,
7vUMtKin7obGT68d6JNn5N6CqCfzEcWhacayUftyU7X8,0,0,,
GkiqwxLZn8rvPGujhJvpXesL142besXGEXjCDmXaGLCU,0,0,,
3cTqwNU3fqzsG8aSFP4ZePjUSu2xMFueWFVrc4tTvSyF,0,0,,
A4VnZ3fU7avnrdpYhtrVnbzsf2bMEyyio3ijcfruXLXX,0,0,,
46oMYXKW6wNn6vMYpsFGiZ8eJJtw58n2DEsaZn3V4qtz,0,0,,
FZ7vcjrNYVAwyngPCsnDE7VU31wnkxUsKkkWZQv5dMRm,0,0,,
ACasfKLUJKcU1xhj4Y8uxaoK4T1Pipn6v1M7vy9PsX54,0,0,,
DXAQXhyWdxJwbcCc6gmNZULfqHx98nrXo4M6iR5WcVmn,0,0,,
AogmC7VmbP9B7nW7fLMGWHY7mPCMpBbvxKpLjVcJo2yg,0,0,,
6zk8Ap7d2wk1qUfxETHhy61YEJYWowoB5dshbnBipc6W,0,0,,
8QCwTB2cbY83SP9usScM1Cu2mLry3qxGPG31bvy922x5,0,0,,
3AjF5GKKCSxmL3t2JrxqKCXw1RdE9BxeSjgmMUjP477M,0,0,,
EG1X6WiVdfb7wSDZwH3Q4FWcjxpooFw4yKxX4VAm5ywg,0,0,,
CjCvm3Pfydntyo3r4PMK1mrARxDmaTYEjHdK9q2sGenR,0,0,,
HaGc6EbCK2cBo31dAnjCVBKmHGopWiXpC9LsMoUpAkYn,0,0,,
33eWALS9GkzSMS3EsKSdYCsrUiMdQDgX2QzGx4vA9wE8,0,0,,
AEiB6YfDGotihs9Bg4bCMGnG56astHbwB6AdEPcXRecb,0,0,,
21kbezaCxz9dG2NtXp7pW1hAmtKe6ykiJkeT1EiGXDyY,0,0,,
8Ueu2dZe85Nt3GbcSyXjTsMmsrRgAXQwL3SrPxYrhWFh,0,0,,
9qmdvRQBaEQJk38cActbr7NQUFeizhPiq627WQCJtxgo,0,0,,
E3FywZSptNGmSSu4FMfNoUszJyu87Thr5EWro3nqJm4c,0,0,,
J9nsngni1Pavf4ijP4R9QBaD1yEzKzzUQ1vVgcDQT18J,0,0,,
3Sy5u6Ac3xE4c82zzqWczHkzeHfRRo6MqgZ5FEBDrTnz,0,0,,
7WVMpKPcpDp6ezRp5uw4R1MZchQkDuFGaudCa87MA1aR,0,0,,
2nkxLptGxQCfaar541Cr87G4v6VuA6BvVWqxsHNVCYoA,0,0,,
7XDvXsxxwKJrPSUyzxDKtLwvV7LsSCTHpRWw1kWNNe3F,0,0,,
5NPex81E4DfhpCwFq7zwpVWCknC9eL69A1nHFoevxEwB,0,0,,
C9P6qyf7S7c5ajV2PdBsHGbiugcumon9YFFPwXMdbuLc,0,0,,
1r1ccY5akf7X7331etKGZQVBmuB9J6D1Jd8QbPWarzM,0,0,,
BmU8UrQrnS5zZBV1ejFdJSQR9z8DBVprz5RpZ3Sf565z,0,0,,
FfkF6nnPh7f383y2w1rznpJ9dB2qHsMmXzGA8QzT7TMy,0,0,,
6L4FcPcqHusqju8syvep8FwE6BxWacLmcCsRUFKGc6UQ,0,0,,
9389JMYWty4oe6mbe1RVJxPk2hxeZ3exZacB4C4aTKpj,0,0,,
25mSrEt7rDPZA2LP5DSFcZQuHzEzKAXwcNrhc5KUZfiV,0,0,,
6xQSZYSk7vXrCxgkiSZn7tFjm8w1NEss2Y6uceVWg6LR,0,0,,
9wDektDWyP8NGChruNrHpPvX6Jev7439mtg8pc79BGfa,0,0,,
GoheZcGtHnQFQ9omAixvFzpj7xwz5TEbQH4XaZhNA7mL,0,0,,
BjLubKr7prJiL7QjY13nF2Daq7iW3ctqpdirJxsuvHXS,0,0,,
FJVuQW6epuc62KGThp1sfzJtKufcNqaWB8zwBzB6DLL5,0,0,,
J5oHqo95jEj3sfsXgFJyN9Tv8TvmFyFw57KgZHkGDt1N,0,0,,
BP2fPKZMKk6iTFpqpgLzZovDZxMyTa4CfrRuBdTzJqi5,0,0,,
AsxCsgCkpyWDZ1ZNTPMd1dz6QcL8rFJTccRWjp6LNzC1,0,0,,
5Jt9v8J1rWMrLpu7orXvuEPoB8dAgTUSmPKQqoJdQare,0,0,,
3aFSnX5TnkfUeGDCCnEZ6oJigzh79gMQQSMdAZFDmyd1,0,0,,
EFUdtJGxkVfP38Tt1Ro8wd62FPg2bEpowaLKtaw2dQRF,0,0,,
5SwxhEunuUUcWe4ojybdDwky6dpLxAehNmF4AA71STNh,0,0,,
FvgxPmA4img1QG5JRmps7nBzerHnDnQsyKArPo7CPamn,0,0,,
FhVJ29K9inNPvJebkmEkysFuYrqAhcEbqf4yjvELxgE9,0,0,,
DnEL3cjqvunMmHF7DjTNoUSRat4wBKnXuNQBypRApvjn,0,0,,
4nBdirGQHybv1nYQrsnKZsMWBvChWYx7ejvAgrGEgepV,0,0,,
2GTec2HGhVJV82WXVbXBhfLJTkFaj49KCnah7otMDr17,0,0,,
Bd9kFeRE2rX9ZoAb2iq69bTa6mc5bc9qGLNeKVuGU6xy,0,0,,
5eqfVcrELAXfaySrAJ9WznBN1BnQTPAw1Jmb41UwstHS,0,0,,
Fq5YU1EvADt934GeKccN5mY3iPjVZGLLTgZb7zRfpmVD,0,0,,
E9PDaSphPqXmrt598NPQWpZKF7m5pQXfuBmSgyNMvjDb,0,0,,
J28SVQA5YRMYFC61TJqka3gpPSHCa5AFTAXB7HNzYm7A,0,0,,
9LdkzgnddNHQwt1hTX335uWPzMefLnLRnNS9foN5o6qr,0,0,,
CYQ7RAWFqLWFJvzBESwq7fpK7Z83rxTM4E6Pu9xLMRzP,0,0,,
B26Puw6KPQBnpyoDWwyCqDpfnDyt7jgXCt8Pn5n95kQ6,0,0,,
6cqsJfRJohnDZ3nnAU7PBnDmDD48vcdWTUY3ff4978KE,0,0,,
C17E1ighPWSrNAKfQo4WmXUHfAHdgsNgpF6NXMjychC7,0,0,,
6VHL2vMKgrF1YQFSv29Rs1pj9VCRK29bD11NtDqerqHA,0,0,,
GXxxmakQXYS8dRtvHeWX6Zr7nj9Kg4wmKzkp8V48Km1,0,0,,
DxuqRtTqhuwfBdM3AEEsdwREAtEevKTXkFC3zUVLGFmj,0,0,,
E7iNeXxZCx65yKXHrmEuaRTZHD2STJRpAmN47ALe8p82,0,0,,
8kwfB2NqXKn4qaT4nNoF4ddaRy5UQND8yHZRDQ5FwTJi,0,0,,
FRPMijh9Jrv3K4uMDLU6X6jVcHR6SuRYf21VracBYLg8,0,0,,
D77koou1RTL8JQGb1S3X2pphGHnNudB3mpKe5o8FdDP5,0,0,,
7jzVyVrbnJSnmZ8rRLcHmCjJapWWUNMqD16sXdTXiCWG,0,0,,
7Wwe2co2sL2VfchUcNq9FwRwVN7e4Xz5nxDjoJ4sXWyM,0,0,,
CX5WQwDVZAJiocwCQ3GcYEjq1FDgcFs1nQEBQUBZYjbe,0,0,,
B7mNSYkzeVYYeNShySDR1ma5XQAapswBeHdhBegaPdMZ,0,0,,
HAxCJjnmgkdXhwZYeJiUvBgm4NdQvqhGJCS3KxCnCxWs,0,0,,
5TGQgRRDqN6vB8qP9sqih3LdbPa9oKPBhxbwziMZrFR3,0,0,,
BmwJNuAAjFdKMfE9sWFb1YJJReJJGHLFsENPLkhjLbuT,0,0,,
6RtXnW4npfsWc8Gi2cLwinheLSVUiCiMGTd3iFFnCWDs,0,0,,
9hr7dBk5GtKbDRzTew5WipUKPyZ9be4KhM8nDka61UoL,0,0,,
4HnemUamJ7i6WTuhUXwEefvrZ9TEtaM1uHzbC9QJMJLH,0,0,,
4BUwfufPiXroBaVXaBQPWVU5WwnwwMPK5wa4wMEHFR3V,0,0,,
BQvaw48kHoCHf3vyfsNzoLPMFyKF1fUfX4v1VJ6EK1m3,0,0,,
Ai4wUKfRicTpaKHFfuCf3ZsavK5ZX1j1mxZP91JDvoT9,0,0,,
5QATpDF2xzxm7BCRttwEXnnrXY2abhy1kd7PtqLninXC,0,0,,
DmtAdUSzFvcBymUmRFgPVawvoXbqdS2o18eZNpe5XcWW,0,0,,
FdDEakNRY4k3orJuBXUcm9VkcXd8YXVPjuG5WuRN2tWH,0,0,,
Dig6aHyrfAsBQ7FE8n68ZM4duudUv1dWWBD1c8AQ4yvd,0,0,,
J5qm3bYSuhaUU4WuGD32CcnzwTgTTyWLrwKJP8YWjkbs,0,0,,
Aw2UaQyvq4LCfak4e5nSUcyVD4hs2uzoX9FjtuDPBJiU,0,0,,
faNpdAFhjHseZJEiFKXGcPPPuBBQq1ZLkyf63oJcH9o,0,0,,
DVRjsSq4NHVcgJvmrSjrkXSAWBmvTEcPMwL6iuW7XYs2,0,0,,
EztC4F1TKyx62EqrHeoPvd8QkF6HZKpcwbQuwsE6kcE5,0,0,,
7S1CYwg2ymQJh7z6nsmevBXd6EU2uHRvsYW8TK3ZMeMZ,0,0,,
Aahq56M3i6Zs2mQY6H6quW7hyceRpKRZ3PsavdizxNxG,0,0,,
9JLvyDo6X3iPXRFACCuEheqzTwE6K4cGG9npZp7xeUkD,0,0,,
E1kcCcqC9q6KvLQmZLvhRsTwdfE55jLsPcqhPCg6qJGK,0,0,,
J2h6kynKet8K2YkXgMG4HuvXjr48mmvWVvmTvQidGRKz,0,0,,
5dPFGRmgA9PdD3YTYCDnkbfRu4MBEEUL5akev5E7PAJZ,0,0,,
PugAiDuaQ5hzicBHAW9qrQQ8qi4B6sh3n7PknKhyjeX,0,0,,
FawXGorykJ8QKBfwKQ25qzvxAfqzQtE64ygRQH46siZY,0,0,,
E8dL7RvR8hMspmSTGn3o1LRfMnVTHQaQNt6WBLQA5HhY,0,0,,
A6M1rZ73BgTayLkZviborKJqHV3wkoZFBuPTZHaaEqM6,0,0,,
GyCuELKtfif26jQ3tNCq3eRgu9VKqTRpnig7C3evGfCz,0,0,,
DbDzhx2YaSiRs1SmE3WoTgSUzUCMKWvLRRHQ8C3WjqVH,0,0,,
HAijwj9odytXeUGRJ29y7ZD2wVZoAxE8dQ66Cedc8emr,0,0,,
CeoMQUAdyS5kAdKfNnvCH3ZWrc3xTNUuKqBptekZ2TE7,0,0,,
8H3kEZ9Cm35km8MyF9Hk3SW82DPeGwHkxinWLNgsdPKo,0,0,,
2SrCyMUfPcph12F9DDXMKedAvSDGzzGFku4FVtW8hbGU,0,0,,
2g4C2KRA2VFsW5TtQokMwDwbuTtRKm1y89C2zt3bbENG,0,0,,
8GdGAC9RPamgRdruvqeGdjbBonbJvueGEnSJ5iAUQHrd,0,0,,
C6miLSJxkrejULEyQDqQXrLe1iy6D2Jv1ip2LqHMvcBy,0,0,,
99hTcWky1GANzxDNbBzDbScESyWVrYtSutWibLyY4au6,0,0,,
2yg9Qt7zYzHcpiJj612cVog7CVS9xDoKxXVtnX5eusrt,0,0,,
83CaqnuouAET5RX9eyfak5rPZaaFShD9riXaS8ViMR4P,0,0,,
8CKJGqMT11UrLBCpAVWv9DnQwb2kEzsAzvzy6tF1WeNV,0,0,,
HvvffTYzFKe9DL6QgxccRvsqqTkWWFbe1jz6dKYuGwwX,0,0,,
GAq51HVyNQui3gexUvRuFMAZpEXNGuPDUum1q1KMZr35,0,0,,
AaVzeouQk4tQ3wPDZMw86aCFWeqVKJz34oTDWxgjx95X,0,0,,
AmCUM6fwy4jQA6az51jvhvoFCiFm3ZsNao5JoDbFWfwv,0,0,,
ZJTUEm7zJAtT5DnGsJSRnwjhLPWNEGV8UuGckCqeb8D,0,0,,
A7S5M5fhnqyuJtHryc3mbMH7RkfFJ2kFp3Bp7jp2GBHK,0,0,,
Erfj4Nj8EAFT2wobaEzRQqCYFyVgsdPUKExXhpmkZCyB,0,0,,
6Di7bdjPZCEFaTWz3vRPnwoL6ErFTWaH58KpFC7pjB2Q,0,0,,
7TYuUF4Pat8BeT9PUTS54jP4nC5U5YUftHEXnNioKnmV,0,0,,
8PEca3rCa5pMUFSWAXvpAVjj4CgSzBtYiSyY4v9Yagnw,0,0,,
6Gdz5e3iXhuswuzuHGeEKyDphsQEk4yveu8WquBAcfse,0,0,,
4Ub7UHGZNpUcpGq9sWNbm7khpRD31hBYP9rtiqWopCcr,0,0,,
587a6gmD8dTYxJmWKBEYkYPVGPQqDAQZz6aTDP46Bkca,0,0,,
HFrtuX2wD3YrEghQDjsrLDCH7YCzA1Se14433x5wLZPy,0,0,,
7DioQjZLzbnqAAyT5hoQXDpfXPE9TgHkzQ1wQyNRbUjM,0,0,,
2C2q1NwT4cqdqK2NabNpqi39Z61sceYVj5s2ydFPXzU1,0,0,,
AJTTMUgrY7eZZTYeRkgwRRsbLZqbggfrKJ5v1EUg6Ra6,0,0,,
JA7W9fejEQjS395g47AQS6Y2nAKVoLY5ZvtzBwkDhoGV,0,0,,
6ui92T1J9fU6JwvKQFrrw2CV7jCBYJ2K5YTj7BniWHGv,0,0,,
DvfrLHvGakrioRxfmHjgYrjCwY5zdh4r4cGuQuCz5EGL,0,0,,
A79giMxc4PTTHEczu9Te3NV2aHgER9VQpWGzkEsFWMm4,0,0,,
AvNNjGV9WJ7EhN6uNLsLVEngDnfk5BzdPwRfAjWUBNcm,0,0,,
72JLu1rXrJHnBzVT9CLh3HG3f6URdoF4NX4owFcXPriR,0,0,,
H1Nx1WcqpmMBibkLopZCr61QHMzhU7KZmvPCx9tp9QbF,0,0,,
8iYk8sedDpW2NqmL88vpUEB1pGyDhuzRCPxWNooqpAMd,0,0,,
6pzoUGtmnCgSFH56q46KrorKsCgb4DLKXn8MoXw47YtU,0,0,,
2P9bSRE6BWk2DiMQSZfDnYCwMGvHg7PFZsxCDDhbDNjP,0,0,,
8mq2np5SgMpJxZeNXjeoVYvjNWAnGKhYJU2Xj4GxFz5Q,0,0,,
3xJBPmupEqbBbTqvZCYnRAKtvDdZKfYKEixjXQebVviy,0,0,,
5qngs3DuqBg4cPZ4Fviiueiv8y6M5sz1To9B3ixRZHBr,0,0,,
3bui1KGPXGpfJLFKxy13zjkyjag116ovcAZSz9hqawJM,0,0,,
o1Mw5Y3n68o8TakZFuGKLZMGjm72qv4JeoZvGiCLEvK,0,0,,
GzQyGytokyzNun9Mafx4hKLrKq2Ac4LPiHhJKQd2XQuy,0,0,,
6EjdgYrrqTFet86QWPqK1Nte7PfyBLUr9Eba1LRFSYNt,0,0,,
FpVvXEmArBMbmLC9HH5Du55aRcwEWyHHNbdG9CLgBeSb,0,0,,
4o1ymSASysaPgUVQK8fjPzdurwj37SY2Un2d7e7KF1dq,0,0,,
7grTes1Xpk5XjV6omCDFkt1eYwpUaE2kZcUZrbirUnYx,0,0,,
6pnK19MfbLX1M1TkrBdgLx9z8bmiNiHPsxVro5AP2iBJ,0,0,,
FEuySgPHFNXtNRV9XY62pYsPPei1XheeghW2rejF5MJ8,0,0,,
DQpVDkPwoLRAKiNAAFz71wMaVbFqFr6v7eBfNesF8gGd,0,0,,
DcxDfoKpmpmMRL3aCHTVyPuER3VQqFuB3JX1WKECndZe,0,0,,
Dwad3nQKQXwwSKsVbevkjfvSnnxtR6MctP4gMcfeqz6a,0,0,,
5CDg3xgQwUfvtyHNixXdiFRnHjJa8kpP6pWTt32qBs5Q,0,0,,
Hrff9DtGPfHpwpHptipB5TYTuzjaECevKAzLaw49z4FA,0,0,,
ZXydkVV6vzK8W2REo7gbjTpYhqPTWgUVwhhMi97eGnE,0,0,,
3qggkPY43U1HkHrVEC6eNYD5uDj8Ur64RuaTfSLjWxtQ,0,0,,
ER62dR2YWwPyuzjNNuZhG6U6h9UtN68SypzME4UN9E9,0,0,,
7MkvPe5hnCTFanb8H7wzrpSJVaVRbE9DLwzXa6sgzwnS,0,0,,
7j9RTwWgFnpzs5bTV2vr45nvqYmwb74CDSPxikPp5rYr,0,0,,
RUSHazfGVYTM4fvKmeQeTYSg1sk49yaJn3kL3gTcbpF,0,0,,
xHWKW3Yyji9xe6FnTmDqu3rBApt3Ysu5ysywUA85Len,0,0,,
FNZWbrwfepb1S6RP4rn98sJcaJTAyabThNAzBWKwwTxS,0,0,,
77psBW1sKfssieLRww5395HmSiWJni71NRKHVbnMZfEX,0,0,,
8paUf5DsXL2SAZXvGKHTJV2RiTQa8h82scKDSmSq91wd,0,0,,
FEn7LL4Viyvp3Ka4Q683Gs6mEs9VDrQgwDJkrztVWmDs,0,0,,
PumPRGmZ56t3Vngxo6fCP7ZJQ14oUg3biKxXrEyQBSf,0,0,,
71SqqQUTtov3PVLMVEftstjZHaRui8tG2wSk8sqnHVQk,0,0,,
6oLxYDnrhQE5qFNZjxzFauCdkK6jV1LULbGJQNm5sExG,0,0,,
9wxrUF2heQBvzUg7VkviMUipDL6kgG96tPLwh2Ls9mEm,0,0,,
5PjXwxFN5J4Dq38njyFe7sQzjtCsWK5mUteSwtVFpgrh,0,0,,
FMwCwu5Q7xgct93Pwv5GgrehFHLUBJ8tL9bNotSSPCwq,0,0,,
DHHEawWHxWUnni943hjFMkj9cVugyvGiWtrgF1sD1et8,0,0,,
4C3XRVzwLdTDfQmFAPLKjNVDvU3QW1RzwCCiX1yobcnY,0,0,,
7F21z3B4dfsTTnZvyDGCijwT51DyYwfvS7VrcS7o76vp,0,0,,
FzmfJVYPhAgdg6vKy42XUE9EGphecZo8Y55sbuSCeRDC,0,0,,
GGEMxCsqM74URiXdY46VcaSW73a4yfHfJKrJrUmDVpEF,0,0,,
7KYzpDYMtxTTbPBnhnrQLACyFNptWMWd9XcYXaRfVJyZ,0,0,,
HTUynR7jEkocwuP73HV8XY4ZThdrHdPL4kvdyz7vsXka,0,0,,
4bJPQ38VAHP8A4G3VtSDbYQ6cXkaZBXEnRhz2sXjRjES,0,0,,
9gDrF8Yu4b4TS2AFS1zjZjxiPQmJjvMvQiuBDGbhV6vU,0,0,,
J4ywFdm8H7hjwKzCaEQujhkDRfCnRviVnHMvFNDAoLNQ,0,0,,
2seAWfCkXtmezF8WSR1R8DxbhbETPBTmRobtZh4ny3p6,0,0,,
GCesTN676jxegJmCQXH6jNaadgtUGsbowKmWJP2F79jt,0,0,,
2yQbjDsRmTf8gNhwZ8z9HZ9sZeR2S4R7BfRg1sr1sqe8,0,0,,
8fwtsxafjbcEBcRznp8LU3zyfzSQtWUDcoCjz2dkUpaE,0,0,,
ASUFbYapmYiy4hAdcpN2mLTAs3R2tXYrEw1AKmJPVPwu,0,0,,
HMTwtFqWxUNktieN12LE1ExNtnURKGx18y5jFmtW3Weg,0,0,,
Eq71PGErtt7WSR89KKG4BckWeUPCcGtQ7TDgrgXbXSPg,0,0,,
iotEVVZLEywoTn1QdwNPddxPWszn3zFhEot3MfL9fns,0,0,,
Lumenv73RfW4RkN7Dhza8fVt4uUqrg4pbE6Sk5Q7Q5m,0,0,,
FnnrhhWwfTVVP3wnjWqoCk73cB4kw6QxHSiGxezT2BHE,0,0,,
MeJPvS9utn6JjpqaG1mFZyZgjgYcUjzbhx5AydJqy9b,0,0,,
BzvMviYWyXRFWy469qhK649X7b5ZmtNzgDpxbmwmjkxw,0,0,,
H6bmfgE1V7UHCf9VmuzEhsYgU6DkpAtMeqXwzjLupA2v,0,0,,
3hJQuK951iF6kcdSGC8VwNjoa2Swh9uA1CLANyXfXn8g,0,0,,
2JiyUWg6xWLiY56xPi1ripA4yAjLr2gbks47zwD7vhHw,0,0,,
72ZqRxRrWHGcr9CnytLh8JqshKMrtmgLuXeEemYosTht,0,0,,
rRfyX5aHWsUWMarQeMpBNwsxT4snFAGGD1s5CAXK6Tp,0,0,,
GkhWcAdUeptKmvQaqQjPkUbg2sWc5prTRmtoZqQjGFD4,0,0,,
orcgKcxoSrbWjQDHM1hXkny1DoZ6Duc7u5wXBkHDGsM,0,0,,
8k5R8HgKMhVjxGAg98st5cews8u1geJaqkvNxKXdYH6t,0,0,,
GmXn4UTfVG6HQH6ivC3DAEBk4Ev6ytBkPemG28ipBzQ5,0,0,,
G7Kb79ojSgAc3K9zUn7sh6ex1tX1mfGrLJfJ3FPZACSv,0,0,,
CcugknmA9hFAWwriKAz5ADvXw9y2YY7zetxs6YsDBnRQ,0,0,,
4f9Wzs3QwyVxsAFs6icJ4tSenZSYz1YzUpeHHWoACTdq,0,0,,
5W13GbagofqXWRMwvyd9z6ZX47gXE1m63iqRhrzHEfQi,0,0,,
qN6UsopE7x9gauhqzjv2zP7zHPnRy9nRMdFoXNs4934,0,0,,
4icEZCrEYNop2ZaMMCkRHaNzkt6xG9BpijMCQV7mpw6Z,0,0,,
3ESDwHhJs3aTm8TYF7zhvmy5KTZmK2zboQEKydRbd3HQ,0,0,,
BQWxQMmEvFhhPxjSmkN4TJmLQaGo9fnMk5iBJ684gSo6,0,0,,
2zjytF826gnPRCNfK2RUuJFH7zh1ADDT3uSc1JwVbFzf,0,0,,
8kJS4DrxWx8ibuBcaJY968F8wju2u9AcdiSMWhiEiwEh,0,0,,
56j46V6RRdfNSGeH5FhMJeBY3E6nH8NDMHusnL5LY2oD,0,0,,
8v8hWvWuzNKghoeqGWhvnGVr8Q3P1mBxdbiL4coskmaR,0,0,,
beaxAJXn1bdrB1MfAGP5LNVsAVowQmgfvorcXALBgWy,0,0,,
8Ks7YdntZrMUCm48hE1UGyEPp1Ri4HCMK46LYwj9vnFD,0,0,,
DDXG5hRuvSFK4SUVxjpZkNiMhawbS2zZPDfMoTv22BGn,0,0,,
FFNJEvmdQwq2j2fZBuPfkMacrLCziNMdHaPPoJLh8C2c,0,0,,
CZzhbnCuXgTxyKRMGmVmrsp4GegubGYojR5i8TLMftRN,0,0,,
5RtSLFUBLAaJ6753bTQSgCJNy4RYkrP3ACpY3AbfXfAX,0,0,,
F2MnVY6Jh2BjQfvbLDk4g21erLBoygsuG6pvSom2UAFD,0,0,,
AtXoHRmGzePmWdJTVzmchX9VTggMaccKoTMx2oGpogVJ,0,0,,
7SL7f84VBpbRynC43zH8uPaUVYFY9up4TovPHRirvKLS,0,0,,
EN9CSTanJmbMhwvs6xKsVKkdjj2yw9Eeq9qyh7dzeYk6,0,0,,
DUFc5EDv1SG1CqYuJzR9NiqhmfaJBtna4vCjCGL78QBX,0,0,,
B4WYbDHUr811zP1jJQKZK5ma4PKEyudEZeAwTnuELEyb,0,0,,
3qA5qYTxUg6oqAgf2YdxjecQ3qjdZmUmZV3241CoX6qn,0,0,,
HF9k3bVzGrL7GSYis3vBjyLSi46B4Yd9sqrQ5165sNnr,0,0,,
7Fjrdtx3x4mw4m9gUe3tEYD5gzBvSECniai5cW5vyWJu,0,0,,
FFrwrsJzJA8RjcHuNqgsPX5Np887e1n6BNQG6QHB1GqL,0,0,,
BcQ7SzbsEm2Hw9JC9cv8MSEHG8JZ6LQouJuYkbHqy5np,0,0,,
FRoGUPAtigm2Y4mFSs6DSCEGAT7n7MTdZDprK7cGR8Ah,0,0,,
9DkXwZbzhevWzQ8JGHo73C3Wv4thLx3hTjuGu2na4VnT,0,0,,
HZVaVXaP4pYDGo9DRopiSvfRQpywQ7my4f7fWuzWhgyU,0,0,,
4ZKLAArmvXVadoVtASPe9hqtpJQsCtAQXL7wJpLDdRJG,0,0,,
D1JsGbbMYcKud6uyesp1ycGaPrXf7QYnawMp297kyHSn,0,0,,
u2AeUrqtZfqTHV8L5zRVctTyTwP2De7uECXCBXAX82b,0,0,,
BeYWcipCTkz9gEtqfU4LyNgau1n1suLLE6uSvccRkzgK,0,0,,
BuLLvqrvax77T8THvfpuRNRw6XrkQLKY7J3Rb1t6m3W9,0,0,,
FJa8DTjwfg1yvt8FNW3d36SfypEjru5racEHujFNALbm,0,0,,
8N3ZkCwRe36Cj1PqXaMw2h92yzSy18L1z6sptQMiQGrr,0,0,,
H7hnQw8JDCAoGdzZJ6FQuihS61Qrti5wapwP1GJfQ28y,0,0,,
CockfXX5P58ZcBQGQa4FGodUc9yA2V7RNmheGmTzSZe1,0,0,,
65EZMTnYFo8wwBDUcd9LZQ8u7sEp2oxwK1BLHs6JqgAB,0,0,,
7ZcHUNmQsJpSodGRZEgMi3fpUSL43exw4VQVU3483poj,0,0,,
3RmehxEhFSeudQNfkjXoyAjpKXqx7mj3VMKoBvMgosxh,0,0,,
3yq67BJvYuPkvySXsxRFEXquLg1maW1zUq2KtnPfSAAV,0,0,,
5HV5FSyQKVNMfJ5YxontiqrGwJgK7uxjyMRnE1PMLv6A,0,0,,
F55vWmXoXdoGVtVSKg1HEcqJPp7hyFNsEKYWAYBg8mkz,0,0,,
DvmEZqfDKXoMtsbiotoK7SY3MkE9yF3h3ddDvNQg5vbC,0,0,,
6akyKaSHUF2hPgSLChybimMmGS8ZpE5MeqjTRtEyTFkG,0,0,,
z95SByumZDqU5niW2GuSsuXoJxBCa1RhC7HuD8q4R2f,0,0,,
H8HLvNuBBa1poLnbDy29px9dEijzudKhDcL7KwVRqwJc,0,0,,
AKUozP7LVq2tL5ZnMoLPxTPRDK9cJjHN6VGjUJLWwejw,0,0,,
9q5uG6gVKkucrL9otyfJyaZThKtkae3wPSLYfk7YZjxt,0,0,,
HVai4JVR8Ak8pGvdPcrGwqu6H4GMi568cKX2Rks2geb9,0,0,,
654WEtHmqeXBa4dyLj2q4jXSG75sNXdbp9rPZbBNiXsS,0,0,,
96yDQWVjdrDcxLcX8WW4HrdSKhYvQZYqbFCDtQp7RCsv,0,0,,
GZg9aSxnX87rPghMfaqYpsCWHjAtq3NMvMYUoTVhK8b9,0,0,,
AwUBcpPyvRJSkWzJD9GJRTATctzehpMymbiW5i9ESz1G,0,0,,
H6Jz41jUjNV7kNDBQuvJqNnpEYhGF6wJ5DR8bMLZDqvR,0,0,,
2dQzZrJVauMvbZjVcyM5q92JhPnpG76sAtUFNpEBuoNk,0,0,,
91Fv8PztVLsf4S49RANPGW92veJ2oL6BjwsP9i666Wxu,0,0,,
6QS8baJce375mWKJUVcgiLfNrLY7DGQbi5NvCn3ZoKdh,0,0,,
2ruxHdayC35j58od2qDWRU55iKa4LHbG4DMcVXGLiptS,0,0,,
EMAb1cexvwrMeViyYiK8941V7SGWiXsyhMREBcswggPw,0,0,,
AVAXMAyBwSmJRHxkTe3eKZg5g7yqLRPSd8g8S6HE2YWc,0,0,,
8JF4ekdgw7VTdrrdCABAKAxLc55mGu9ptasNiamih4a9,0,0,,
BapdDtpkuR7BsUsnfvsUC1azF6LEC1tYpyXCLykGN46B,0,0,,
8ndodHDzXu5H7g8Bb5Xj3YwgjrDh4TB7Z9GieP29jimN,0,0,,
2jcrkSkNqBaBkxiyqZDEshDE3aMqLsaahuo1qrJQDXgC,0,0,,
EmgXEnNxMUH4cJV6yUTqjS7vrPT2twkNVn4TADsMyXmT,0,0,,
C12XNd7d6jXMsKTKMHc15qnPzY6t7fsE53UKCx5Rutfv,0,0,,
PTYS8eiTRnoyj2X1j1CknZEdpvmW8LbxDaf4LK1dLvF,0,0,,
Bxjt93zPzEyNsbh77m2CuLHKXUkQpt3mVdES31SPdhTL,0,0,,
ENdj9uHF3Ub4idZdhdLCkZYP9iuocZ2aTMvjnsPdmQvX,0,0,,
7Mp6NwyaR6yy1dEY6KZ9zwwSVcv1bwtmYMmbgiE3PUMZ,0,0,,
6y8W5YwAuzostqrS4YDJufBvksosfSi47Pd8U4A5vrBC,0,0,,
Gf1it2BeQJgaeSfGftKtqbhkwWvVtmjJe5YBpP42XP8y,0,0,,
HFpqvK7TcCTCJaAMyARkznznTLxwUUNp9QaE9UKJpXRH,0,0,,
9nPTUoCUPw4Qgjhd7fW7nySdBmUM4g2PGR4maX21PAYF,0,0,,
AdQGCh54TvgNjPeiAiPP266gDzxwnS6EKGoAGqix3C6X,0,0,,
81ndmD3jcCPmvqohuCNxVgtXjW8aW7QKj8uQGkzoJtb5,0,0,,
GY8BSxTeYJXr5yVkKRDZSbawsX6r64yiy6KJ3RiUU5xF,0,0,,
3sJp6r5y2AazPwJy3DToCKezbnfs6Y3iEJkt8KqEn3hk,0,0,,
8JaFL6Ex5vSFTxH9xp8ULgfdqNHPvLhHuoMzTRZps231,0,0,,
BY22qjJpvYB3WqzcSzc9VzitM5HpkY3WF4sgQyv1fe8Z,0,0,,
BrZhB6QyjVoMfvcUWiWQu1dGeoQ9ssZoApHaNpBdiGTz,0,0,,
3jsyJPHHM3u3nXNoD28YBzzJJjxtgvQaH3HuNC6Pfw8x,0,0,,
4ZoFwDSWAKAABbrGD5R5roaeTgFCmDyNnWRPC6W7uutc,0,0,,
9vN9CPBEvvCfHpKuZPJZ4cvsGLqWnKDSfotycNgFNWSf,0,0,,
296sdxzqFZb4YPnQpQYsDzBwTU3i1cT59rbaWdsvA5A5,0,0,,
HPJqtofr2KXYXKXuCDFNHbxEg7XZuk9ktrfdpXtANmt6,0,0,,
D8dXF6xEyRH3fMA6yUNB8NQKFRPWv48EiMV4edjdknP3,0,0,,
EjJpgeEdez3V2Qe2TZSuqq69xpr52NFUCf36yqDbrR9X,0,0,,
7jx7ttk8mjQ8jnYUBE92d9NNckf2JCydnxJZCdCDkVJh,0,0,,
FSeaQapLdXSZSsvPA8kKQigJQUgWwfWdwa3RmQjM2xrm,0,0,,
2c8TQe4TUf2doRXd3yQ1XEn7zhT1vWw1y41SXz6G4j7S,0,0,,
3FuySGnDXGfWdudheJQwdnxquy2aXN1KaBeR8p8ACzTZ,0,0,,
3yxBZPZweUBktF3mr36ZToXz91dT6pMLZ2rQc8BBdZaE,0,0,,
H7Hhb2Wzo5Q7YUpcJaPCCRZYGhFqt9SMsMDLedx4k4Gt,0,0,,
4EXGU5iG5mFHzRSEwtbJfPWRtQZ9SNmnWpFxY5k5m8ju,0,0,,
BWx6W9n2jfUDxjixquDvD182gRqWTyNrozJydBZEV81R,0,0,,
42Z64tZxaiw92FJ1QiunKSzU8pCZohjQmfFaizj2xs9W,0,0,,
GXe8xY8SiZVjaNjcR8NaFjdttefso789GHXL3Uc2pfFT,0,0,,
HxP27iyfJNfx2JydTcVC6UQjAH2ASC7wWohLY3zmF7oi,0,0,,
9CK6VzthM5vNPYSxqg2BAjkJgmNVKmowtuK4be5L9iza,0,0,,
9DZ58i5vAfk3JaFVYezYzhrVht7j8McZsUbuTcDiSbrP,0,0,,
BPqfM53Q5WVsKtoyAeDNeexiL6iEHj6Qnu7RHpY5JkAw,0,0,,
5EjMX8pZkJtkbJwT5vzJhzTexBPhECFUrq5ndD3UkQD1,0,0,,
EWLPcGYNkwoWH9k6hhNtyGiiR6TCUnHeK6NaKeXNvxTa,0,0,,
9Gx3ctDtYS7kxnsPid4BbMuoMfp7XfHkFLuVXNrfdnzB,0,0,,
8DXwyKFjeA6wezExqg2quHgDqh7rhxQNZqDsKTUQiwKY,0,0,,
FsQbsLfFWtQnBhUEjFJZQxTtarhwasThPtQVFnAGYnjB,0,0,,
Eo9khMbffQUXzrxX8cveh8YzCcNPWuuh98phrnJgRTJW,0,0,,
6HbUrLW1ger3CRPCUsvB5sCVcEFQhJZiUjMiaP299YbZ,0,0,,
2UyvQxe5fnXhpMTS481U3U7cbWcN7ppJjSHuz4btZfMq,0,0,,
5SupXmNTNGA24om5xGK5aKnbXwLjcDtj48MNDwVX7dtR,0,0,,
FMkegSp1YPiTeY6ry6zA3XCniCkSxyeNnCtPcSRQUakY,0,0,,
9mWutswbAKRyKSLRb7Uvbbga3Ao2RDMyHiwVSZzenhbe,0,0,,
Jf1vvwccKN6MTck6njotC2uQB5QSMKSwmXecWnDu9S5,0,0,,
4YhCDhiJ1Mdv5GA2JumqebMS8g2BQj7JXoGTsmT82aZz,0,0,,
6w6iRcYD4u6bsPEH7T9MBxdbbB7wCkRy1RmbyPUBV2Yd,0,0,,
BXx6UCAmeRSw8ctxaCWjHi3v8nQVXkKaJ9Fakhq5tbrm,0,0,,
BpQaAYo5GoHJghNDxajddkiG827f7ywxNSLZo3LSTZT8,0,0,,
DzFucJvDfRU1gNdF6JQEFzCvizWJ8MrDGzuyZuTbw4ED,0,0,,
2mnGSkXH1h6x5qmhwoQzAZDKa83vnRf8wNkNWVbdv7w5,0,0,,
CNtFb23jRJ5nBGD433k4qW9EXA7ePwVhsBtjUqKj83HQ,0,0,,
58pyYDiJPd7MBJkQEmXRfSizZWJzNASwrP1f4Nx5rsUM,0,0,,
8ibCpPd1Dk2d6S4XKtTjyvxDEjJZzbWyZ89CUvHne1CP,0,0,,
cH6M6wZrFLcSyuZ67VVLsXWWjbPEWvs48yAPrFQRN9Z,0,0,,
HaTccbvJrK6AKcWBVpap86DvRBrSBxNuUTng7kcaK8bL,0,0,,
FLAmqVRPixDYHQ6JNjNV5QBtrpSFV5q85yqRnEKXMPL1,0,0,,
BrVcLuhg9MDs96e2XMUB42tqYeigjoazo9NXiLKoSobz,0,0,,
Hao3v4WoPR6r25fRhbJvWmutSs2p6AkYHYDreSScZ1NR,0,0,,
3iEVBpm8cFL1kRrzGBhcrnrViSd1xT44R9pHwy14nYoM,0,0,,
4LpyQseLkQPMuFQAu7dfBZZuhdpByVsUivRuvPoPPStB,0,0,,
6ohS8YQQoVL6oNAv4kFw1yPusnNmtU8k4xq8KayNhkV2,0,0,,
8bkiYwT1QP1G3QidHHE2tXnudXSPFkK3SmCeBzbPGgkb,0,0,,
AXBbScByW3V98LJ8yzZMbpAhFTzdPKYqytGm9p9dKs9h,0,0,,
D2tUTtv1rgFL7s9kp5VixQGSFabGe52eBDwUEAoJFAM5,0,0,,
CDr8LGaAarQv9uXGqNUGuUGN7RQhZtNkutUkWzMu8d4T,0,0,,
2SdHXRFprw4v1bMznzQchNqk7yyhCFFV5ukBitjTERvV,0,0,,
FKPDxQGuuempGEwwwZKrN3BvD4RSAt6qdBrzwTXciEZu,0,0,,
3p9jX9H3ruxGMpSu4uqGh46WudvPPBB751fw8dGjt3kE,0,0,,
8zPvKuFSc8KLQh2R96ML255qbBMGba19f8SCrQe89ZYw,0,0,,
DC4bHQZ3crP6osEJHkMtqrb6ovpQRMa7PQUbhDPmhxf,0,0,,
8mJdNPK6q7XCwi1YkB5jU5Rxf51EF6jjPF8dWjvYXJZB,0,0,,
GePCMBGzh7PNEdfE4CyuckmD12fGw4ZgT7zRo8oBQmoJ,0,0,,
8gfmZ4shJBb2xuiQYKrBmcqVfCLkzqUJbZExekjmB6PQ,0,0,,
34D4EMJYxuogro9XSejfaTLgFQoRQSaeHoDVN2fgZbjf,0,0,,
HNaEx9Vz2G7H63qao6oiBJQj2QQp6FMpN2qEnUfb2hdU,0,0,,
Auf3Sm23YSmJDeodpjka9XVBu5rKNJgDs9Rdy3RSkYjy,0,0,,
3RJ1yfv2u6UgKeWWsh5Tz3BZGhytC6yx83QTgBs25W3N,0,0,,
BQHezR5U88PmWdkWtgxfdwwWd9gBQ1SKg5FjdtWM2FtQ,0,0,,
9p3kDL6asf4eKG71V9drCEmu1N9mE45VEuCjD4MkBXYj,0,0,,
64LmVTt2XyN52wU46XwYqHbrBzBnYn2MFua7gMw2Hra4,0,0,,
9bKMgcCAPLtvuF6UpSL5qwpHCYaSbsRNwPX9RCbLM2Le,0,0,,
CybrG9ku6R4rsJZKmP39BcY7jnwCvty4ZG9HQz5epubT,0,0,,
HAF9MbYpCcacUScpUNoGjg22AVu7FHX3W8EFRVViMzwX,0,0,,
9FKuD2eRxqCM6nHuKFtsdcHmYxspFER1yweeTH4HpTyP,0,0,,
3CK2WBSM8xnRBXr3hLWkWt2VdUhgSrKyE257FQeKf1GS,0,0,,
8dYXzRdS9DMUiHRuRMdUSzidz4XPrTjLnU69W834f72Q,0,0,,
DVD8doLTkaqCL8njzJXUSwt7SLYGUSn2bCAs2Zwk39qd,0,0,,
8ccRcWMKmh211KJazYNKFTyAwbJQJKjSDVGd3cbpjYBx,0,0,,
GBDfuEswMQSZ8fTeKW4Y46UbjCkwEpvf2QJLaVSbibXM,0,0,,
9ifQSnte6ayTstdNoeUwQrwAwbvijmULFfbYWmw2wjyX,0,0,,
5PFJkjzNtG8qqhm9LcTxkvTjrsxD5rvL7x98naf7AvUo,0,0,,
2qWRRwrK9VGBKtJwfoN8Nn6ivCTTwDf4trkUBkE2inEn,0,0,,
6v5oHrWVWWvdd6nMk9AJQYTyneakS75U44rimSRU9MQj,0,0,,
eBJLxvuJkckgC7nRj8xXkVZH66ZnKR1PGvNLraAZjD7,0,0,,
G4xnBb8tTSF3JBfRgu2xc2EAQdMJ3QNoz6brUEdNBLhr,0,0,,
CLkcqhG3kRgJUzEHUsc8C6wfYSMSQi4R95YRKm8w7uqr,0,0,,
Hifas5ozzdJ5rKPVsruVkoHf8NgGEqEoFAdovgCngBYa,0,0,,
ENvSidkRebf7XKj8Zm1UJdcUQxxm5AqqUBiYbwHa95XZ,0,0,,
ALAqWBPWFA5u37Qy9EmfYz6yz8ZsA59W2v8G55Z6ioJc,0,0,,
JCBoSqac3Hi4Pkt63quApvAVmseLBhFutjT146auTPQu,0,0,,
BRtf2yFzXVu26pqxkA9bdgyNKKYLPRMhNeX5wSwfzjns,0,0,,
69maZyuouWNN8M96ixgSWhDowjWDeFdhBT69RTReG3XE,0,0,,
HzoAsCTaaSGrBPXj8rfpnMBbN9Epj8LQrcuRhC2tqzW4,0,0,,
D15QLzo3Jx9U3CqmfmfQ4iVRWrfH3JrTmPYmtdjRw3Ko,0,0,,
6tnDCbMj9aAfZTrqLjCnSwfzu8KXh9GZmL2EiW5FweGS,0,0,,
F3pcndtn7odjM9jRxrmKH49haCrs7WX2ip3KTfZHdLji,0,0,,
Gji4bw8J5T2WNqWF2kEGMFSp5N4HzXnqrMGTJ1Uzzgu3,0,0,,
6fvufESHAXkMfhn5BBAYPRFApxcyuXFgX8hDUZuwY5Zq,0,0,,
3Lvg6GkhRYiF2MrkUytdpuyHPWM3QZqZJ7Ttcw5WjaLB,0,0,,
8XQm9Zqq5U7T2EByAJzKh8CdPHCm8y5gh8RpAKKfiNBe,0,0,,
Vf3uHGdLfoRDTTyo4dNnGj6tdpB669eSgLkoLdbohyf,0,0,,
5QG2RnNmQTuTyY54qQYfAaZA5PYF8tAL6koAUtFNY9Mb,0,0,,
CRDWx9HPgxgkNYk27baarxCQ2VVra5Jyus6geKNhd8wk,0,0,,
6Pj6ZMF21266XX1SJtyXGTAdYrncZB2Ru2A3RQky4ort,0,0,,
C9gr6MSnfsKYA5SSjoNnmNt1a2zNjUsa2kZcUN3q4Vp2,0,0,,
4EVtSN488GNkLhcKCdZgUN66c2D5XEn4vM9dkyDSGDzh,0,0,,
Fjw9CzMWAXkbZbMP2g13qE6ZyMXocyiLA1b73rj2HmYp,0,0,,
EGKZzqFqPUyjDye5VGKqnuBxGKbxEVxbyn36sWcG1YiE,0,0,,
6Aq4wYSDGKpgBtthUe6bnY1UDV2V7EmfGiprWbg1hPcW,0,0,,
GE1ihUVHXAVv35TBiHxnpFg81kTf54V7Dgs8CrmvCQio,0,0,,
B8q3EhFsekeDm3hsLuwoY5ZbXxBMjQqkpbdcnZ8KXvaY,0,0,,
EomYCeGbzD6Fs1No3SmzVBWai78x9PiyDPYTKDrc4QNm,0,0,,
GivQYtMovfxMRud4gXWqKUQS6Uzwp59AtM5DirEo4gGX,0,0,,
3SBCF3JiD8PrVwpJLEF7ge7Ni2F9QNWSWy8pB2qdu21Q,0,0,,
FXyM7Zn5eEb4BVrQeys2dpdC6SUBbGMJdVAgZc9VzwJE,0,0,,
5fLPmveexrv3rdByTU8zXj66qevUvWYjMvQ5psgAKJbR,0,0,,
3yDuSAcFX8mVbsNcRvbApd6tSvuALTb6MZNwavUy6Q1f,0,0,,
Ao3fKu6s2jH2vFHLWUchgf4mPWQ7G4FEttHa1xXv7Wio,0,0,,
9bBcJQ2cFc5Et4D1oezpGMCt3W678oEhw4ZuVXj8fnhy,0,0,,
4h9fU9xuxyZQuHh6yAfyrzBqBGzpAKGBQnmVY4JXA4Jn,0,0,,
C8mFZhJZ3zEM8zKdPvbj7UTtGKdrY2NGwKqhx4CbpDKm,0,0,,
GSyF1EgXykaFQVhET6hVmVW44neQbhX3QbpUjaA7dbDo,0,0,,
BvFYiD5p8LFnCggpV5Mrpa4GenNZjqAzEdzaXeCPobYB,0,0,,
6obPpGrsLMiJbXGHsdgYbJizK2AHaX1wGjBKbQvW9cwj,0,0,,
A81efzV861ouhuqvTD514UX4fEKJ8Li9WunUvQuqrs2L,0,0,,
2C9guCRSuFUCMdouTbPQyXyJ6vj9oXCNGdu1XaEgq4Kd,0,0,,
exoTy2oreYJVmQmbCae88fAaoSrjSs963zViZQmdBRH,0,0,,
Fc7UBxyfWUf89ArAwNrAWQJg7kqj6r2c1D3ASmr9haTZ,0,0,,
3ApDFstAao2ABRQHic8KHBtru2oFxjV182ZNWkwWNiXr,0,0,,
31gWaWmK1yfTvuzP9LwPbrMakkvhxamFKPTng3hryjGM,0,0,,
Dog7jcL8HaNduENyLgeA9p9XffCrgHZKuaJUtKqs4Bep,0,0,,
CKweVATbMaCUngCs2V8oBMfuw3fRZuEPJjzRGDGoTbDt,0,0,,
Eg33Kc4aRcg7ZhKBXVue69KPnt8skJKuJjDTJkjBgot5,0,0,,
B1u7t5KYTZ9Qwt8cXnqqWmjzeM1LuUygcCy5W4teJvtn,0,0,,
CVyvs8HKYWfjRs5Y1x6N6LG8dHm37oujGfXrpijasvow,0,0,,
49gcESZGT7z74VFRZ4iz8SctXvNC6wGqfcFHxTQP2zSp,0,0,,
J6ppE6LY3x5WUTZBKHNcR8oftbGd1it6WiU7qrrgUtvb,0,0,,
ZbAYKvP8sA9DJsqhPDaYQaQc5BaGXCRqnSzEd5x1oS8,0,0,,
BxSBHegpXA2BquDi25fDp8g4jiK3LwvTLKGLDUxZijQF,0,0,,
95u8tNc5p6Z45ngv5i4wqaDgnM71nZnmRRui17ySPweV,0,0,,
BqBSLtVRxtWRkupDV5ZdguKnofY48N8yUjYFc4v7Gefq,0,0,,
DKg8kFgdAR6BHcmn14FU7QR7S4Tf5ijvGAY9fCd9DoZ2,0,0,,
839Lwfn1PzrBZi7CHdhBAcywtV5cEewCCUrJREk3ksjd,0,0,,
AporPmZZXsNwHgqyi78mPFzYDJ3fc1tbsS5FckdTRQK1,0,0,,
F3t2ha7kUoTeqrCsPbkctNMP6tLbDTk6Y3ooDQkiiWb3,0,0,,
AMy5nWdJsHdFT6Zn5Ujhkfuv2BeFUHF4g7et1HUm7X1p,0,0,,
DUS71K21PxJvR3pa1ALGMG6LxiCrGD6EDAW6diR8ZKr3,0,0,,
vRg1pP664hgXqg2XwNZmr3CQimnsCPt1GFiU1cHcSU3,0,0,,
3hWi3svM2EhGALThEVHXSFjMy7xT54JYJQFRawbDL5SP,0,0,,
KEKWatoCcBreW1ozhPwQbb6MyBNaFJSSJGs1B5AHCde,0,0,,
46rtykH2dUFJT1qa3XnLGkuAoTAEBmfp4AquPtxN9xsS,0,0,,
7fm6iz51iCh13w8rCD6XumXobS6cz3WApCsWkbxZngST,0,0,,
3gbi2i8ETaidYqSUQypLNX1NLXt1S47erL8kRHkGoUdH,0,0,,
CmuNHgByasxkwnP6FyagDhwknpNrtsWmjrJ56VJp3iZk,0,0,,
Br7Cer9gNMTcZzu7zNpdpUDt9uJbKV1QrBSoKxBBdwR1,0,0,,
CHU976LAzobLSw7ztuDQcBG2RH35LTompBQjzmnDsSST,0,0,,
uvuDZFgpxCeECvKgivxM1ToSNp5AokcVeFVqGtXZAPA,0,0,,
CC4oRwG5F8H8bEmYJC46eft5ZbJndbqnJ9AQG7bKkBqN,0,0,,
bootyAfCh1eSQeKhFaDjN9Pu6zwPmAoQPoJWVuPasjJ,0,0,,
DYr8u23bLKwAWHiprGrPoLaJtsJ2nc8i6tLwyb2qaA8q,0,0,,
3em1oS22zjKzTmDgZwREVetJxRSdmY4NH64sFCZwzhDt,0,0,,
7yMKNFwvREMHc2Vdnrwr6gcv3e1AG7twDpBMBMrA2Kea,0,0,,
7x6tteVMaYDTRivQkLJUPK7ZYQ54AdTHHWUb7bjJKyrP,0,0,,
6DNSN2BJsaPFdFFc1zP37kkeNe4Usc1Sqkzr9C9vPWcU,0,0,,
zwa9D8XKa3kjbZ7PRDA8QyDU9VYYRT1zStTVZi2M6Bs,0,0,,
4gth7GCGr2cGoziSnkWAxBm54xecLyNmrGYWbQttfZKd,0,0,,
DRbpsXKagsCikdRXzLkMqQH6WYaoLyCva5soKRWV1UCn,0,0,,
2ZJ79ax7qUjJGdx2CLgMhprieUCcHUqwG9dRypJEcyo7,0,0,,
HF3H1voJREHbtZzi3eHdkWai7rKQnjBn4f76XXFZ43y,0,0,,
G1CBiT3RwJusYbD31cv8GSf7y9AmSisx97asab2bhESo,0,0,,
78gKU1pxmgs2rfVrCRijzLAtfrmZz9Aic6nV6VLsGzzs,0,0,,
2euuptKpeWxbde6x46joDMDJCmnydu9ovjUAMgofQm9y,0,0,,
BvAHx6qyUZ9VhsNc3Y8BEeC4oChRkHZuLh6oYGEaYri1,0,0,,
6hKKP5MApwWSo8uRHe8BEYqWUhSE2dXWTP2qZQSYCpYP,0,0,,
7tWZnBggPa9r8qER9AUBLqF46kL1FJgRprxkAMHJtFg8,0,0,,
C6ujGxDpRxz2XYfCDssg5Nrwfq6rK8i8q8rBU4TEay1X,0,0,,
2aigaHQTakqSZiJwVDXyvpUgBnTMipYGBHFZX1Mnp1A1,0,0,,
5Ta5ZKYUkPoGC34DJbF8m8jrNzom656TMX4BNkiFvZf7,0,0,,
2wBXr4bFWwFwo9k3ue7pCVJHw6fviMY8xZLwQNajns29,0,0,,
5338j2FcviWN5SQWmXnK6sKgdsPrKxk9coYXbvgbcuwQ,0,0,,
D3taiNpsQxtW8aeVnuZcjMjeQHWmf33DvPfrtzyfnKsx,0,0,,
EqXrq1jad5DqZXgBpkvPHZADTCnCS4WeusoUNf4SXq8Y,0,0,,
4Sp3aKRX1fkqG2yv1rNf1f6uh9uo7VSNvV7WTmPXt44z,0,0,,
G2hGJGB5kyLb9rTpwWPJPiAjnPWYcUVZHgJVX2xCE9hE,0,0,,
32QbBupp5jWHTHzxpxxpB4Zqzo1SKM6tshVSz3jV7PGC,0,0,,
A2dXrsKZMcQxTpRMnbmmwovekrrGWSDssVeJMFrZ5v7U,0,0,,
9tidQiQf9SN2hQnigELCVbCQMjv5wPGngVLnh9DqkPc8,0,0,,
FabjHjc1druUQoHVtudpNiCpnf73rtLzMkRM1b5NSbb6,0,0,,
Cg43dG6dPt9CXHVZa741zAWXHD3kic5zJb1WV4XUPAi9,0,0,,
E2mi1B2MxwsCzT15Dkbx57PnprwFwjL3EyaYCb4ZJZe6,0,0,,
BbkoBz9QYBDgv5WnzujCCVMwM5L2GJRSyW8GDxgRsTpX,0,0,,
DvfM1LjA2Vqr9wp8NqP8tWn77bHPAscKevn1p41PWA1g,0,0,,
TH69TVhmLWmYQWuFJMc3AHfGr2gCx8qmpdSqepE1E3k,0,0,,
TH69XktqhxVwpNv54Z7jsQRPC4Vgq5VyHsMwA5dEn7f,0,0,,
BEpj9DZtG6B9qmucKEUTM6wbWptnfcVxi4PaMWwTA29q,0,0,,
2c1KCqcuuNr2ZJ5sYCzKWdjGyzGsLa7QisVQsSF33gyN,0,0,,
CWfLqwAvQ3eqwTCLxLCqS9UnQC5C6V4oGb97j5wtJkNd,0,0,,
nLQjqXZTBSw8AsmjASNr8akZMxGZBeZw2MQLjCyxLkW,0,0,,
9QgpWxFGGRK9C1Ac5LicoFMviy8vHfqzYvXpmsFu9PzJ,0,0,,
EuVrDdpWwF58YCeyuEimJDiu7Lezfh3PTAvrZykTuB4g,0,0,,
Aw8mQaKRJj9DmKyAuJa7uZUKtRMS3VimpMmTUKgzvyNP,0,0,,
F8rKJJzjJq8Hd1bhb1D3Q7hFhrbGVP21tuvdwEfVmdGE,0,0,,
EKBUoXCLcAyCJCNVpoVc1TSvzvMib8Ug5WGoSMrujYmD,0,0,,
FJHXjUkSt242eeYK4rkGd4mxc5ztaBsyrHBZjSKwwnJi,0,0,,
Djkn4WdzE7amK2qq5qXfmV1mspw463o6d3MmLACmnuzU,0,0,,
paHoUMfFn7PqyuwpHrasXQUp7ZBhCFk63yzswkhaXav,0,0,,
5DwUQcgTiQAWNkz5yrKrWhPQpRb8sUxFHAFp6h4LgDQH,0,0,,
89BkQcCSRVnq6NdtyrXyN9j2qCv26VrNSBm6nHNH1ndr,0,0,,
BQXDKEC5QgiAG7swzV6o2dtds9RJj8ur7A4URXTJVEaX,0,0,,
E5jmU5TdtZFjAFCvUVxTjB9jmaY8zMjJsCBq9zBxRMEM,0,0,,
Dx1Lq5FjangW5ifRMEogAiakm24LyB5AoHmQifepvNjV,0,0,,
Gvci2PgyCZBHdBKcjYymGXQLLSEyo9bB94WSCzFXnuvU,0,0,,
AhoVESKucbMSfGgLeTU2ezBR1t9EuyrGqyonq4d6LUfm,0,0,,
EQb9Yuc1HDexddJWFqNhm3M3RnKhtTFe8nx6oGaK3du,0,0,,
3SiCGQryQ4YEVYspztHwV6A4rdVv7YhNdGYBoE9JF5U4,0,0,,
Gp365kCxBtpxrUyw1Kxe734vVyN9fuTMQ5iGeFvkwqcz,0,0,,
4xcSdKsqPGSuhkvtKTN1GaGhzDa7pc4Mru7aVFQPw4vZ,0,0,,
GXkqYUietRJkta4VfsA49QSJxY8VTbTMXP3MMyTgx5UF,0,0,,
A9aqscgw7TzSL6xRoQXFg58xPP9cuiPNp1fT1qco9QR7,0,0,,
9EpocyUS7dQFs9mbk3KLJLEEHAiLp95K1jLNPGJYWnfm,0,0,,
2vHNxM5pLNp5Lh8aGSxGGwusGYu7rt99t8WTNPd2fdBU,0,0,,
HFADw8PxWP6fEe35VsmVmSzZqjNNWdpsRMwvBRgyLTvY,0,0,,
B1cmHiogFKGMVQ1bsfhEVucogxVyUS93aAfqd6P4sjMk,0,0,,
d7Ka71r3Y63CHyoariUtEkKVzbV2WH7hAeLvhyENKSi,0,0,,
9bXXSyZNuZTwDjqp8WBr1HcGNtfVhvqyGvt9gaakfzPX,0,0,,
AuxATgVcR8MwNRcGQVkitqzmc7932BJXEoKNtno1BJLN,0,0,,
GmJGu7TmDqsZ938ueV2G19qjfz8rURjqrUoTY37GAZqc,0,0,,
Ge791gJx7gEj2DPEf1RKqJuFkP37P2U6NfPUmJrYx9XF,0,0,,
2edUtyVNT86sJmkBp7rfgchbdvTAb1T2U9GTAPZT8r1U,0,0,,
7hVfH34hGjWsXeVX5yMcdkj75iZdVQFihjRM3hiuLe5D,0,0,,
8JgzDcEujVCSSBZcPtNnGL8Ywrc183D3xf1QYUkcotTf,0,0,,
HKdD5akExyY1CxX3YrsFsXdj3SgSwbyX4n4SWYAKT5s,0,0,,
PEPEkuzMN1abgUz1AHMWbswkJMVPQTmLP9F3G9omsTJ,0,0,,
7KmvQHLRs97iTYh1JqMUTu8N9CtFa1YrHVeeRda1oqYf,0,0,,
Dxpt9pooYHx77N3WPbXTHNhVTiJ17NWbADjmuvLBE6cs,0,0,,
z1bEDNuW46LHBbd6h5WcnWymNUVQq3GYzQCKrWvwnvf,0,0,,
2tmwuwNC9DLiXPDCUKieR6Gh6uKWzFRH9JYeWzP9F6t9,0,0,,
FYMKscbsWpad7XNnBqxmLc5yEYdSZUjDY7SSS3TqDujG,0,0,,
Da2cYa6usP4hj7NLbdSnt3E9o4fgjZXa8zJGPi4KSnXF,0,0,,
EdNiGWbkBwmmz7uhtdY3DqKZn1n5m1c61uLVgvXYZWGS,0,0,,
EjQ3afDKAUFr7pVaVDe9jEXFZUWbTSN2DDMjDHyJ89XD,0,0,,
mdsMUikcSvD8iPwFbxFa54HJ7Z64kF4vJGXDVMRdV4p,0,0,,
GoDv5aRLQaEDAX4SaPQCd7XuYC4YbdWMvGgRi7jtayT,0,0,,
HVqHvd9wehDthNBjoXEQuY4C5avUAm1C7esW85Mrd9aj,0,0,,
6HPGZXuGao7SnwcALG7W3bqqA5U5niLeGRiYS8KYSMk7,0,0,,
HgvvehNhkc73bmNVfrnR3Wo7frH3UQzzvfEzHy2y7XSN,0,0,,
Ef6HUsszJ1fwAh7GgobnBPSKLjwwH1FHknJ5jd7rAaZ6,0,0,,
PEPEYxvpNYCZaxMm6pcQkw3Xe7daDH9D2eocmoK17Qh,0,0,,
HXuC1Pb1unFeKNBAgsSGjsDXWBXkUttmjcMtQPSebDv6,0,0,,
3sQZdNK1LTcfD6PRnMM3aZ95b5oHtv9BVtyCqNSoJcZ4,0,0,,
AStncwzrAoujyR9h1HxToCWfn7FprHXj3WrFURcwhzqy,0,0,,
2uaf5hfk5pyB9y8nmV63Z3dc8xaPz8gS96nrukjGPGVR,0,0,,
77HaT3SVNxarCp5JUBhBPZanakGkmQZKZEXUXHMu7EoU,0,0,,
FNBNerZ8gqzcisrGdP3FPGrMjJXmg8PWsrw8LtiBb9rv,0,0,,
E8vg5WCRtGKJE7zJo8pgpYGTqMQTjLkusSHMcuZUH86T,0,0,,
GDzfemoYR5GkbK4YupYpyq3E8Du9fSfKXxKDpkdrqGjs,0,0,,
2cpCdyVCpxzwYWFhFqgMJqxnMgEMDGohHUQuf4ppWuAH,0,0,,
DNLZjQzXt3bxpRoDkaGRen8tVcFAq1oKmNebZZW7Mz6F,0,0,,
2KY3zUEowvP1YQnsBX4sUPwgv319zfbLcNi93V2754dX,0,0,,
E7eABMot6zcXmPup1T5eDo1tuYpHM58eZm22TYq7ifUY,0,0,,
G6Krz8pjRbBjfbdnBkAaCSoTWMPGhgYh6ATaoF5ob7a7,0,0,,
8xNDEsLwxWVa4Pd98QfgBEb56CeJ9QBwQy4r1kDgJJZM,0,0,,
847LaG7to75sC3bQ8XSw9ia6iF9EjDdhtPZV4LcZkXA1,0,0,,
HaWzjqWffzTXxVanpwmUtWGztV2ZDehwwrBcJmunYq5V,0,0,,
FLgY1kqFBu5UtPXKMBVnSrvvu2nnZfUASzkZD6WGDzV5,0,0,,
8kKH5LcekKjtvXQLTdUcJchN6SkiuTKG5zHbTBBJRg2M,0,0,,
CdKrVDj7EtXDcpcxDbn1FmeMGgtJYqyGt5wmKUgv5Lmz,0,0,,
9S2BmVkmDifdDvJas8zzZ4d6wCo1LBJiizfycUHjiiEc,0,0,,
47v4LJ9a21utF93gnfdZmnkoL1xLCJuCzw5x3jhSXx4B,0,0,,
3jvMCAHYtVrveZuoB11o2vxJk4iykJtiUNVt9bHbMyQr,0,0,,
5ELeekUfXCCZm5MpxWVyRLQxNVkCyyHNbJU19H99Wbnm,0,0,,
9RvqpHGD1c9SN6yywLJU5ffaSMHcqbRzEXhDmhwHjnmw,0,0,,
4LNabSzPRsndCqu7GQj3tEYNuenpo3ESGgy97hiVg7Fu,0,0,,
2MoPtQxxFtz2zYpDL1bonXKkP9ujahjNcUrnSH3Exgxm,0,0,,
HKUAxJzGTeeB6bJsgyiwPVncwoRyv8NBghUYEVzXEj1o,0,0,,
7fUPoa2LrQ6V23BPJjD6zCbYiehfkxNLgvhbwjRZCBfM,0,0,,
CR4WrVcM1kExACKq1W4wbMEZziihBmJMnnqQ4rDJ8WdL,0,0,,
GjjALTjKdjdx6A43NFeTs4Je5f6A32SDFve8b6BKYsm,0,0,,
EZusuwKDpi4hX1NFqpi74JZTFa3sq5D67vDtLzHS7qhZ,0,0,,
14jkHLuyd9NX3RarRwRH2HUbn2dRBzBanmkufToJQYpB,0,0,,
GDbT4jz2McM1LsXtCzd2MqRbk1DrY7TLJEf3q4cx2um8,0,0,,
4HGEQDBbFNCbHBuzgWuJFFscvNMVrtoYwvrnbdFQRHgQ,0,0,,
DMZy9vkcPZtcyG7pCZrCTnrhEcBSSANDX7qELZ6ycRha,0,0,,
B3LjiE3UTCfGazt1oZAtM2qHMHu3XgCUoenrZmej86qQ,0,0,,
ELz3RatRkg6XBoibWPPrnQmLzTFMucyqA8fXKUv16FNK,0,0,,
5CT66vwzaticf7NfduzhwkaCiFyNrX14a6QDbzmXWy7F,0,0,,
7me8HWfmBvRs7c3S3L9WZ2nZNkrw6DtRFQCzxJBGzNn6,0,0,,
FockXa2FSBdp7Hd3n68Wsc83HX3AoHHuTPHVFvFz4dY,0,0,,
Ar7nNZMZ8RNG8xaoZd1F2Qpok3BWADZKjqQ39wjxhD8E,0,0,,
5jVpp3k2gmfTATyfQ4gMnQRfzCMFKHauctz1S5bqmzJA,0,0,,
D5y8nRrWvmPD1WJ4KE688uFq9hbaqSPQHvWeBWFMWkNh,0,0,,
DEg8ExWkVXgY19xmdaVys9vbPidJ7E6GnjZyCaApyEGQ,0,0,,
BVgraeoKBiQkj1XHXi8wmJyVMMbzW2mpTDpoB7H823Qy,0,0,,
B1W5LCqWbXUVMuhfrvzPe6PU5GmM5zGPDwqHFLm8Nw7b,0,0,,
6PLZx5K8oqUeeeVr49dycTfW1LBmAxZxuPfeVBWLYT2m,0,0,,
6rRR39aZ5gk2Y9kss2N7ffWf1aFGenCFNou8uvaC5edt,0,0,,
CXLRXrHmd9xAHCMnS6eteo713huFLMdwYy2irUoFLsDf,0,0,,
BRAJdY4PR7QFSZbkAhxhjmHmxBPcpTyeZmKzUQLrhXDu,0,0,,
5XWYTq94YuzgzBsy3dogvB3GA97vzJwconpQQSjQS9Ld,0,0,,
7EW2NTuQFYKVxF3WTA1L1v62pxB7RFYmVC7veGxNDFis,0,0,,
Eg7KraxtdH5a6JGohL4LhCEaJF2GP4pk4Ay7waTxtMWi,0,0,,
GZjuYY6FVod9AG5hX5iSjC8VtYNpwfB5bTWkrzrdDTUd,0,0,,
3bAJHWQM1SYKK19Hf1StUamsiy56neyzWBvmAETVEnoN,0,0,,
Cp3Ko2AdFtAdpk5m8caY8mwNxXwiyGeHRR5rAjqvCj8L,0,0,,
7k2qv9EAbdN2TW3y4Ubkr6CMNfKFMCLDVshZdUHdohH,0,0,,
GCKRnx9EW5k475X3EjR7Kyv7ULZsWxqdiHQLbdcvkc13,0,0,,
AHM1Ei2gBf6yfSwgZKjyszeZM92UwExGhx7DykrvccVk,0,0,,
Ad4T3XpczuSsUWdWHE6Hi45QA8BuB9aaktJu1YRi93LU,0,0,,
4yu7ozbmLWRfpj4ySabNyhJejxfxB7VnZn6qwEUZprwi,0,0,,
8368h8NzrbDJ4mxXMQrb3Sed1TV8dqtVWzbUTmkQHRAg,0,0,,
7Mdv3PMUfDeJ8xQrLtfQrNsjDDJThV6vhu3udfDQ3b9E,0,0,,
9NSnPt68RmFcS3MDhs7vuy4MQBwZi1cYWqoJiWup2L8C,0,0,,
t7bAjcTz1muExx7EX6oUYAmrtC5UwVbkv7YucCi3JzV,0,0,,
7xLUZBoLabip1JZKnxppMeRrMXdrdwEQtZ15YGor3odv,0,0,,
6og8M2ooJbAxgnvGGwJrQzwnT2aEWFuazh8SgETAaCVC,0,0,,
C1ardLpXniLgwLSVWPt33RFFDeBbD7vaGVATRPVtyhQs,0,0,,
4ExL9pJ9gqeQ6XWqEBkRnrooXDbj1XP7Yb9sP6AKJjMu,0,0,,
42qAn5ueiAde6pnajs9i5riXBkhHGcuWzCmxyLJZKoZM,0,0,,
FkYpQ3m6x1qB387Cxc13HzY7FPb5Td2usmyAFLcntu6W,0,0,,
7Zom14WJMawcVSXwEJnh9SCG4zR1eTYUCfK39w6FLc4n,0,0,,
6V4YZvd4d6ecjYzyUtVpkZsTscrMRPSv6qPEAuvZfkCy,0,0,,
F33itxZ3q3vbfwU6qkrBQfKudgCQ2sy7AnqZ5zVTt3rJ,0,0,,
A3nvmX9nqbHcxtovtd8R5DPuc1VrsLmFEZwJ9kDLj9sJ,0,0,,
D3PiZWCmXxwLzVNMxp5hC5u3bEw3Cq3sf7Nwfyqmsreo,0,0,,
C2exbPjz7a29SztHHgwTUmwFPnPxS1Kd34XisngmBZPR,0,0,,
8TnZwakurrdRCnnUNxY3Y7xL8ZBrDUGEr3YFn8q1uWBr,0,0,,
24HYaMgxyrpbUNndv8fcWdiE342C5UhUrwdEGtuPFgPw,0,0,,
8b2Sa561RP2UHjBvyv4uMUcZ9d5EVkMEnpjnuYKffaFN,0,0,,
CCkbtX8zmab4xoTnXXpxFB5GUVy83VChT8LUtLLEmYvZ,0,0,,
BnGw8Vybi1kBZzzoAYLSysETy49WCgnng6DiMoi3DDXh,0,0,,
4PjBzkXxNPZdV3BzqkkRzgQ6CAr3gs5fJFoDrf4o2Dih,0,0,,
CTsxiC7ynkASY7NAAC9RfZkzABW4yzM1My9bewm9LnHh,0,0,,
c85E2zqpxijWCmJFCyozfGthFDi1S2H3e14Zxwo5n23,0,0,,
4yQQivUX9xunLSAU5RjXk24i69gwHiGMMaX7WSZBs4GN,0,0,,
A1zEus6XhGD29MyLL3Zn5q68KDVA6nNhJB2737CFpCw2,0,0,,
GAfKtDMCNeQ4mqXbosna2RMaBVV6GeLN9kEN3xUiMJt3,0,0,,
6N3Ayc5s1PBKqdA8QJw65DgzHFH6csHL7TgYy4oxprgj,0,0,,
H3wnyhowEZQeiYW3hvvtTYbZko6fyec86mMf8quJEd7b,0,0,,
FK1z29zDsDhtrKjpRCwgCULh3UNnuEDpevaxkCEjjQb7,0,0,,
BENnUtDRyq9JUHmwapnDdYfUcppBVZy3yKTcHhe59dvt,0,0,,
8Vo5vdy3iMar58wgVgzXPELUbQ9XLHg5yN9PsJ6CNs1w,0,0,,
GgJJRwLg9NzFQ97o1CJLGLp1KLSUMBwFc6eQNVEr4fbW,0,0,,
DS3vWmqyJxoKTUZoKBnqaKdsNoEjAtTYRToF9ZV3JSyY,0,0,,
CUCKH8esrxmTLPbNc7vp8HbjjrsWestcykApmbAv8Qkt,0,0,,
A9hrvq7b47FXPH6q93Gb8ftmYHFBTAXS5FRtwx8htfzs,0,0,,
GWWLHX4aYJ84n2uoAg6biGNoAQnpYzHV4WemRkjHaDUT,0,0,,
7XmFF32dGD2cxhsbTcdtFeU543PqhdbXgjT7DtNrGWiD,0,0,,
9qNEPcCqK4ijT24VVrTSjZL4hMEvSFETjWkPVKDnAt3A,0,0,,
ERfZQmYJs52xU9JGP8PhR4PEtvMZ3gVJVLWSp86enPBr,0,0,,
DNWFDcfarPs3hKYyifBZrsC7wKzPuZj7UTUWcYMgfwR8,0,0,,
EXNtu1598RCwTonfCBDMhuZ2Jgjr62LVHUcDW2KrKuHZ,0,0,,
JA9AZqUjCgdAqL71D6XbSd9vpA1pecmM9UnZyUgVc4wy,0,0,,
9RJ1Tj3qoCHFUTJeZMJV7YpVAkCByrRbMTpHUTwWfkde,0,0,,
73chyRjxMVjGkdh7vtHRHV4qksbFnBbHhZtiUDBc4Wx3,0,0,,
3m9uKJYabJ9SAjDS3XbvspcQKDqnbNvuKTrxfX9Bg3nG,0,0,,
7f7hWZdQLyY4JqGzu9pVxBH3wRs5Xg4cMZMN3deuP3WR,0,0,,
FWoeWQiXEjpBYDHueUtD4Q33fRNqBVPg2hNFkUffDo5,0,0,,
DDti34vnkrCehR8fih6dTGpPuc3w8tL4XQ4QLQhc3xPa,0,0,,
5W6ASg7DYdA2zosUs4oG3KX1X8tZnZe9PLqnJ4JP9UTT,0,0,,
KroYZioFNfp73jTRme5CVcYVhZTTh8P4hBdoPnq5Eyd,0,0,,
H9A6C6bC7sEfL2pEew55hsuSbJ32kGDKihBpoJRg3AQ5,0,0,,
48DAUcbJUYy8Burw181c8BGzpWfg5cgq12hMV1kDpHZZ,0,0,,
Dnb9dLSXxAarXVexehzeH8W8nFmLMNJSuGoaddZSwtog,0,0,,
7WF6hz9HGgUTEbgkyY1UiPy1sWa3FAdP5phJXwbhRRou,0,0,,
DBZwLbh3FP4LjKSbDPqmBoT1SVvsqfTVzh5XbkoJzVgQ,0,0,,
HCCMb3pbseMpUTReL5w1odMXpVYf5UPKmbrs6pvoTC6C,0,0,,
DTPBChSQqt4edthLaxBKcV3LtQL3CE9BWqZnM6AVJaFx,0,0,,
4TUNzcgp2fPD48fcW4seRjyqyDZMrPj4ZubnXFEsKeYk,0,0,,
39GhTMqNeEqqkNnT2HBtaZcZbyADjyDVUtasKfyNZ3QV,0,0,,
SLDXm3mcXPPi9z6P7xrLkb1aCvr27ogkcJQW3XtbZtd,0,0,,
CuYNNZ4GhBVDazRRBRrYARStfZaWZnDzpCXmgAUGBeuc,0,0,,
7W67bhVhJF8bnXpMdVuJaHND8Nc8PUHetrFkqcSjoqoR,0,0,,
44qwf6eQHPNgx3t884Kxne8ZvWXqd4j2R3z4VtHs3j9F,0,0,,
B4zYaoj7Nds1115fufHR58C2WCUmFuYu7rLcuHGjSLMG,0,0,,
7A2kfKFdJFFTyeWjHTZStRkT5KFwrgYFhxBv85t9VmiG,0,0,,
FKX1cX5xUej8rH12aEXZVQCy2sg34XqsrUU5PSU7Kq8Q,0,0,,
Esyz8YZAuBWotZnNqNPKZWvJLQPe13uyoZGGufTm1fN7,0,0,,
GWcRmCTCLszA1ZkrtHA8KfhGWu6QUMfM64iQuz1RuPVt,0,0,,
GcPcmPXFKnfWuj1HfpzVko6YuiyybdLtYqcKrDhVXTqa,0,0,,
6wuiMdUutWigHb7mZ7mZvJoTGJfymDKS6D8mESVPFue7,0,0,,
4p8rCF13cYhuXDQ6jTofDKJrPfqQvUmu9GmBj6mrVzJf,0,0,,
ByFgx52aQ9QfvtyX9S3p9L8UohrKMVVKkm8EbHJahQ1F,0,0,,
AU6MQFzKYixpxg56reLZCKqgoqAAQXMJjnHxVmYxiLyH,0,0,,
DPRFnRzH58vG6VxEr4jZe2EWQKkZFVrfAGLRJaZGFZkK,0,0,,
ALzcuofUDtfmUkEzEztmgXHmqxVc9pSqdYDZTGmGV3Mn,0,0,,
DT86TCst1FUDPioL47XVn52u1dg1hKP1umbh9Xp69siv,0,0,,
33CQTwqK9j2J9gCJvUniFtradxupyEBdjDx9uer9gFe4,0,0,,
4Ce7daC2fppoNDvwFTAfivEN9EQcZnWrjRVWjP2Ca69m,0,0,,
9zxKFBkFVcyh46r6pJNjZTtFwFZMuJFqrXsTDn8Lnw7c,0,0,,
FQ9s7zhTPcdHw63HAiXTFjpzfiUA4xM9UZVJ717DqqBh,0,0,,
C3XKUwWYY52DpNAgEiV2Koe1k62cjUmzcRSiroeZQ2HE,0,0,,
2E8KqD5EgqhTTC5U5cw7azhhBXkV9hPMumPHNjFGoAZQ,0,0,,
9ob4TdufkXaQxwmBvr9jxrr9pY4sCcr4oshgFy1k7mjt,0,0,,
7AXWwN1iFEiPFa62nvWRMM6CYGjbb42HJkAAgPnXrsmp,0,0,,
4t1bfiSRh6R5WFBbLCoBMyMhByMCPnVB1e5kfaHCGo9S,0,0,,
Ef1SQ8fdrAWzAP9cBsCtRuH2B6f9jcEu6iHFomTAJbmB,0,0,,
48XfiVCiGhaHr4nsMfNZcqRz42i5awD7bMYnCVVe6d9t,0,0,,
EHoYEWdMucFfXMVMR8sn7KXT3JCpqJPU73QodQKnawjg,0,0,,
DkwZALoezM5WZiQddSyTPBesyASy3exWHVzswubXsgtn,0,0,,
BE2KpMb5qrykze9QGzDDXBGEE4YTLMDZDQUy1nzyqh1C,0,0,,
8rqJeTQEaWdqPRiR3ZTcGCQyNNDVhZRntxQdJjHgXMR,0,0,,
GeQapaDcqr4eAgiHQgMYx8BUweyCwAN8fUChimWREu8S,0,0,,
Fa96VxtHsUwGbi8DtjXFjsUjAP6rm18AWw5ezsTN4sxw,0,0,,
DfdtFieBE9SyZD88NUf9tKWTvG9zTV5f8w7rB1q9ArwQ,0,0,,
D6wAnubkRGLzugSe39cQSi7v2hUMLHEPBeuHSgmM4hCL,0,0,,
C53fUt7DPMTJ2SspFaxKpESUxJkJhiVnEPxtRiVZJ3TQ,0,0,,
FT5Pb1shzeLQzLqEJPBMFCe9VE5GWpxrqBrN9qzSzB4A,0,0,,
9WQ8923p3vwJbxtcNyyGNb3Q4znix4Eu3qwP8HhJeZUH,0,0,,
8XQCvxypkr4ijod7CcdAqpHawTaYPA8LzGEDiSX3d2yu,0,0,,
GZoSnRB5yq1Xy3BtjDtnqZGJv6VzfhZ7jHAQ6oDDZk9R,0,0,,
8wbJRFxj6UekpTwe7o7rGxgA2Yb5dW7fA8jR4hgazfok,0,0,,
J9483eprm8a87Mro39ZskH5hX18XYE5obL7jeGM2o5bu,0,0,,
2rEaGCoUFq4mQ4vqwZiQ5QFtwEJJwUsvxu5AcEQx4dnu,0,0,,
6XfB1VVAxjtfKnF1kotGxLUq4p87xTDp3cCyC6Q2VHNG,0,0,,
H5H3zNDLgGKffDFkh66GybCi3ysi376zfmcTroVWu699,0,0,,
4c8y7vuzqMPHJWL3BPQxsHWHjM3ahDVXuy1tiXyC1kNM,0,0,,
B2rKGTk2E1ZFXJLJhsD9wxQoFafRSXoYAU3srumvnvAy,0,0,,
ECjroA94qxptdHc3kv1p3batXBz5Z6sR7fCz2R1Kepdt,0,0,,
FGwzNFBiwLwDM9UCyHaKZeiRBBq7dwno8bqzA9nQRVCa,0,0,,
7wXagoNXMBRRcrFWDQv6THx2nr3PXBw2bFswFNuLYJea,0,0,,
wVXKfZLbun52rDz1d9RgpaMdcLJdEFEKfSows5cHnk2,0,0,,
9ysdNVnDJs4SJnFAfm41jSZuP2ahgMX5GkpfQcT1u58S,0,0,,
2JDSu687MdZgBGDCorHkHDit3oVQhfH7uuhEDoRfNorX,0,0,,
W8gnigMjJFxxpchMwyjvJaVR3c6mhbfVv12NmoNjv5z,0,0,,
8t2R5NhvC9px6Z7NLqfTUpbPUQ7q82dTkmhmEgAUwYAz,0,0,,
AAadWde1BM8iDxDnHYJqrE6Ypj6zbBfg1GHgpRiJp4r9,0,0,,
F98Z3HjKzq1QTuZQTCVTpqyxGSm9XSf17cEYs5y3RSEi,0,0,,
CYuXNHURE8cF3rQc1687DZnmsWx9ATNG3mZPFmryu22S,0,0,,
vSYAPufpX2a4HpnkXguuoTznA5r2yZan8yP2RGnkvKm,0,0,,
fh8swVLUrBnpgFXCrPfMWrn4KD5DAp9tkyGmcGhScQM,0,0,,
2Q7tQtGvHgBwsyDc9EkMaLyxLqkDi5VQEubU4PVd4n4s,0,0,,
ByVHSMQ45XmDesBsbbbq28H1MJyn3qJ6p23jxHnNT8s7,0,0,,
CVb9W2Z4SSVJmYW9EYBEYgmJfPu4g7LQULBq6CYRsYAr,0,0,,
74DSHnK1qqr4z1pXjLjPAVi8XFngZ635jEVpdkJtnizQ,0,0,,
7aF3aZZLvwUnWDrefYf5a5MrGcgFJtqLmTtTRKgsc41z,0,0,,
FxdzdsXbbYfCsVX3XArtPn2HYFF9UdqMjjjUFfvfC8RB,0,0,,
6qebE2tXmP3jX597RuGwM9G29UF33DCkQxnkmb2BVie9,0,0,,
STRxBwixTZVGY2bGoRkLThTzfeZjx6zMGhTM3CjgZ3B,0,0,,
2ekKA6n1YNGTJTJiVudEMFNiBZREFe4NtWhcopefYQeq,0,0,,
DhTNFBp4NjaxWqf6LwG57GrJQZfXrso1qK9FcMZt9sv7,0,0,,
AUMbtrrj1VkweTFweypVKw22Z7Rwvz6P3wgXfqaANPKd,0,0,,
GY1LwknKKJkfaeTDMorouNJx2jduPMA5tVApEPPhAK9k,0,0,,
4UcBKmd7bomGygnJU7eQBcHZ9Tg6izXijZNSJZCEN8BD,0,0,,
2Ggms9GwyFLoW33hHR41DRKPGwni4wvm9QUfgjpwHDNw,0,0,,
92TXSoaLwWp3vC5qBhJ5hywC6UrSH9SuevtH7MstTzme,0,0,,
FHpG2ELNw89Cp6uE4wHszrd3XVtujZdoauH7mCjY3vjd,0,0,,
DHm9GW9kbmqQZurbGScZAzMEsZXEKwwV2ASRNqnCtWMY,0,0,,
7gTk1g8SAgd1QZ31QN91ptcwGusFDNr1ELypiKd1upe1,0,0,,
4WYGpdrVKg4d9waMURxYL4mxd9aLSG13NejC7rtzuHLW,0,0,,
CckNrubzXkDfdN9bVitgfEax2dHGPNgL9qutirfWSD8m,0,0,,
DVcQgAGUiS3wX7a9Z7geC3hasQUBppYshxVDh6bMAgVP,0,0,,
5i6m8mPneqfbxgnbv5GrtboLHcuzLQpC2xTf6UvM4vFu,0,0,,
GTAGBt9uKfNyuK4UE31HKu4LBPUfiW8iRfHryLBi4LvK,0,0,,
6BgJLHodo1HAGs4TTqNhb58dXqvZXeYQRLAVAtoAJXcg,0,0,,
DzXFB2vBcvry9s8aE3PNoeGvg3N9bvM6sttcuY2mttQg,0,0,,
3DstzoPGaiP7j9a6rRjZPvSPZCdYMPrm3GSDTGLybHEK,0,0,,
KEKsP4AMk9oYEK8RR9E84f83eV7N1fN5yi2HXH1BaVx,0,0,,
8Mcd51Rz9vvRnKGDjhPmNJKssPJvkYxrLe1TugpZG129,0,0,,
EuNQop46w9cuiZBev3RByTMCJux3kN11FnJFxVZdEDpP,0,0,,
EUVCD6QVia9nUF8PF9wpV4DK9FqTgM79ZAKMWXK2JbJ,0,0,,
Go9TUrYY9rwiEvNG7s4PG7FTRPiAQKNU6KfH5SD1EvJV,0,0,,
3swraHsc77KMg1tFvwH3tfYcd8SWr5fcUhtmRxjavG7H,0,0,,
FKELCYfsGFBzf7Y4FWe13EJHh6ZpKh3bRwajgqbGZHBy,0,0,,
BoGwvARNGnTj16S45J2sdpHJxEHMNjvDyJ2fLTWnXM4y,0,0,,
CwcuMbWa5xhVJYXvHtEmDLzkh5NoFr2DSwsBsZggzBKd,0,0,,
7zM6RYa7UbwE1Sp1TqEiWkqbw9574tRVRQjaqpaNGYXk,0,0,,
2grrRrNSRKCrSeLKSoM5reQFRndy5wPZtermh2mbWEoY,0,0,,
5xbecuZtT1j2xuhpwuJfyFUoiSqVpy3kdxeeYwH2DScr,0,0,,
gsUTZWxrpGHfnYFhu9DQ6sU6fyjLzDCDUiUH1LU4mRm,0,0,,
3s7VxzhcKYTa9VebAB6Hcw3YtJTXBizKr31CijGk14bB,0,0,,
6S5PSPvSTzSp84ZUEaYA4uXkzE91SWLhWkKmWNkdFMs8,0,0,,
8pBiZt56tz5ipX8CtixDxTzyLgnQDRKfFmn1Q1Turqi4,0,0,,
4gbWwqLNENJoiWmGGJwP7pxQnpsgNuf6bBscn1te5aHa,0,0,,
3B8HKhLA3PDXUp5ZP2mcCG4QCRnvrjxHKeH4bZY1bBgf,0,0,,
EmK8DSgRGifpPcFKMtBDAcjyjmMVQyyJ9SPZGNLBGVv6,0,0,,
GWhqrt56J1VJfxhB4VmSfp9XAaNmCa7FbD6hTtTgDKVp,0,0,,
to1yVXiNRMVVgS8i54Yjj3xB51MTorFrCMz7N8cirbK,0,0,,
EPUxDDnKRMMs49uvr5DPXXnFuDHWzvuZYpZP8DrscTE1,0,0,,
HeN3PBAvEp1CA1zP3UNmg1L3fPk4yBSCw6uLYkRGXZf3,0,0,,
LaZygHhV6d3RrASbNbyM56RaMY83ZKoaErTNoqfh4zp,0,0,,
HMBXsi7SACsCTMMYYdBc23rwwX5NtpfAaA77ziBUXTH6,0,0,,
6F8tWzpfhWBJSciFqyDqZ4YmHNuVSYwyHwZp8i5kMaZV,0,0,,
SFbLJDserKbvExeQTeMo3ZKBfSfBX2y3zGguQLfUxGT,0,0,,
DSWLmsSHg63YxvC8FtHfAA8G2AeYJshC5ciCcy3oNMsD,0,0,,
6Joyp3zsq6HBnS7QM46vBDbFwe1ykoYY2hS2dchTfLR,0,0,,
FfD4yYBx2GLDU7beJr14hVrEy7kEokM9Qjx7G2AbaYSD,0,0,,
EcupEjUuQV5TJAvBwpxUPi4nrDz9gnXXFfiuZM7HvMHQ,0,0,,
f3uzfrcDNVpQse4FDQsYqtMUWtkegjfzMHaVAvsCcWr,0,0,,
aeEVdBECn1qc7h9BokLzLMvmTHyqCiDv5hPJHphyX3S,0,0,,
5HsZR8eG7QpQcN8Mnp8oFdENRkJMP9ZkcKhPSCKTJSWh,0,0,,
8JKP7Sg8qeys6Ef3SJSHL4PVQjFLRWSWJuZN2W1CdPC7,0,0,,
78EMt29EScFV2C5TUnKKnK8TMUAAyvGtmn7wECm15mq3,0,0,,
HETFnUkdht9TcMkLbPynNiavJzQ2jMAryYmamG13Ci2t,0,0,,
3JdxPeLaBP4pieVZHapHyH3XtaKkFGdFYTNM2LkVyAMp,0,0,,
EjTU6wY7QoNHDxPjBZrAPoBrj7MjNbCzBLqvh4BP9Jhq,0,0,,
2XzShoYgBMV8ncMNnuKERVtqQaaHf8RQDJ8mJhVf6zop,0,0,,
RKTzzfZaQosRHGQSY6aK4cwX7NMH8bKEK9mJ5of3tGR,0,0,,
worm2qNxS4f35bQTPv1vU3tt4ZJfiYmYXJuQGfB2VnC,0,0,,
Cbet5zMSzpCUKmVfy4nSkBjGPSy7WoUEwqLcQ6HhrHVA,0,0,,
NZRPr6d6jfLRv6trqTXCFCqJqLhMpaMQtAJVJb46SCP,0,0,,
AXQwrVAtKQYWJ9WRN4xkCs87ta9VcgcntHTduXeHfT51,0,0,,
WiYpZchrSUF9E4dMX2CcdBsu91zEdd2XYYjvXL5cRrP,0,0,,
9CwANq7M4JYNf7Ga4Fbt3Aq5ue7UpHv4JR8AGzgXomVV,0,0,,
8WPmqsWPcvkAGtU1RANHwx4ffYgpAC8y2jzWVDnTrBnT,0,0,,
58sM7jLQ6Avgdp73BtKhqDFdm22zrCakJLJE1DSzfuUN,0,0,,
Hg9vLQVz7hgU6824xhrk1FkDSQWoyQc3E2A29D9M5Xfd,0,0,,
8CT7cN8PctjAnrQJkHzBSq9z3EFtoyd24XG28JDVaZic,0,0,,
9ztGrEb13F5D5CdAfVKuoFAQNxxhkxcGKjNcqmSo6GwY,0,0,,
8hdkgwSQX8LNCYuuUJURHuFyNMAPxg3MVtG927Qm2U5D,0,0,,
9jBBVNdnhdCDHEvvS8fHSjVbZPt1ffxs3buy8oRq7XiW,0,0,,
4hoEBYx1hfR9PKidBFKfLiE4nqdKhGVuPTS224XnQPgN,0,0,,
bbSNVbjQBKNYPp8vCHmXK8bST7QXwQzQpkyqWkdsVbQ,0,0,,
48nUgUZeNm2CzQ7nXbEE4VB8FzM7ZvQHJPP4dNpSiHrh,0,0,,
6JgKJW8ySkwqwbjieF9uSJjA4i68ND5CA3Ln7bMSZHeT,0,0,,
7ne8TZkTW9uCV5X7SYNnGagaG78jUjXP19wTmQ835PTg,0,0,,
BYj4B3kUPdHjQNM2tLW5iwq2QcVQkvTmmJ8qA3mmiSM2,0,0,,
57LhgwcFVAZs51cXiiDFEzfEuQUEBR2SBDHGYRSYdtTe,0,0,,
Ati79kf2dG62qWcZRdSFRR6WGFa5vtmH117m3mkzCBaC,0,0,,
AwWnSDKii1ZE9f3yYHAyLogXEmEFApJPcr7kRoC75mxa,0,0,,
2bcVPahNVU2C4SvYZqCfMQxKcWCYEZEVd2yC4TH8Ef1B,0,0,,
Dja9JR3tt9WGWNEmrBgCv81Fbj5EQ8LRTWRUXQLCpqtm,0,0,,
3AdohYQukY24FusgsruJ1jxkxocyg4TPPEwYxgkfGHWs,0,0,,
EqG2fEDBXDyR3sBtuwJ2kHvNWqQnpkXa3uxTZcADtffh,0,0,,
FzgmxL3Nzi8eWicsHt4AuTb8PubTEFahJqezTap8EfnC,0,0,,
7CmXEht9zzeGdDBC3kdGc9qnXHRELR2D4bP1kVjvxrM5,0,0,,
BTCSeoQvDDZEp7KaadVDSQ9eT5DiUB6zBqwqk63SSoRW,0,0,,
J15PF8LWCxt2udwF1mZe6REWZEqMqcigsVsLn129wJ3T,0,0,,
9KUJuWkkrsvFqfkfNfW9SXNW7qeQmvhF56ssi1nzvQkx,0,0,,
8Mn7xw5HA2rfyMBBDXWAjDce5Qb6HpS7H9onUkPd17MZ,0,0,,
F6tKRSJ4bTLN8sfhqZSgQBqQcqtf7jf6s1hDDrF862dt,0,0,,
ApRAaAH7FVqE3RSnmMRHAiGgGJpi7EPC4GfECzg5YnnY,0,0,,
FKXHBiUpb3iJVcBXhwwdcqFRGri2BzYdR1XbeaTvXsv,0,0,,
Bf29QXAaUZY2RT4QEqK4Kw4sbkkWZF5h2FeTsEhcAfdP,0,0,,
goSX3uoFgq2UeHqr3KRj8qUL1arVJFmWygTDbN4NHrS,0,0,,
HQmceSJMYwU5LMWJu1jxwnDyfMofRy6ekC3RaBBViYUv,0,0,,
7msPdh3UiSpqkajGZ7z2aJmypfEPZ443ncKTpYKsC9Vy,0,0,,
8yF12ZGNMmMVnk8wXo7pxyJ1ZVnDC8WNSKoabYMzPnQK,0,0,,
88WyfJavohXYWcXy61jcXXuhPbq5HdPcenPmv7fxvzJE,0,0,,
HoHwmFFxnTwvNAftsWoTCw9aMNQDW6NpNYyRWL8TMqki,0,0,,
BgmxSWV3feqqjsewCSLLmixT27YUwYfPLDPyr8f56RNJ,0,0,,
FvbG7vBcpWJum9p87nqHvQDqvWeARnw6mZ3Mfpoi71gv,0,0,,
GaxEXUpG28gJtVN4J1zYpf8WKYqho7XthUSZPQhx97bg,0,0,,
CHM8DbfnJZ53PsUaYGqwB7taV624eJkyFbKcCfagDHwg,0,0,,
43zgoQFruadwygWhkYDUKMU7dunBBvWn6oGGpTerTkJ2,0,0,,
APnUNzqnEhpT3nbRiWaHKGkF57ngojLDxujq5HfZTNjN,0,0,,
FFaAxv11VXtFcZGVJYTvcTGLcCzj7cqD6VfbbK5xdKAe,0,0,,
6PwxArWkq7NmyNF2F9daxXrZcuhqxVU612tpjGCP7be4,0,0,,
J1tVfbupemy2CVCSQsCYChyH7f9Q54x5bWd86EAoGczF,0,0,,
G8TWEtrvHZrGHYEnFBW5fCMiJZfqHcm9aiek1RV8hBbd,0,0,,
H5VPk5gRfZ9B1eEuwKLFVr6HCGGw6mmifHthzqJFAtVt,0,0,,
3xNd9aP4MjnTGch999MsWJkzMWSADpnJGYALXBVBCfms,0,0,,
4APPHqAqAPam3vhn2tvRa5r37CkLPioNrNhkqkZjLzmp,0,0,,
DEGENmyjCpmyrVurnbSKjWyk9SQ2WfQNUMXESN61PqjV,0,0,,
H1PDFb3zHbkHX7wJmutZisjpxPSdGFQGov8ZJsdjNRwC,0,0,,
DM3Y4R7n1HGhP9AkNT6Ex4w1qQTpgq1TyujrMDX11FMT,0,0,,
xABfKiG2KCHi6keTeLycW1iK7B52wJmchSWXu3YrsDp,0,0,,
DonkDyVu9kYDhoeHmS6Ma3J8S8sBhaoHLMjpwkYArD6H,0,0,,
GiE7goHtzdTS8KoPAfmh5R5EBjv3Q5rbaks9hvv7yHCg,0,0,,
BazHkHsAWcCyLjZ7d6okg2CsFJmjgL7i5n57T8K4kFC3,0,0,,
Byzn8QvvAchzmHKhGf16qPwXmUNSmHVwrJwTCeDqf4c7,0,0,,
DvaFF9HnGbtSXb8E9FxUGGYYXieJR6zSPvMWFEQrPS4,0,0,,
Bjf31MaBP4HwzWMGfLfo1mknmDdVBe3D2Mv27q5ttLtF,0,0,,
CeCd2G9qtpaj8JLqorABY9Cbczi9nWUSZy3qiLSTJiRp,0,0,,
GZWnbfgMqz6uBPMYbjFJVN8TM54a3ofPNLVDGqaQBwis,0,0,,
BhtSjMpYuv899uvjya2a7quD8BnRRCHoLWfmwexNeUpc,0,0,,
6sh87DYXsjeM1aYfLSxEkZpKWyhhfzskhSLB38fwCeSS,0,0,,
B1oioV4pzLJD2wSWnnH366ByMtQsitmg7iLgB2m8npnP,0,0,,
2q5oH8Ahyee2ktUDNYhnyFRBaRmfvfYG7K5PNpLv7vWd,0,0,,
GStYdKQTzVcuHd7z7WHYkgvpuHvVgjB8iupeyEm1MQx4,0,0,,
BYPsjxa3YuZESQz1dKuBw1QSFCSpecsm8nCQhY5xbU1Z,0,0,,
wMEdDpQGFs46THyteFm1qDbTA8o1ay1L1HhtVSU29e3,0,0,,
DQaJLfUg7GTdjnvUaH1KJxGpKk6dp6wcPHqw5ZKTURBU,0,0,,
FaDqkweMBzYBfn6qCVvi8xrRAfynQgEif4JToCsRTMn9,0,0,,
7rrNxjFTbp2QTvksEdnnQuDfiuTTAu69LbVi53UYNKWU,0,0,,
G2GaEsA8ncjzmpDYMC9NuXzTz1USHnTDWmRyokKbzEka,0,0,,
7oShGtmsrxxUJxs67VNDZFhs4CtDYe42NzsLJa49LkXa,0,0,,
DmAvaYHvL4kCb341uEKeciesAZ45QeGG359p2QLifMCV,0,0,,
2VJmhChKyGJn6b1BWXRJVtduLGZXRonzabzgdmLjkgJn,0,0,,
91sfdjbSah7x8bjNga6S6qpAXun8xu7ommS8T69agi8p,0,0,,
5MWVwNX4konHsgtfj1qMvrCmszpvFnSabC8FJf8Uuh7n,0,0,,
AufWVZvhQFa4sBgaFsJB2srFwFbw4Hcexngr5HHoGRxB,0,0,,
GcMRYBKvy7tV1y84fGtJujN3yWaAhgxJAHa6greuaSzr,0,0,,
2g1ikRgMiosqMJDTrTfp2BQ6nJww3eE2GqL5EUcKveb1,0,0,,
7SyHcvWmCxDpaRiTjbuEXWCqFCWCqNfdgXccL64nHgMr,0,0,,
DLDaffGbTbgHYkchhA9NitdDmwyCE9jWrNE1grZHVkCH,0,0,,
7qsEyiGtRkPwSr4mRmKrvtykGDKSnQnhFLcmVkYHEWDR,0,0,,
BZ5BxLwMjNUq2AqPNvRh4oaPPTvVrpJZ7VbbYHHXEW9B,0,0,,
DYhbwTNNPvn4sXchVsBebtonscY1APyerzUYq7eRG3FL,0,0,,
7MMDHx9Kcot8obNMxywiVWNNNeeL16rWut5A2eZbtSuf,0,0,,
DNhXCichPzJbePCJdoKhMfTSZHaCnvVu8EhPpsDajDzJ,0,0,,
8MtJzUeBVmWYmMDQWFdvViQ4oyMZDQmwWxjPysJitWQe,0,0,,
GY3riw8is24DkWcpKpDuzTFQe1xiAn22vbdyPHfe35nx,0,0,,
8ogenNEC6Ye1H8NdqSzVWZP44a2fkUewq9qjv8qUbzKV,0,0,,
7jUYpCkTETTWvG1ZApbgfQK1u7LXA6f7mTWD6bZ8Y228,0,0,,
DPms8ohqvpkqeugP88Y9JWhrLDHGsmVbPuU8C9XnuVXG,0,0,,
2dXT7xoGM2iJMUKEbbbYQddzJARcBJRKz9U5nTs27AGu,0,0,,
6t1Qo81aYr5j2X2qsWosKPzELoMSXA8iUnCSdCwJxsB4,0,0,,
47BUWmoFkopGxnwXYGd2UypDaUWFtm6dAtKnDtHZDvc8,0,0,,
GW8UkujGrWbS9iUmMennpFTEkUVL1RgyXFFNKuNwHVd1,0,0,,
E1AL33MkNnCEmADo3LaNciNw51uL7sExdhF73sgUzkY,0,0,,
DGUsF5UYJLmCUVSnNTkyBXqqFZG3KmVifCYsrCgVdrFi,0,0,,
C8Wivzi7yRuEvUvxYTE4RqrQ3EN1uctZHk2qKWKzM9Yx,0,0,,
CKEKLmVamNazipYecEYFeffNy1geeSNsvCiprd7FN8YB,0,0,,
687dybDQ2JzYCSf17N6CNd2aYm85KBZAiTLaS6myMN9x,0,0,,
Gdn2D3zU5R1ZnfezDLJj5LQEnVc7fTzbiciD6eREXAuR,0,0,,
GZRUUA3xqTkiXJYdPp593iaHkoCaWwr5twsPFQA1xwv8,0,0,,
6KgSGNZp7CEgTiD1M6Sp4Gw6PnUcFGMxJoMLoAvNKCMp,0,0,,
EiFy5qP1b6ERimn5KCsYhqZYat3c6pvEvfPqkh53AmMi,0,0,,
F9tRJt7BAhJKreSchm5gHL7eDwT5mFpSxoYtMVBCFJ1a,0,0,,
J92eRozh4bnLfUMBGesGVPSMehMJZsxkvKzGbHNHgqwC,0,0,,
4L9V88tEZK6rFh4xSMufmQRAC3fQ1aTSEM1UJ5bUK4Bv,0,0,,
9dDDURGM7iA7NfPiWqDnaWXA7xSPHqCJ95gbVbPnRCD1,0,0,,
BULLXbnYXoXw38SZcH3ZzR9hWahAEjAFBDsBZTzZJtcw,0,0,,
3BRbDgm8FxZHAJYgdQ681y49hz6SbWqP9WREdA1y72Fb,0,0,,
4qmaohegMfXzJ714E9LdttWMXLyvJkWpxrKB9LepqCSR,0,0,,
6rsLQ9zg7uV4fiQkFu2txvkR9CymYWvix1bFAzhZPr1Y,0,0,,
Ft7HtqUWwcp7fG3t7c7FSq8D7F2bqJ3X6jVw4wbUEo9q,0,0,,
DgNdxNhLoHTpvKNJEdKywhHGBmV7Xq1sCzzsk4iUvHsA,0,0,,
5B4A9DantbD6eq8hdjqRrVJmHErU3PwUhRKAfGyj2gL1,0,0,,
2Lzd2xpLoR9n65b59Xi16AVKTgMgh1jbRNmay5xJ5QrE,0,0,,
2sHV146nTksoXCApYSRf2FYPDMs37cS7zTHTRcbegDJo,0,0,,
7iNzdzCCw5H8Erf3rCmj8psJ6oFX69FuhuKfkYupSNuE,0,0,,
DY4cM9JKVrqxJ9nGRqAwf8hZQqhLjAtZsfZsvw8nsbJo,0,0,,
CPWGC7hFhvmE5SgZtmwPRQNfDTwwhbdb9Z3v8iHbm2jJ,0,0,,
7tpdFBGhJeKCXT4kCuEdra8BT8RPNoGcHVXJPZLCAg73,0,0,,
H3MM6yNuZpLiSJrUmYieuULUmTZxpaijk7ZXnSkiftrF,0,0,,
HwQU4wnrqSvxY7J1XY5pcNXoKtE765T6UY1jqSLsYhfv,0,0,,
MELLd8PyFoeNW3D5VaUe7L96eZeihtrzgLWrbKz5DR2,0,0,,
3MdnZpECNeDEhtfWGkXdscGMoiWFA28CrG6o96YWDJMK,0,0,,
E5E7ncHF1iqu7jQug75rexx7xkGA6fvRUoEEEgus5Duv,0,0,,
4EHk2e16icwFBvWyHNH63f6XVchXWzSakwbw4bdWNdt1,0,0,,
4FZ7G5WRHwrQxzn7wd1Dd926FmzvQt5eRubSf1Fn53w4,0,0,,
5rEJNjXPuruFgdNBtD8GBUn5Uf48vYfLoCZH11h6xSV4,0,0,,
F5T6SDgJaMLHo8xzVaKDjvadvezgSLSJwddJZ9eUHWPh,0,0,,
fBeugBME1ZRTgzMv5NocTWmrouWnFcMFT7FSPMFTJrL,0,0,,
6gfWnMQsNAedMXnJXyaE9iLdVmCVze5aKQMbbPwSx6Rs,0,0,,
E6HnkceYzw3rq1ABMKenrcGdFgnAJYhB1BH7ytxX9Xxw,0,0,,
EAmUFUdWYcYQ9J34xtZUhz9URgpigHjZQAXQ7WwQvipC,0,0,,
7VjZaghctwYe1vLpKP1ycrvHJst3oYhZDKRss1KdiHkz,0,0,,
4XGc8zGLdNNRaQaRee3bRCD9pvb7Mq6qvrDJBEhubjU7,0,0,,
5nrAynqdsEyBc3GRc7hvM5QnDwjQVePNg9kn6bCvi4G3,0,0,,
1282VYUbTVgJ8vB5PfToYF21VPFZtWs1BKugSTC2BNpv,0,0,,
3yQFJKyXs4zudSNJKRRLwsuH13975eg8onMB6BeYaLvW,0,0,,
14ieKquAonVKaAj2Wt5TgmPJvW7TJS8LuM4fp8imtMqB,0,0,,
kBKJAAsTTDYmFbZr2bKHiwVWgQE9eUgb7vjK9h43dEQ,0,0,,
2ejkKGvsL5ZdsntVpPyA1hgYkj6BnezvkLauc9uX5nho,0,0,,
7LkT861Wt628tRAGQsKVee1FMYzmYzaWTkZeq2djVSXC,0,0,,
82KBUwtZ7XTJrGdKnoSjobFc9Abf2m4FLZ87msWg6Y7z,0,0,,
HSD4UyVX8XjjVVVBvtJnQtf1KDgijYva1cQu2YwnviPL,0,0,,
DEL8F9NJ6PRPk8RcRjcgXrrLLbDffb5zzPFT4obncMA3,0,0,,
E6dVf1t334WYR1fUkekn66Gphxk6H77rn5kW33eA72Sx,0,0,,
46rFv2TLPrje3egVyxKSNHotDrdd5pj6djYVwvypNGcc,0,0,,
PornggLfue24uKcqnrsvn5tMKThZVk2q3rMVwZBq1yf,0,0,,
Bart3HBUYfJF4CANUCZULKFc8JvS4wB6WjT2wNLVp219,0,0,,
5cAkoDYbQ3TnDqWqx1W8Ahr1QvMoKnq813P3vDuby5mV,0,0,,
BnB7BZ3QLaF576uPgsy4RVUF4uopcc3kdwkGugpw28w7,0,0,,
9R2qrU7yYytEW1sbnDP8vbkY4ciG8ua7NB6tBhHySrKY,0,0,,
FrVgjin7KuqET4aKST7VuvgLpRyx2wwUX3JBLc84UnPH,0,0,,
D3RrfKvz6soADRvwHCJJWQnzQdkiuQzKacuSpebab6wC,0,0,,
2NCETx3pdoxXcSAyVcMqSG1JD59nRu8oTvFHeHCkD7sH,0,0,,
CQGQzBYNiqzogJ97NwxeAHSp7DhWbRDFEFxqXXK1T1Vh,0,0,,
AmgUMQeqW8H74trc8UkKjzZWtxBdpS496wh4GLy2mCpo,0,0,,
Ds52CDgqdWbTWsua1hgT3AuSSy4FNx2Ezge1br3jQ14a,0,0,,
tV6NJ8e2y1FZxZsqewCcBNjppPyLkr3MCbxFDnu3dvr,0,0,,
5jSfzRnp49EiNEyLaaim3TvDCvw6PBmsPRSB4Sp4APGE,0,0,,
BkpbXYj9G5K1wHcW2HNWAV23xPcdBadV8on3f7hZbZDc,0,0,,
AXG3GugrxrSZex4E9PcRGhNBWDg2XFuWRxYCG5k8GTtq,0,0,,
DfTsrAPNM7ncHrdedT9zQjFkqPMyVG34LW8o94TyL45D,0,0,,
68BUFThAsz4sq9uwxmzfjY7YnMm164yZaDYW9MJcFkRP,0,0,,
2LhFhBD3tvUYYdD7kqivfSuQxNvPza4DegJvYgZRwdKH,0,0,,
3UTisPE5bHs8ENw38LpXncRa3aLg84TTDvuQUHm1LAZJ,0,0,,
GYB3KsDsFBgeZCL74hjBrFyhGHu68BquZ4s9ovX6igoC,0,0,,
DacNgHGHP4SiDgQp1VPuMMgfDFryWX6C4bkkthZaugFW,0,0,,
7njw6ipFQe8Q2WcwjLfGjzHZZJ4oCK4EE5CwBdj27eSY,0,0,,
EA5CYYPgP8YpQ5vUPLUvUCjFFXtWWwN1W37ddGCTPAUk,0,0,,
EnmH4uJvpiGByo1WgJ8rtGSyX2EwL9sa6XL81wPB9JwH,0,0,,
7RV5LRnFwxGAfD7vBBt3ScprkNYK5XXy3F6WBh1gNjG6,0,0,,
4pZz5Crxbt6783Pu1HdFuV9Rj7QnW9sqrVUY7tgXdhb1,0,0,,
G7kFigaEFh9PhiaGBysT5CPuzMbEK66N4fn1RCUZ9cGG,0,0,,
DdPdfQEDX1sgtpbbWVWfAbmQrFJTsysV2YJJczK4XG24,0,0,,
ddk48Vn74VTGBRTm6hEzbus2WXvZt3g6G5pnMKvzrMD,0,0,,
EXgUXXuQLZF7vpvTNWRk8XJcdsC2RzPxsjHWh7FVSJcF,0,0,,
GxMR7q1R6MJJsNnH8B9fUAhpBouZ8hrfCv3ng47d4NoS,0,0,,
6cGptGupBRGx1snrJbuzTXtokRvqx6p1WLo9zHe1pG3D,0,0,,
x4qAXYa5EX7PD6vAdQqgmgRDs8DLARZhth1K4wYcipo,0,0,,
Euj2FebnYuCsSj4wyKp44qyELcovabDGSrwpNwHQdx4i,0,0,,
8wXWJjgiUzFeV9PtRWfDoVUdn35316C9G3vKKykZDxbG,0,0,,
94dAYovjV38zCFhfbmLUBBG57rihBj9jbzygTR192wEu,0,0,,
93psviq7oeiMyhVh4esDXa39QXp2vGMacV1rf4NPQVR9,0,0,,
5QbotS64PXCLPT8H9DDPKfVzRYvHbc6yFkeqLsebWXK6,0,0,,
3LF9jF1UrUSt8EdXGhy83tYZE8uFNpten2zKL2BRRKF1,0,0,,
D7rcV8SPxbv94s3kJETkrfMrWqHFs6qrmtbiu6saaany,0,0,,
Acfd234wKqcpQzkbH9Ja6TJp2zP68KQ9mgxhKhSonuEP,0,0,,
GtHVUvvYTyjbrv9acoVJAZfGVR3mDunCg7qLSbJSujkn,0,0,,
EDXdZrE41AJhGRYDFxcDerwC1v4rp5dGFqmazUbSAYy,0,0,,
3Gmrmo9K7Kub8TsGsogkeLGkc6VsH9xWcdzWU2K2jLW4,0,0,,
Hm7KA6PUKkB1nRzgnrpLh5gx4Lz8ztiFdxXhaJg9vfcm,0,0,,
Hs2RYyJcfJo6Cq6AaRVLvxjGac3eUJvxmNV5SSAb7Cas,0,0,,
AGeqSrCjB1rLgQRMXyw4qZSz8oLtgsWCWVSQwcwp6KQY,0,0,,
W8rS229CxL8SYquUHpnmYEa3R4cdBaUZn3d97oFNJ3c,0,0,,
FKRLaz1ToBdrCi9ozBav9iS4S5ubKHxnNFrJTP5Wuvcq,0,0,,
CJLNaifHfGyvRd5SpicgDmMHPqgav9MyxPHv4Ykyb5f7,0,0,,
FYpcprsdvdeetsExkb614pC9Q56rC8rZrWtpfz5CKkoB,0,0,,
84Nadh6TrNHXwa2cu5kwkogzPajUyFCQ9bw8KqJxtws3,0,0,,
4vrMm859vD4xRHBvUsDWLvJrSoKEQDz9cWBQk4ACqPLh,0,0,,
9noXzpXnkyEcKF3AeXqUHTdR59V5uvrRBUZ9bwfQwxeq,0,0,,
Be3FFbe4z1DHuibtiLQJnfr4yNY8Gnvekw75GHupd9Uy,0,0,,
Fqnf74HzxmcZnWhKFvY4y2nq29vKFC1iCJV3hD8yYYug,0,0,,
571H6xivLvuhHD1TpmxWrvT1Qpmmka6QLWnkPNyaSpE9,0,0,,
GFZ3SZzPnn8LLriWVDGT3CfGcpp5o3KQ6Nnkk5ps3ybw,0,0,,
GvR5Lu7BfT5ZGKQMDNjPJzcJw4xcaFCT82ghQaHKLosd,0,0,,
4tWQFu7bhUhSKuDKqbwShcV2qHtJbnvUaUdgfMnaRgds,0,0,,
638rt93K64tuysnqH3n2wjwQ6W2gydiSyiFErczJnfj4,0,0,,
C9FuNh8EmDSPcEk69Q6n5JYhUYeajHSb6ufYkkJFr7yW,0,0,,
HYPQfArVKCAvEYTiDCx16yimCr8BAw2ejc8BjDPmQsPb,0,0,,
8WtK3Qk9bJX113Wez6AWCUNELJ1KKwUQnexuEe8tmhQD,0,0,,
vQDfemago3D13t5kuRQ1NVs1uAPkedVyfSt2V5hvnMv,0,0,,
Hjr9QG1mNUJfa3H4an1NH1xni8nDeBreoH83oMzrzwem,0,0,,
9BNBB7gNBUo3As5jE2Xkq6BQXGSDRs7vSU4nhvk2nwm8,0,0,,
7yMT5mQCvK7JFehGZjRp314Pukog2dCHdiDB3yXMMEz5,0,0,,
7z8dae72w4x6ySpF5mTwcq5G1yRho8YtDd25Q9QdHFch,0,0,,
8ekRuPEmMQ2cg47SrMZHV7pkscxqJod2fqdQoz5gHLVX,0,0,,
337Yrec23wGPPKxsQTKNUBxdeH4zckKmPqnar1XuVqdt,0,0,,
2DHtHTYWiUmxBHcdVJbSfRft6mkWeXDKLjze2RexQmns,0,0,,
H2agE24JMHC3GqoC6WUzsQSGQgg6PnindSKDxV8yodSg,0,0,,
BYLwQo39iuxdaCDGhi2NvoGzzaUrkDJErcbkLKKXcAbR,0,0,,
9aLsyQDqxe6TX7h4zXvrGTbyDCHRxvxYZRsqeN3miLBc,0,0,,
4PEMPJXiYd4THpNuaFTf2zB8jKYJJPoEN86vdvKnjv9R,0,0,,
HycmmoHob3AwVyPXBUMeTwsXc8igCcHniHDGzp3EAFtV,0,0,,
6X6u3hu8op53mM1e8ayiVUzdji6JLyQ76gZEPSH1Z3m9,0,0,,
69kX7kN9SHHJNaDmRbcNVQv47toaD69mNJigP39o7yj4,0,0,,
DUBtvJFZyHHWh6cj3XxodsKCjCvhdc4QGokcL9vGBfwC,0,0,,
DCDDNEzhxEmNFHHQEFfgFU3saZiu1NpMGe1EeYQB1jyY,0,0,,
DDYm5NbJ4J9HnZUrVhiprdruggHpRWgKsw4ky7je6yw9,0,0,,
79TRgshVEEWf2ZmroqNjSHmnxAx74H3KKbxrhAYehdS,0,0,,
5jykAXw3A46KbPdepeumAjuHshYNbKrm4Dk2GBq9MJdz,0,0,,
5SD4mnz5kNhnAmVQKKX911XBY6RJcqCD4pkH699bP5U3,0,0,,
DoyqLvgjSNSBbf1PGut7PdDEYitnKWSX779YDXnTbTYi,0,0,,
JEGf22Wyswu7z3dGg7bBadyAmTZupxzZzVqsyNHKeaPQ,0,0,,
9Ljt1S5yrKPJbiUAtm2XLwQ9ji86xWtkFoB1fPVncRWC,0,0,,
HmKqChBkZEvqFnH8sxja694n77ziYMBWaucZRKfJDRr2,0,0,,
GA1NSrnkV3Kkxh5GsA22ewAQJKmEwA6oKCeGBML5mD1j,0,0,,
HZVF3VtTcmy9BSu55HYD4T5yV4upJYDqf52z723pijCu,0,0,,
DFrJxDoLMYt6bNYeNe8Wrjzj2UPUSLZLEMMYBLuTKcTk,0,0,,
BZbGZGRnqn1MBpZMQUDzehSoHFfr7zXrZ7sni6yWQDhn,0,0,,
6uXJjpKnWjhP5xeQSdPm9A1mfSVzyS7bYqtenLXc4Qer,0,0,,
FuZMXucS4nWD79Qt8XCf61W5wrQiXYsNuwvh4DKqR7Gg,0,0,,
9m9fmqJ2s7iUXZhFMsrdes1UcAtu3JyZXK3ZXfW3KPEw,0,0,,
H677WEu49tmuCekbj3g7SjSfb4zbeEToFD3rkQD9yVuH,0,0,,
CuKZG4D28nvSdaAqoq9KRwrZ6EgATU6SUCrNLWTwS3jw,0,0,,
85urFQHu1rr7ZMRNvTbzDfuy4cgg87LqE4xnGeRLB1L3,0,0,,
3htQDAvEx53jyMJ2FVHeztM5BRjfmNuBqceXu1fJRqWx,0,0,,
DVSxJbjFsQgwPbJwrfEuf5QQMKCvBFUt9GeFCsvGPf28,0,0,,
F9CpWoyeBJfoRB8f2pBe2ZNPbPsEE76mWZWme3StsvHK,0,0,,
CPbooFsWkhPx23oNcZNd57BaiuLXn8huj1yK9sGGtHqB,0,0,,
Bshm6mzU8CqAMDuUHDMovEvgbM6sXWqnBUT1UgtCgzDK,0,0,,
CzQbawUzU5GWrnv8ejWgBD6DaD2xAhLmyYK8PoXQFkrf,0,0,,
5i5TKcGbwV18DBVM2UzgNZb6RZm5L4kgqEzXVzH5L4yB,0,0,,
9M7DcRKvjoRfz5c9Zmiaw2nf7CzdtC4fEjWWibnTGuDB,0,0,,
5WJ1LVVku4xaKQZBo5C3EhQpQN3KFp91kvrHyxqAdGXa,0,0,,
6yfhQogXXui5WARUYBPkstbtvpNzphrHkqup3GeugKj,0,0,,
EYYffR8Na2YTQuN1HCbjFPauUuDANtbAfC1aPf57pNRT,0,0,,
9U8Bn6zAf6Wyp1YHdXtLyfbN7yMvdvW1qQY475iZ5ftZ,0,0,,
BsSNF2523WYyGeSk94YUbdj9qj6yejb1YNdBdpeLkVho,0,0,,
BoYsrSHyV6gLjRpQG6xEURxtnsGcVzBVd9NaH6DmE2u,0,0,,
2U3mr9RDmr4KVkCtkU1DuckziPjGMKHNxE7rRnMJGAqU,0,0,,
eb3NAiS9hmYUmhhdjJqg3kHQiNiTLCvrGdNcnPG3EiS,0,0,,
DShrciyb8p4uYPGmAk5oPhRX38GbJAcpveosrJSgrbpu,0,0,,
vpxujgxM4RB4gNNSJJFbANFqKaedNoit5Mo4toZ6BgP,0,0,,
HQ3BkVefh2ByTzKteSL4krFe6Qh3kycZ1aQ1LfCLythx,0,0,,
8HnAAfcbnLUyC3UgZTBWbSe2N4JvNZ2DS2P8XuDd3Vvj,0,0,,
61AaYTDtQdXx5wEWNQep37HYKBEJaTkAMEs9c2AnFdx8,0,0,,
CFtQXRVqtPyPJreEwejzWwi636jwwhHfniNJvE8jPKhM,0,0,,
3ENdyqqGxpg7jSeRuycTAuotJBuoWDSPTDRwdVqDmXXa,0,0,,
Aymdf5Fp2URJNcsHpEF2NqEqFHiqvvhrDvYQtyZFw7zn,0,0,,
5QYam93edhvuzHnPZu9ze2Rwc49AHa24o2ZXFcr9S8p3,0,0,,
BXcNdJga3kkmpvrVFy8LXWxGMfr6XZAUK4Mx1ANyV4Lk,0,0,,
HALLAeXM6sz7vrqp6Zyaqi8RphQ1LtE69fyeMbzk42Mk,0,0,,
7qULVSb7XdoKBDDa7WnuUvoTx5ye4Vrj94iPcwibyQ1F,0,0,,
3SRQ7GKd29zecx3qmgXNUFgWL6dwkjkcdwVr7jD35RT1,0,0,,
HZ8Ung6en1Z17EJEsekBdpJjbUQRbuDPHSF6uy6ALTZP,0,0,,
3b3C8EbKQ4TJBC1NTWD4rk8QS1GY8yjAYXhqwyy4q24i,0,0,,
D8TFo4FsDF9CnejkezEZtwdhdmwaiNgLRDAQUTwWQuBU,0,0,,
DivFxffRedcZarXWTMjv8tCmtezuCjtUvdXneLNzKmw1,0,0,,
HxRELUQfvvjToVbacjr9YECdfQMUqGgPYB68jVDYxkbr,0,0,,
A6VhimYFVQ3b2D7PK6eo2ZEpKRupT8f5W8zDoEakwtjc,0,0,,
8MoCZ7jj3SwWCa5f7viwsf5f3CTGk13T6fx34e6RCMDt,0,0,,
3t3p9U7LZvmih9UCjN3hT5WyJRbMwqseJ7unkBdWgEdV,0,0,,
AzMveXUwRsdKCDHaimVngBo2hThd3pfotaJb71ranix4,0,0,,
3byG6HEKhG5gUZ5PZU9zKkFaEHYPveGEtvs68LYR8R5N,0,0,,
JCH8GzVkcjmEQEUVk5hzXMzbaXpBksvCUV2zAUHQK6uH,0,0,,
SgAgdi34LhYhN9iLwZYF3WCV1fBdYLikohJ4NSzHYgL,0,0,,
Gzh2jeJg1xp57G6h9qCyuHThdqk4oVsKHHAHoFp6dyh2,0,0,,
SAmUi3TgDmCUkX1PFZvhrW91q4z1oM2uw3dw9DBeDpE,0,0,,
B62y8ndGcL5QhpJ7twEroKgNbbye6wXrGH5TBLBMocrs,0,0,,
FUCKuTfQVT9yCe3jPXdejBPhcPJpnceQy17uvcT9cLx8,0,0,,
5KxsXd5NXG2RgvHoD1Vinbypw6dmkH9X1Hy5A6ryWwhZ,0,0,,
EJ4KpSdimT9a6ZE57CcGKThfYKQNoq6KjiUvdtra33e2,0,0,,
7VUUicqKYFVmewg1U4w4e9K4FoEYdTcYyxYCPhRNf5Qy,0,0,,
5a5Csta1TRaWJo3GBsW593M9NHSTYR4jb3xAMTLAq128,0,0,,
4d6tTtQ6dgwRnBWnf7mZxjoY6TtQbxEsmUjUNXeEchpD,0,0,,
6LMcGgw6vBLUd8fNmj32qQJGrFNRXnMsfXeMUyQ1AwGv,0,0,,
3CZVLhgQR2Sw3ESCYi1VJ58jD8bYaCT78dxvmmMUHKb4,0,0,,
EjjgXW7cyhztXdnSsQMimrM2jrCRvZQKMqYKcHLk1avZ,0,0,,
udBawmgYfdgExvetkKBqhk4j4tdit7LaMLENWmnNXJJ,0,0,,
7y2KpMzsxmjCN8ogA3PSfwZvmYUgMuWo7NWY4Ct5jRHp,0,0,,
9ruabdzL1jriXk9SfBF5MCkdztKSnB3VdX1FZR37Vhpo,0,0,,
3HhnnMtxprc7sTeNbMphGePveaKuiSoDckGyLjxXvdob,0,0,,
BgKfjmo3p6rAEEVcDTHKtV6hi7PGi1quzxqUhJfASNU4,0,0,,
9R1MdpXqcCn3H9RMqfzkZfAjZNGnBXrE4Lik3uYENwF7,0,0,,
7n6FemFGdqrr1vtQHdq7TYSRaEQmVDLNCZFVQdUhujjg,0,0,,
4buaLXYoWEHQCHo3QC5EeyXPJRBo7nWd9U2BkxzXA9rU,0,0,,
8q88twmEqnbabogc9TdicP7bJBobHveLVwvW7z8XoHhj,0,0,,
GwMy5wVK2VHcJeZioevVFp3Ccy89LqmiYTterHfmoNzK,0,0,,
Dwri1iuy5pDFf2u2GwwsH2MxjR6dATyDv9En9Jk8Fkof,0,0,,
6eBCguYGcHuJPbzQzyvmACiVNCktjqLc84Q66enEKFv1,0,0,,
5FQknyCYwN1XXLbJtqFvnwV3Qsc3aMXL378m1mgkbmnn,0,0,,
666Nd6NkreN8mr4Cwi1bTcJqPueGbbJFFWjdQrARC3j3,0,0,,
8Krr2QE1anbDxR6ZsLrgnJ9zJUAg8RdnmU1DkUfDdPr1,0,0,,
3fdcYWXjGT1VBUx1CsQNpV5iDmgYFnqrmmTwnfURUEM6,0,0,,
8rn5YfDScnAFTFB5ZdVGHME1nT6NZRS3ygvikacqpjDK,0,0,,
CAfU6e9kB2DBAL1zjDUY5koGSNJWYeVVyFXBcMXncCCz,0,0,,
HAZLBg9MmaxEUL913RmaaBL95YVnUFAZKi1YSiyRsZxA,0,0,,
CriYWJzs6z2zXBshJgkZ9SBgZ6LqneQfx2br6CzCMqom,0,0,,
3mVdY6nbPFa2d1MAT8uCXMbrwvTPN4UA9oJdzGVcTsLk,0,0,,
7rBsiit3iyEfvDkWia4r7UqoytoefS2gZjuLfe71tCn9,0,0,,
GTgMjfKTBF9jVBogMnaiAVnHmvnF2wyGAv3zvtk5CBHq,0,0,,
Ee1pKgTQmP5xjYQs76HmRM2c2YkqEdc9tk5mQbiGFigT,0,0,,
D23y3F1mwbV3QUpM9HGA2z2N5D5HrkFNtWg2DQruGimQ,0,0,,
4tzZpN2DRCsz8PyDyowiwCzDtu9vf2HiDMdywRb9duEm,0,0,,
FJXna5CAc4xTU7ujcWNv3nqEJf8XQWK2fLtAdWoNPGHa,0,0,,
DqdB5VHPGMScH5Y4FdCsz9mV4WvQp7bYmtLrQRiCWcCX,0,0,,
EmzpAW1F3JtMhMyRLhtkWpa4eXUHpT2uF7NVCZoENtHC,0,0,,
47PXwCy6bUXi8g47EaCj9tuPSwLSDiHxxhBpiEu1Qsuj,0,0,,
CiaqA3UyyU1MuXaSY1DZwQwacWUmREwyFUQEaDEkkGBr,0,0,,
raAnqcyJjEt6KtW4uSACB9YAwBrRdYxgsyow3LHdaVh,0,0,,
281gP7pGGYgEHHcWghtAChvcyTaJTXTL3tfKwbjL4gKh,0,0,,
5inKrzZUhb5WnZBkA9E5fK3ogCuxWtczZNisHwZLajM1,0,0,,
74Uo3E6qbtbgrg87Htd1VAiUhPDLSXdxpNmzH4zgzSNy,0,0,,
EcPdA1XN6t9LeP2EofdJPSVnwxsqXugcmC3QnQKyLuY2,0,0,,
A6dM66xgisE9NwGJh5UUWK2ha79m4K2E1K4BdE1qiVZJ,0,0,,
9x1T57AKy6y5LNNGJ5JsXCA9r4mpJ64VZEY3Bik1YWJk,0,0,,
7cGYYaEikmsAM6pUqrC5G23EwVxvrdqcZ25ivtYwoKd,0,0,,
AsxrRiskYY4XoLKhYzoaLMb7TGoYK5riZW6PojL875F5,0,0,,
2HDwBFbPUVyEygweH4rsvT4dLfi1SNofsQgUdm8c1AxX,0,0,,
5qKDWkBejLtRh1UGFV7e58QEkdn2fRyH5ehVXqUYujNW,0,0,,
CmnhaQS9jgxyLQr4ezUk992P8wvvM1dWwYpjHG41pJn,0,0,,
1SoLnVaZD2sXjJeZufBoVEAoYt26sujrJiaGFDzC5zK,0,0,,
BWkXKpEaMDUVTvbGyeEpFZCW3GdXwnG9Bavr7ZZTVQBL,0,0,,
DRxdWUQhWbonzCQ7gVG3MgTqiRFGnkXpnZDwB3rV2UEd,0,0,,
TQe8G8jrAKiFwLDJJ9G1bQ3eEqGeK4RMDTJX8DTKqqP,0,0,,
ASo1QLc31Afipwtc4Xxu24U3YKNuLzX5KuVh3x4RSbb3,0,0,,
82f11nxdmPEBbzAXFzJM9jSf3q74j9kwQvtzozyerWEr,0,0,,
FFjWJPL4vyn5itrAEZLdQdFA2cqbc6pCPWP4e9uLXH1Y,0,0,,
FXpWK78HfDcxhYySpcd5XS24UQmxzQEZd2qwvyYzgwoR,0,0,,
G51LQhSV1d5rqVr4iFkcRehtcvByVU4JaExQms6A8Jzh,0,0,,
7Shk6wAcSJdsPrL3WnWq4VxFnfY3iciFDLmcHcFh6n1D,0,0,,
9a1yNm5wZVw32rZTWL3QhRd42V6NiXSRyHdf9zZx3s6B,0,0,,
8H1TpVvsJU2iQ47B1PxvyRgtWWDHhKXenpDJFvd89CBi,0,0,,
7rsXFkEJFhQ9o6vRYqrcwiejnQEzaVJhwmB1PnVWP822,0,0,,
1KXXnP8AdSsNPivBvpzQt7dm1xsgVeC2ZtHaC6wDTva,0,0,,
HaErQA9BBVCiUC3eBLspPjWACBzeJZB6XDczdzjVnG4Z,0,0,,
bAf6YTotWdE5Ezz5U2etdw6vUFoRYY65meWqxppGgjH,0,0,,
9rHeHLjDdaSufE7oDJEYu7MVFEgcMv1fmw77Mbcr6xaS,0,0,,
Cock2DVgFjxnheVSuyq4pB4uePfCr1cbKLD9DqTuSX1J,0,0,,
HXiCWdAouMTC1rngKWTPWUpRftPut9fZtbWcGyazKmqq,0,0,,
6Cw88QKMxS7LzAucXbYDcUEXPq1TvsojYPV9xWwJPt7r,0,0,,
Ddwdpa6ifdnqXyqENPCKHWg9KyodSyzCQPHHX7CaG7MP,0,0,,
6zMn81k4JXdy1UKG6BAJ9P65nK1n3EN45HMghEJog2HP,0,0,,
4RAB59KJkoEMQxSQAbWTxuPXN6Sc59t7eL6U8QVw2eQm,0,0,,
FEFpYyrYzqjukVdMEPfTfb5fGqPFgzDw6Jsne3GzhAmb,0,0,,
7PVeoSBiQh54Q4t1vm2vYp1Q2j97XzQJTrjeQMXdRnrS,0,0,,
FAGzTK8S4ewq6vPY2DdS71VEk5ycCBtUpzrQZJSjxu6a,0,0,,
8tPXGaLzo7pDECjXMWZvDBi4uQBxzBKQocC8SRGaxzX8,0,0,,
CRNsRpHGSEHuBt7vupjTk8NUFmtipn9mN5BwyLnxwhzc,0,0,,
9dLpr5DgNRQN4VX3z6LTEVzwVrnEgDWLvmz85Ad5dgce,0,0,,
6CAsZFDGqgb6jAJM74bBRgqC28NMBqFcM5HVdN9i7UCL,0,0,,
52ggsMifWozhxPs2zMxzRMohL8w9HMVAzkM9ySgL5sVu,0,0,,
35bHkbHsCngnz3MMjetyqDXQfLRsD2Gn33BSzJbPL3br,0,0,,
xStpgUCss9piqeFUk2iLVcvJEGhAdJxJQuwLkXP555G,0,0,,
7777eSivMpWJLgJc48ARvZLGbfPRt9WFv5MYmwduMzmU,0,0,,
6w2xBHWCiMPE6mS5b286tUdoBVFzQt9D1gABWm6h3aaM,0,0,,
Fy4519nhFBghfLDzv6irMg2p6aqY4NUd5ZXS8ejbpKf3,0,0,,
HuxKjrMnhjG8VwdRijaSG5aNhWDJZDHRtPC1PBs5t5Hr,0,0,,
BABYTMkEGa7bJhuXKcRSkWLPzRrL399VaWArdny7pwwj,0,0,,
DH4WKsSLmxufA5agUkfXYVZXTAagjqPQcFu94YWD82Rn,0,0,,
CATSyXUX5a2ZGspMrkxnKJK7DiJDb6LKcdiUjJHY58g5,0,0,,
1kkkhSdQJrK1rY3Jj8h9kVjKWEpTACUENoBKDhwKqyV,0,0,,
3bYZBvUSop2BXJVG1QEq1K92FUz1kmQwuEnrgSEbuPGG,0,0,,
ELSV8mCGLSTTSjucHYg6mJd8cnUzoK35fiJZK3LJ61R7,0,0,,
2ZpSuvaUYt1fedtCQ9GkJFuxqZG66moVPEgtWT7Puwr1,0,0,,
5USWvZwyzohqoqajk33Y8NPb6Q8HuTcv37M5kYMRjmDg,0,0,,
puNk9EQsGgqzR98Hc62QGS9xmkMrzf651wgNJnAG861,0,0,,
6MMFua3wa1XERrbtC3sGJDe18DwTVWACJ99PxAXKo3dn,0,0,,
J91MK3hWSdMJUfHPPr6S3pHqWXmDe4E4JZuyhHe4nsZT,0,0,,
8gE1Nb8vrgVa51WH9H7Pnbsc7Bj5bVmhCuziWCXScATv,0,0,,
5c4eeHYLfEKZRpiCs3gZFEpUw48DGgPb15iX5vBpdnr9,0,0,,
HJ9H4YjfQKtVPHZjgC6fDr26qxWkyRLca4yjpiiP9azt,0,0,,
GUAvAN9rtXz7MEvfQceaukuExwxbmqUry51m5B9LX5Y,0,0,,
3o48KQUim282N9LWXcTovFox1AH42sX4GCV1rSLRknvs,0,0,,
9uKqS9YEpWTAQpJxC1J4WsU2zwmpG6tGpmz8TdHKE3N6,0,0,,
3u2L16TELvbfAWtvnQPMk4mXhS8QmQJJYCbEZzKmkkDD,0,0,,
CstPrRuU13B6QHmNr4J24Qto48HC5uQ2WXZbWiWef4a6,0,0,,
CfEJAUFyDKTuiNmu39oKvDKDEbm2zTNDJWnG13eEvY72,0,0,,
AA8yPFrJg42f2AvC7ZWWFrFUpUGkFnFXpemX3dwjrUaG,0,0,,
BootyEoTNtdfkdJY4TZ5LNMHAsKQybHddeg3vQvwZwZT,0,0,,
woVJVR8XrMm4C2S1wwdN1sTWXz19ZkG9mArv88cXA5C,0,0,,
vHW6ES6swhWkRJyYBErmNUuju2icypmpVnurAknKmmd,0,0,,
UBkVXiDU7tJXZmX6UU94efGvYBA1afM9sgbJ9BD8LzF,0,0,,
6AyS3JGX32o2rhER2GY6WeZSm8oF4aSFW21Jmgp4kTSi,0,0,,
9HYCioxKsyot9b64oHRPkpzV5Z86SVozv4JGGqoQcBCR,0,0,,
kiraZUmSnzgfVfhrdvNj6hxHFaPFTTUk8ioY98cbh6G,0,0,,
9cLowcaYaBfoBeMVXK6QQZKMDvRX2CJPgG7QmHv2Us2,0,0,,
AAAWGwAjqzCm5uFAhBkuijdPb7i9QvrGikJRp9uPWbKN,0,0,,
2MXBRdrYW9LACuZsqBERCALFiLJPAQnuYGQoopj7iY1T,0,0,,
FLkPbncPodJpYarfoVTr1kXxPa1fzyA9JZ9nVwsiuuNU,0,0,,
cv1GJ7iFXVRMkoA8m1567p8E8uMNd98oVck3MxwG67F,0,0,,
Dwvnb1bvFyTVvXTjDcFWgUhvz5Pe1oC1iEhhj9K4NJPc,0,0,,
oQafGCxL4Dq9TynMjBVQ59qBtS1m69Xzj8ASKPowcs7,0,0,,
7297kX7SEZ1do223VsjTAC2MS9gLxPJoxFs9UMwiG4oS,0,0,,
EeBX9JLdvsp4HnBbMgC1HnAjBkBQxgxtWxspcCLtT6ci,0,0,,
LMDAmLNduiDmSiMxgae1gW7ubArfEGdAfTpKohqE5gn,0,0,,
ETzWkbRBzPazEr9AN88zVvALuiSgbYRwCzxk4gUykAmR,0,0,,
CouPQVhhU9DRekEVrbi4EgS9DW65TvhcbZCGbNy9ipPk,0,0,,
nooot44pqeM88dcU8XpbexrmHjK7PapV2qEVnQ9LJ14,0,0,,
6tZdvMGAbZsaqnGLtbvyZht5RTpqnoinzaHcS9gLxPkT,0,0,,
4wGimtLPQhbRT1cmKFJ7P7jDTgBqDnRBWsFXEhLoUep2,0,0,,
38WS84ay8mpj4z3erCJTBE3rRAkeBGfZGLcfpEowrFJo,0,0,,
5H1n3rFGRnNhTEd76MNxhBXrS8EvDHC7QmLyp66maU1m,0,0,,
5eRDnuY3w9uMiUqHpM4jqtcjsBorrko2ZXPG842kGWjH,0,0,,
2vPkFo4oNs6ZSzVAvMfF9FP9W2aXGX2JacWu4XTqVpsi,0,0,,
4iGtA8VSTFNFjXdQZiSkMkM2sS4x21tC9y5DAU9WxoQd,0,0,,
BgqjQdnnjRtcELAgkYpfKAxWRqSReWercDdRTH6uLoer,0,0,,
CuNEjDvkZRfhFEQLYwE55a9fT1nB9qxBSoN24yB1MRxq,0,0,,
GCLHLyyEwke5xijJfTN6Lort8s4UXKmFaCUJQvRzfo3P,0,0,,
ASTRALvKjGK2xk2pamjMBU5dav5cEQa6zpKCP6FZ7BAJ,0,0,,
7xh1ScrGdB4jZQzdJF5Q3bW4xC8fot54RANCH2Xqq2XK,0,0,,
8CHgA32Ht7AXjCGV53JFJZrHrA4fZXzohqdhJGWxCKKb,0,0,,
9SZgo2FLbFkxeuawjdfewnjsYeCosA4sMXKbHnfLLh8W,0,0,,
9xbrFSjU4acF7jZ1qyhXxESpnyr9Mj76bAqEMzkpF4aG,0,0,,
Nod3ej6iuhiSVytjHm4bgkHp5M84GVTLU6Pp31CUKN2,0,0,,
FTRXzsBabF1eYux54KbZxAN27W7o5AquN21wNLjKzJpr,0,0,,
CvsZ4b4aHAtgwYjZoNKxhURfHWdf5ft7QU5cJtDj5xfc,0,0,,
A2zNmKmYSvshyfGZ5LLTUWthLdEQ7WSZTBM2qpBk2mqf,0,0,,
6b2aaL7t4vZTMKsoA6yvgCchXY5G6vnU2BHVHdG6CsEA,0,0,,
BsMmRRrGtJg8LDBy488JYmz6iSPPz1od6ScQzSRNF7tV,0,0,,
ELFcG5QWoE8yLfsPcAu5NKT2sb5qa61Xm88rvLtUNYKf,0,0,,
BBBbTnSGW1wzypumqSWYBs79Bhv7fMgEXiohMuaP8E4M,0,0,,
HFUdkJfkhmvpv4VEnNS4NbPDcVTqmrFNrwTqQdhPJUtC,0,0,,
5m934ysVQKVHYn8ZP9TqKhvN6FQreaxUhPm6tu5uZpEY,0,0,,
3fm8Rx5x6svvtHcgnDUv5rsftV7V1maRgSfFM29t21aU,0,0,,
EKWrjwb2emCJpzS3Wnqj4x5sD6iV4Sqh6DJ6BdCrSDdm,0,0,,
764HzmuKueY2quocLWfLKfpVnTjiaGKenezLi6aCqvo8,0,0,,
8kAULA6FEZBpRSs2umbgGzRDtCAXW7GhUQex8YgK7sYR,0,0,,
B9b63YKftgutPmLwEuypmi1Pk7MHXYbtHR1qo5RZM5s7,0,0,,
3UnwBxA4fkHci1VXvJxaPA6K9vKUHojKqykdfLjbYZxA,0,0,,
Cod4XXZCUDirp2W9XaDxTLRfs44bUvMQaJgmBB5wf2No,0,0,,
DcRAfJ2rQqdxRzozN1Q6tEmgELNqvxiRAVCtqwBVsHGY,0,0,,
4Njvi3928U3figEF5tf8xvjLC5GqUN33oe4XTJNe7xXC,0,0,,
DNMamNYH6rDfTCpkP5FkJiTBAUaS7bijLvPoYtgu57je,0,0,,
HNE11LjhNpkidvQFVanGGa2pJuKqBsDhha7VtB3JDQkP,0,0,,
FhzLGrAtT61sy4XT1Rq1azcWo4VWY6PShkFBozdHerfr,0,0,,
7RR4VggCFK3eMVsvz15jvyASArQx9omuh7snFDsph4jR,0,0,,
2LiQdNty6M68C8LqA4XBQF75W6seB8KSRxq2jAaYjbHW,0,0,,
BRUV9DjBeDZRamtWjhzQEH5roosnBApPhfqS1HQ23Xgy,0,0,,
PowerBhXnjVZsDKic8Zkv2GgPwyu4TFnCjxNrKNVeDb,0,0,,
6ouhhFeWKRM7X4mTpxbaKL4wcyZdxthKePtKSjiMAZ6F,0,0,,
GG2UEXcqszfcCFSGZTr3fHQL87qjkwDcJ9cwEMzxBpyE,0,0,,
DpnKYWQtGa83QS89M7ogGbnZJAFTQ3y7oozTJPAaykju,0,0,,
5FfKGGaEpyZgLoqizdTuzxbU7xfy9M11wtMaska1ZbnG,0,0,,
GDBzYhrKtCfCHBCC5oTUMFMhWiwJYgdWS223uiLQSPba,0,0,,
CH4ickLpUYDz9jYk7PhnoGk112vd6wqrJ88r4eR7scAy,0,0,,
J8H1xztLGdNKaGWMDCMnZvMKxsQ9qqWyzWN1iE6AeqjN,0,0,,
DRPBKhDUotg79gYD8t459eZkwYgQzvsHBUiVs5AK9Kpo,0,0,,
G7aGf7zokJCyH8ckhrn2GS4EsY7VyVPWghzVmNeUcdYP,0,0,,
7sDfeDDSksrt9ErYPfKaWpqjCEBBchoyQb9trdohumv4,0,0,,
FTTrdeXMJtFhqa23h1oC37m9ZrsXgqcmvY8HMGiyohFs,0,0,,
7me4WwLqWZNHTkWTaEuD1SuJCr7Dfyfq9Yxa7HFhBJFg,0,0,,
D2Zrcfef9kDXVSVF1wRuT8gZcoDFvpjaYq3N1ML3zX4y,0,0,,
9MNeMB5xwU3JmbCmm7w9oUrWJRn2Yzb8HPt8ACdjPFLw,0,0,,
97d2okSHUrhfKetcXxXGCexd4woaeg3fQvTf154PfGPX,0,0,,
BbD3bsKFxDFqsWDnjJymmUfp7WJfArDFecaAbWRuscHu,0,0,,
4aoHVxgB8s8CwRJfQaMmqWxzwRsqsdKmyjoWMGXBLy4F,0,0,,
CtMBrxxKAQRvS5YjjKpZUq1kxXCoLuni8bPBPmYmYeow,0,0,,
3LQ38vF6otKGy6J9M8EJ9yHiRmKRAKnT1oVpagGMMATx,0,0,,
GuiT6UfwAd7noR8P5pXtibauXT2ygHCYs7mbqcbLRaok,0,0,,
C7dagMX4ei96gPksZjcA5FF6T3vczKFeygWRLidnaNSi,0,0,,
7A2JiGSPLbmg2jw2g8T3RksfPBeb9gFt8LNR1Q2DwNH,0,0,,
CNg1TCaHB4WNXLJC96VE5JuiC3PT7fgPKUy1fiaJpyJM,0,0,,
6ZtMSWrxGZnfqsEABmVjoEqFhWsHHpJytWdhMyYcjnDL,0,0,,
DLWhyXU9WDgQRefkhhR7gnTJdkzFqsFaAcJ1q4ZAXeRq,0,0,,
8yT7rmUw8cfdLEmLCAwdzoSwdyDpp2mk82gF5ZsaGwkq,0,0,,
6WMJDmiEVjGH9LN9HPwTJwpfTDgv1cWHG6tnfYVYCJUm,0,0,,
9wNA29NFh631dQQjp41mZyudThb1uLhMM1qenygCg9TZ,0,0,,
DN8jrJ6pFMYvX3Q3TsKU5yJeuUv5Ez4mG5PcjF8FDXH7,0,0,,
E6Yvjf3ZRgHnYYzBU1WgvheJEBovJtmJN9kvTWUfmc7z,0,0,,
8FCuwYAVhfSMP1c5U7GacRLcxQipSLeraBvvDqfCdScE,0,0,,
BgwugBL8JHtVKDBVgBuwYa1xtPpArBh26GDDMKnek8ad,0,0,,
24HeqBynHC1YimPtu9hizhSHxGTVm82AiQBVAeSn6Y1k,0,0,,
9kxAmwM8iN1eTMM2hGhy6sCKoiJFumjUMPCJjuRHQvHv,0,0,,
74JSc4hfYvJKERcd2cZ11PSgmFpg8BeDd8okYu47jYj8,0,0,,
9toJaF6tdRe71zgzo5a2YJzPKLkFSpgXeMh6ihetNiBL,0,0,,
josEa84JFj15Fh4dCD3SMv5FQt69cX2rE6b9WPhirAx,0,0,,
Dk6hqrGDPSLxvx6DpgkM8USnfWF7qPf5YYhFb3jxsNq7,0,0,,
HiwY3M6fSqgzQccNWbQ6YazmEEjgYdYtzZXAbGBnisKG,0,0,,
5yr7FDfbSSBWbQrFEBGSoYKjD4GyLNHatZg2NRBxVAaJ,0,0,,
4EqmCRdEqcv8YPvQ77NuhuFQufHaBFM6XHGxPuachgLW,0,0,,
Ahy528dJd4y1e59n6VHQzWFYGmgZwMmo6ohbYbAcSzYB,0,0,,
7BjGUzsCJBXuT21QS4tkEdWf4DyFbJz4wAZRbkoCVizm,0,0,,
EZZG8u2cyTEfmGBTXUdWmQAymFQTux7ekch2sUScdhJH,0,0,,
Gn5nFkZdwX44KiCzfmaZKFeSwoFxKRF6yh7u8QdLSCek,0,0,,
9AGm8DWXiB4PwvH1V2r31ChsTE2f2TDySvDbfJmfaMBq,0,0,,
8esBidDF25VXUgFySSkysN6hMwzXxFeSc5SJgbvqaBm7,0,0,,
2rRH64LFWJwWq6E8jEBy4VtLhBUcPTuceDCRXfeyH3Kd,0,0,,
9AkYi7ythg7QxxH2QpBhvjwbT9nM3D1q4xJVc5T7uXut,0,0,,
4WfNRZhVdeMvQALCdc4vQARgr81ZQzV6C3niCn2cndnA,0,0,,
4MhXtU1inUhvfnaDtjfxYukEx5VGykjiMBCacxzZTztA,0,0,,
2DgtQZELb43oPcV4bPPKJNwKhReA83VGEN9Dg2FMPMtS,0,0,,
BvRtbKpk3jdTVARZQKuitHLcq3HMQKH8APCRnvryHVN,0,0,,
53X4hB1YuoSo1kFgapfsEnZJJYiw5dxoN6umqYjA4cUe,0,0,,
Fishy64jCaa3ooqXw7BHtKvYD8BTkSyAPh6RNE3xZpcN,0,0,,
4Nmef7isx2ctFc2ksjfNsRy3P1eTgHdmrwL5CsTxaqdr,0,0,,
GeaaCZr6qNuSBiD77ANuCnR1rqQ2Jsn4RVXYJqyBaVEP,0,0,,
BjZ5Hazjyp9LrzfapAHYZuceWm6zJZDqMH1QPCWtsouq,0,0,,
DetRswR8jeZu3k7t7fLuZqw3NqcuHkeFrk43wP45YNHv,0,0,,
co4aX9u8hCGvci5Fe1onwSe8iJoTdQRaujwpjxCorZW,0,0,,
DhT63ykaPXuiDhg7vX1zPX191Dxu1dsRzAr5smjZ7qNK,0,0,,
CrgRN6Qn36DoUgGLMDtuUD7pCYHw8VawvULZKcYWSup4,0,0,,
91ryYSNNVtsZEtJ3rdzBnFqM1JSzqk1BScFT47gCwjyd,0,0,,
BQyBLGHszcZyzrQzPS5jUdzjWiYgprdYxfpAqwZQJ5N,0,0,,
F6weWmuc1vwdL4u38Ro9jKXHEMjP9BoNdWMF5o5TvtJf,0,0,,
218zQjzBFXQ4HovbrhtMMUK8BwBXWTVN16y4LkFiW5ht,0,0,,
86quFk1nZDjVcguCzKaRCaiuWYdYrJmaQPjyQP43Um8F,0,0,,
4D1SaSL6MbGn9j1YDoJcRAeV7AzBP9Yzsv5FqvzpYz8B,0,0,,
Dn9q23y1urxEyTbo9jFVgpZQgVJTXi5wiEhSrESqZwYq,0,0,,
DSekHX6sCAg25kxtmPCQvavxyGbqs5MNCcdCzgK6Lk1R,0,0,,
6aJhpKmMpWCRw7vFLc5xxC1fJZGKXZspT5Lxjz5PnWtB,0,0,,
3f7wfg9yHLtGKvy75MmqsVT1ueTFoqyySQbusrX1YAQ4,0,0,,
Fm1qoitQTpXUPGevNJHrS93SvGdysjpSawjBKmp5ZCy5,0,0,,
Ee9o1r86F3KzvwLBYXaa1bfgh636rkCgi7b4xxsHSrJu,0,0,,
DvZeUfdWRszss4JCxLbrdBZCjB9sS67giLjKgG3LdVd6,0,0,,
8psN3FhC8FJAD37bRPMNLAYD9PXJnA8zozBn2AfFEoih,0,0,,
5tB5D6DGJMxxHYmNkfJNG237x6pZGEwTzGpUUh62yQJ7,0,0,,
GVuDbcDRMAhrfEtVwfosjJfeAF9LbUUqixonswmfXskM,0,0,,
8nYERY1t8esBPgHYCLNyoAJviUBvK2dNf3FsuFgcxsjb,0,0,,
9vCHEfjcNCt2ktWEeLNhMAuf2UifJeBfCB8f1n6niY5U,0,0,,
Cu1tCSoauo4Vtqsr9cD86RS4XJqS88LauU69AFV6KMH7,0,0,,
ENvD2Y49D6LQwKTtcxnKBmEMmSYJPWMxXhNsAo18jxNc,0,0,,
EDAKd2NzNw9PekLgeGkWQER9yQ8LrHZfb1Zvfra2Q6Vu,0,0,,
2a24HFqxHu8tRBateCGRTdNr7uqiEwonjnGpKFjt9PXU,0,0,,
DtgaFvJZ4P4ePd1nA79AjEBzaHV23xCP51oxuZGTJLvu,0,0,,
DeqmU4ev3VGVxkqEQ7XsmqVnwpZVLv3ScYNHHqcNXLbR,0,0,,
K4RVBK6kWran5WnqReoDhZvaf5RdYcD1UbK7862tGNv,0,0,,
9VzCTUt5kikJ6faKWU46mUywDM78S1FKxMu3mJ3Fa5Ek,0,0,,
3cSosJ3Ewi1nJSuanZZDcm6AA6GXBie1YXFctR1Xo97R,0,0,,
7x7BDqunQj2zKDMjCsGwD5STLKeZ1JvXCnVA6iCwxpSf,0,0,,
DCyfgN8vwTcsRn6fP1oUXZw15kLp9on7H95L91V2pmJ2,0,0,,
H33VNqScxZPS3h8tUxa5bLwRyeyyy2U7jNjUnBYK1fm8,0,0,,
FpekncBMe3Vsi1LMkh6zbNq8pdM6xEbNiFsJBRcPbMDQ,0,0,,
rMHJqrprcCC77VkhNQsxG38EQ5ztFARmb8YwrThU828,0,0,,
CHzsCcjiJTY2yTdJoYJ4HnCtUasayE5v7JL7HykivaFa,0,0,,
4UVP5kF9EkYSBrwMeVNG2QjuC4XMzsjLHRDwUCtQUsG6,0,0,,
Fs4MR9RmcdeaCXCn2gE9uq48gzyNkxNRgYUChWkpX5KQ,0,0,,
B1X3wxWZet9YgWr1YqkYW16sWbubhXGX4P6uwrwoQuY5,0,0,,
Cb9Zvo5chD7wvc4GVD9gG7vNx7wgEin4U3vo42t9v2yd,0,0,,
7P8WSuP5m3dJ9iJK8Fex5WvAgxGbeEjdo4XEubyZ9fmp,0,0,,
9T85k8FKwpdt1SKryxLxXbx6NwRqTYfX3JgAhZGGCXUY,0,0,,
5d2x1Wz3Z8wFYjQ5h66cFLfC6LRRgs2F2CyS4DMqyk7h,0,0,,
EqTT2V7gcuGAz8croNJLVa63QqC8ZzGn6iwBiCfiFj8h,0,0,,
6G64cwd1UCS9NWCrMWU44tapZo9nGA6JVWHPGne6LLXW,0,0,,
F54CLDY7YytCeP5H74N9DBQWSg1xcJ3uc77HQ4QaHjT9,0,0,,
HFnsczDVcw5xyLa5TVZfT7W6gqZizArrywKbVWAHvAqX,0,0,,
7YX3xNGKbywbvHofu7HGRkFLwRZTQwHtWCi6zY4PNZtT,0,0,,
EAHD9YnBDb3GYbxDXzA87hzRC9L6Da4mNc7GnRPkm27P,0,0,,
CrYE3ngcy2VpTvhBb2rx3rSz1J2b5SpvCg5VTWytVXGr,0,0,,
35s6riRfUq1Xj79nrBV8Ci6XWBqQYfRjK2szd5jgfhud,0,0,,
DUALa4FC2yREwZ59PHeu1un4wis36vHRv5hWVBmzykCJ,0,0,,
9QJgsbbJRS3hqCb3wVSHx83Uk2H1yZoDbjUZeLabpfYC,0,0,,
6F5mzMfKFfAa3xztYPtuBtGZvbqDCv42WsSEQQvPcbnc,0,0,,
5z8S94YgNDcnWBeryEawqreNpa2oafgfzCRXs3mAc5GL,0,0,,
A65tGU9o6yk8mMESbncDubimxKretoMk2kLFZoqUgRL2,0,0,,
43LmbeT2X2rofnnX1EhvpbCqx11RXuuQ7uchCCfC2uaj,0,0,,
J8TkrEB6Ltf1hRCdH1EjqcZHBd2S299553DyT7CmgnaD,0,0,,
rnGPrVgfDG8LmBKHCpjD91jgdBRWgUd3YhdT1co3pTW,0,0,,
GrqMaf22bhaz3fZaVbZ4KvSvfER3UNBoPD1kV1dqds9F,0,0,,
kiehBrsPUEX3gPaKW8EiWi9gnYxVxYt8RNdbE1eSrNH,0,0,,
6KZkYbz39bYwjFyAssHQ8fwXHxjTFPPNZmR5A8KtyeJh,0,0,,
2Y6sQjp2PiwnQpMPSvGGYFNSQGY24YubNYXtrB9ufon9,0,0,,
6aWWCzpypkoSGBLN4rP6oAVaF1Pg8Z6DoJ1GuYtFQTHs,0,0,,
CH1TZDr75VV4XeKj51HA3GVK2TNH8kthtuLXmuDaBnuu,0,0,,
9qAF52Htf468KZYwsDkpD1RauYhoZ32B4QbeGupDLgbd,0,0,,
7E1C9itMA3NqxXs52NVb6zoSFGRJERLixNwQCRyAM6Rg,0,0,,
23qxVrBNH88y6qnguv6mVWGPzo2XAUzSR6FSMtYowPkm,0,0,,
4Y8wpkxHw5MWxKCPxtfXoYbwQjggNfEp2Dy9Ez1sZFzq,0,0,,
27dpLq8mTW5pCBBqkC3FUzJmouXSKzz2x9aQUbNpGLqU,0,0,,
3cz5euoKPF1dYNeUJjcqLR1Zctc2ezd5wYMxcYDvjXfK,0,0,,
6GWfm9P8H4SsQRCUHUsTcq9CEunsStPsJm1AEZ3NN95y,0,0,,
FQaYG6QVedMoqU3Jdfgt8rVrhL7u6nzH5SgiHGRKYZqo,0,0,,
5KNGnMkK8cgAirj538wBHzifDW7S6AzDUeqPLKRzcAQM,0,0,,
Gb5TKYNDgCbi7mzZuAMstHPMLxEeYTv76ZHtrorXSDVz,0,0,,
CcdgnvPHe2ao3vJuidCzwNtaXH8kgv28WHJNxYhWcfcJ,0,0,,
9N8tyPNBFM185aJAQtj8L8Euybyscnf7GeytsfupH392,0,0,,
5WiLsmo968qjpnLr5a91zmp4XtwyaZ7i2zRC5XgZN6zM,0,0,,
8DqgCgHjRVEwfiFaE9cQPUqcFNik38nERcbbXY8Ftep6,0,0,,
BAkLXqMBdGbDp87fGvc2rVrZgr2DkhP5ZNuZ5EvqaZsi,0,0,,
2gP2RCKD5YnWtu77qrS2ZxEPRLwz8g93UK8rW68RG8nb,0,0,,
8r6HSxAfS2vQA7vtstHXrMKQL2Jmkb9bz7BWzPGm4Z57,0,0,,
EKXuBRSqd8D96BAqtvDVbuwptpLX6sxjw6BhyE9vtmrt,0,0,,
Fqq9MtsA7STYwZjoJUFh4wdyqmgWdTmbCKPGV812o5c4,0,0,,
DpFVatzVcMuqU5brJsRfxtdHsfwApmXFqErAxwyBgCxW,0,0,,
v32ddpc534K9ynid2FmCy5AS392cRmJfYaCC4vCwvhc,0,0,,
5cBWYASn5wzuUtj5ivcLkyaBtgsPJa3KRyoKWaJqH5LB,0,0,,
BULLa6g9e5UCuTXC5Z3Cf7s7CgvJhnJfY71DwipSmF8w,0,0,,
BbA2nQ2HkuYRyTGLc7nn9TUmC6jhLrDJo1a8VKZDzc7b,0,0,,
5xemgy3dytGwb8YMeKwAEKwwN8LPpe7A58tCDTWb1zQ8,0,0,,
2Qg4nqWsz35LzJfsEbSEcse99SWpaMqx6bR2XPQ5M7Fd,0,0,,
C7qkwN2yGKLhJAB5DYvHV9wYa4jATen8c7oFBxeUcjBp,0,0,,
CWLB79SHcB4P3bG1254zFfKL9gqsK4o35e4n1RcsTn3P,0,0,,
ammoK8AkX2wnebQb35cDAZtTkvsXQbi82cGeTnUvvfK,0,0,,
tooLsNYLiVqzg8o4m3L2Uetbn62mvMWRqkog6PQeYKL,0,0,,
fueL3hBZjLLLJHiFH9cqZoozTG3XQZ53diwFPwbzNim,0,0,,
foodQJAztMzX1DKpLaiounNe2BDMds5RNuPC6jsNrDG,0,0,,
34yiuhUyVUnzVhEzZD6nSYcnbWrDdPr6fziEzruNJA7h,0,0,,
4mA6zZZ2A1HvwvXhKtsknKCx6yi9aTjH22MK3PRVjncn,0,0,,
F3QNzbbCaapHCpLEhBrLC7GhH6KRFct88yFV1drjWFeW,0,0,,
6BCGEHAF41AJcGZFBkv5bx1TUytCJ1BxWoVRbZrJqLMu,0,0,,
HQMBNWptHTTkGY5FDAypqNqQzx9jF6cNJEZyrxoMMAVs,0,0,,
DXJXKhVf2yfwsaJLHZU2P4vPfBDvyw1ujzLSseEzAEVg,0,0,,
C7Yngs5muywkkNYyWnshmvEKoWteZkVjtiaibmAv1C4p,0,0,,
5tdfToRGBGRqbPaBq8TAtDncgy7ejM26TwRfcmVaNpqy,0,0,,
DDsJGh8F1qX1HBypzo4iRLp9jTmLKyUxY4NKjJqwKmhb,0,0,,
8cEd69cknzVxWfKBeMQFLjC1q2KoAS3xNAMimXo6rBFe,0,0,,
BVVgy7YmmfbwnxAEPhxm5dAohzwsgZYvBKpgs6WEQTtq,0,0,,
HL7jjWRVdxxEPKUnUP482udocoDMFjvnwCpiYST6KrUW,0,0,,
FPUnPo97dYWJgt6xJYjmzpss72p3wnZLszrwZ9ikURco,0,0,,
DRYghhXrJWK63QSwKbM8LuGJj4XT26ue8Y38CGvMSprE,0,0,,
2VAEJR8VsDbZLuni87DmX8jYvENXTpArpWgcnzvUCaSv,0,0,,
AAWPA9XctMoQNEh1it8VMvUptqwRPtGoNYfX7Q6iJjj2,0,0,,
2jGZKfkFkjeTqaJ97okwKygPUEFYsrjToUi2MWNJ35wW,0,0,,
Dq5J7nZmZXFt9yNoym6PUTdzWwrhB69MyXPNND83Z7nQ,0,0,,
47izAH424UpPGiyrh1xrkxN2L9WrF6zbJF7geVsXVyQq,0,0,,
H266Ti53qnS6t578Pp6qKqCTym3GfFJzy67EvnMp63xn,0,0,,
8dcEwv3kKKBJMLRmwwNbFXgN9vPYhaZt8DEEe9HvXEXo,0,0,,
AymRjZ4mDexw9MRcBHWZRmzBxhXzM8y6R6QGy1uj7FmS,0,0,,
8GBi3n36RDVbQsrbA6Kbr7wz6nNBy7gF9VdZYRWpxcft,0,0,,
A9X9iTwpdKYL4yxHmmXADxopX5NNpQTbHV1UACyxFpur,0,0,,
6J8oWVNbxgRhUJot8A3FXCx81YE2Khs7PEjGr9HxjMJs,0,0,,
6JdmhhHg8BAiwZzYFvVBB2KhCxt3F9g9WEzaKegP37tP,0,0,,
DQhdfMHjVdaW1m33yVpKzjZiDdbXJpLAG8AsF48v1vY5,0,0,,
DibgihDXzLVEmyM2e6YivUFjtH4poF1LyiTvKCp5XFPB,0,0,,
313XuRZfWFgN8sCjTB8apjJd95oEHTubWN8CqhfurvQp,0,0,,
JC3kp916NJUiDS9jkRfpbVEAjWdW8C6PyvqTiCUH3zEC,0,0,,
4MSVwn5eRN98Hjo54gYw4BU2PAnXAQ3BTyrNux1kU8EK,0,0,,
DxQGXxFDGECeNrdwEBwadJYfTsnMYrNT7vZf5BqQ4tXT,0,0,,
9UxeCHXVTMB8TXF4ciX3bNxTY7KpQB7qzcSbaafC8iuM,0,0,,
ATX1pK34GgPtKJLaXvGHQqu5DKkoJnmZBbwCxvmq3Y3h,0,0,,
G67DtH2J5F1RbdJSSr1hKVe1yinPRb5x2XZs8yFXUJgo,0,0,,
3gj8rj6rzuCFqLid4kdU6euGDf5tawqsdwJZnyzYxarp,0,0,,
9Z7sMghoenq1mQcnc2uTMPMY6aipzXvJ4SMLXvZ1kLB4,0,0,,
35wbYbkTPaUBcFSA3BDc9ErpHiv52oBdCjjd7RJbrMic,0,0,,
DLtEoHCGogAxZptkNaN4CLdJoBcp31WS4a6df2ncpS1b,0,0,,
7baedndgGtB1tMnQRWRwRtB2dwRYz54EAhCbv7tE16hH,0,0,,
2tP3ZwmY5DHU566Fm6mESj6xiVtigkFaBM35a9uUyswY,0,0,,
2sUHyLmE7TAaWq3yxFZP36TVtYEyNcSGrK7e5qJFhvSu,0,0,,
DpomYiWuch62vojou7C8WRbyFCjw9vDPW3FniwJhb89A,0,0,,
5YDoNAudZchuQuhAdvhu4zMhQxDmVyPmsawugZtHp47q,0,0,,
J3DB6qZDVkXq4XjTTXuoWuLFoLZs32NsjyxQdYi8kfMN,0,0,,
HE1fZbDroVXJWE8sWxeSW13v7VxdwKYEs7EpkRW1X7Ga,0,0,,
7A2jk4Xu1ext6ieTG9YuFPC86uPJ4KNfjHMUWFF5mQRR,0,0,,
4FfaW6L9n4yWdPogC1X8BAxH2bEXkPK4UPRpV6u92Q5T,0,0,,
96DLE5gkwuySkNdt2dqwM3GHzJUdA8SeyYv7Jjhp8uFZ,0,0,,
CUP8CeuDxPg5Rja9PePuPUdDXtcBjege5KF83AJkksuX,0,0,,
o4c6pB4z9WBR2MtQc9wJzUbMQzGR6qW8J9QbKTCjgjK,0,0,,
EPzFPUhqMwcFhPh4kQh7kVYd22kwguSfge65NSjKhH9Y,0,0,,
BuTUtNMP7qLP9bHezGmKA29wXhQfyC2g8mVBtqmWhswN,0,0,,
8g64G2VuX5MiS9dsKzhyNxd9drNvx5RdqQESuBggmFBH,0,0,,
5oEHjd53QVe6GjPYkk6Y2bZhddTK5yBNYkcaMY1EdmaB,0,0,,
9i4rysqU7dA7dBCejpaEkaSZZJvgP9fq1V8cwMdtM6aC,0,0,,
AVZvaDtfPnGbqRcsgH6eia381rPN3sExPtMs1TTnjaVq,0,0,,
E85UGRbrTv8fm3DSovW8UUc9yRWMJwzcjTJXUF9UEQyX,0,0,,
DvLuVtNWPL1F7B9Gzb6ef3m3BhosAfGmiZm9smtpE6PA,0,0,,
649pSRAJTdHqPMHTyFSCn7n5iY14p4jMHXdZggSDVXEg,0,0,,
DFUcYFK4eqSkdS18tqghoiKiZks2TDjxLkrjU2e15oHL,0,0,,
87fk5fgS3AoXQSSKndBWz8Spy4RAyofJMnYGnjSrirHo,0,0,,
DQy8XPU3duK5GUNdHuYL6CxJD1aZSXd27gj71PZSHZrE,0,0,,
9QLwn9CG5hBgs3JeGGGypHfH3y876t8zfzvwZNMuPYiw,0,0,,
3Vt5cBuLL31CCzzS1AfAaiLvw6vQkME7PU8vZVAG1ofx,0,0,,
8Q8wrg6j72pak6qhwgQZeFmyMRgpLYBM4AcBKwLDHtgC,0,0,,
hyi4AeZrxPwDyAQnFwUXAfuoQA82eGM9X43bc4X5ooA,0,0,,
7BkW4yQiDmkmq39zoc9tPTe1pmpZH1q17EDa6jLxk6re,0,0,,
H2ZSXqwsb2yaEHqw6rg8G9RZxu1T1FT93DDMpygErZMD,0,0,,
5WqQY8iz3M7BMVdbetQzPxdZgGKVkyyoFuWq2duF422h,0,0,,
9UT4eZEAWGXvKT11AvDSnpdRvH3EvqTJh6U6aifZzgYv,0,0,,
873d9GPVxAp2TsFgkcn5qA1oz7dmTFqqM9HbK8NUsfzK,0,0,,
9H64Hdm56KBnFmRypgirmrEoCPVjvKiEpSnc9fWjMRy5,0,0,,
3bDYZVn6Dj99yh71pjkBRhPLnwyoqmJNuwdz3CGEdEe6,0,0,,
2Ry7AGS1w488LdSxhz2XvSrU1EVUzUGJo27DBP57couh,0,0,,
BJ6pQASpGSDcR3qndJkC7rFd9MyfzmrARuQiHe2nAvMT,0,0,,
7Twpn2XXDP7eSmBpMxTGsGU9XBX2sWaXWLnJrGju4JMC,0,0,,
4jE4VuqFWZfmSXjTDD5KUoN2qkVu96nPTPj4mhs5PA1W,0,0,,
6cKPsNB3EEGESKfWneYqbrYAd6puN9teDdefhHeTF2YW,0,0,,
FCuck2s8Qn89i2jYnYxZ4ckP3NwFBgCFmgwJHffQj9gS,0,0,,
9pG8EP6D6v39GoBxuupWMjEMzmkmqYPMn4HgfAxU41fw,0,0,,
CVhmsBLwx6fCpGowTNNnzNKcHyRrdnpBbx8t6a4ciadP,0,0,,
FEsN7Y7L2oG2TKoYavUNMB8HvPobVA6XFcSfPsiDjaTp,0,0,,
44VVXJc68w5FTWiH3QFURqGojyAxVm4dwXD2PP7FsUMJ,0,0,,
HRuJTi4dYeAXEewMVtE3kzA2REgAB7TtECXfbCNVvwnx,0,0,,
VYTDdzKeNBBZ5pdPFz6nAiduWvMbUQuR5uxPdqp5g44,0,0,,
2gy1FiSX3h6q85tazg6tmxLy5QN3azFcq6BgPAnzNZL5,0,0,,
qpNUPwNdiYMmvWkhAZpycUfPDjDWakm7LPVvfSkqmSp,0,0,,
3wBWfsoRsgzqCmJpZKbMe2SXn3QPCQQEDbqmcKzUrkbe,0,0,,
mzMmC3auZkgKGFYJWLixdvVHobnqjGKj9Gnc6RW1ykB,0,0,,
HHLJe72KTvJcjinmY1sc2ovV3nMBeTqniBDh8zJjpbRL,0,0,,
Eaay3Gj8VCCPy64abgqpaMi5EzVDiwZSqFj4su9vUKCD,0,0,,
29RYXf1akVRZDLSxZvrZ1SZcHPKgCcVVKv9HpoHDSLJ3,0,0,,
D7sYNtS4BcbK4ycVto3PFK3FwLvW1eCh6LuAhz1kZe1x,0,0,,
7WvYrJxN4rZXgpMD8a8NXiy85EnCBjeF91QudssyGV24,0,0,,
D8Z7JzjuabTn8FAxLEikvwk16MZFaTaYAfFYbFW3tZB8,0,0,,
AuVySUwgSqs1daUKYK4wnaoJ3XArAx1A98qH63yk3W3s,0,0,,
AnbQaux7wuPH63VMxzx493kT2v9cp2WksQVhmJNuoTWN,0,0,,
EsirN3orp85uyvZyDrZnbe9cyo7N1114ynLFdwMPCQce,0,0,,
Aey56r5iPpMqtVaYcN6dU9Gw4Z2sTwNera7HPCygzvmK,0,0,,
5G19SbtC6QupG8k3zeWMfLW1Xd5mXcLqNRqC4Dg2wx9Y,0,0,,
Dse4xQua1nrQYnu7sW5Hkav8vBey7KcX6M9SagSQG77t,0,0,,
8cBKnsfYB3DeTrwvX9T3z5n4JWKU5piABGhrZPJYpBfq,0,0,,
JBY6EpdM43brXkrGxCfhnQM1VRkT1t8ihMo1cYV3g7jo,0,0,,
Dz1Rzp3sUENTtgNESHhcwPUNsVW64C48LxYH5jLseLN8,0,0,,
Aqa6viAwHaAXRCCdq3obf35aTnKT6mNHGKPj1BkBn2jq,0,0,,
6AyJJ2vj6VeLXd41qPmScghQjY4QWZ1YA1brqJohcrY4,0,0,,
BzgdNtpUfwM9N2R1KqUn2gBaJbH3QswMNue5U2g8eHiP,0,0,,
6WkXXkxGsMKwEDFGfTbFyG3T7oEYjb7af21qzL1EQysH,0,0,,
9kVMDeiME5dB9AScwGBpnVqut5BgnXp8bucm77YSh8Bw,0,0,,
Hw1puyLuJBsthL576UBHE8SGM2terC7m6ueXSsSNAS6c,0,0,,
GmN3EY7M2U8A1pCLjGtkLopU5dXkuRfccugjak9GUhyY,0,0,,
CMjTxjizReAn6v6mGM4TBEhinuHe1AYGiLK7v6TmkJib,0,0,,
6bGtgB57NGWbMcyB73Qn5AHujtUBahfZjxPNYtHepgkZ,0,0,,
8H7DpjzdR2nYKAw2m82X5RQ6PqnECnhR9h2rG9onkdED,0,0,,
JA9hvMh9oCA2vpKGp5GKJfR7ZuYNMw8KQMB8WDYbJYU5,0,0,,
4SNS5AnSPigLvVG216HKgu8cnHSf5dMHPWcMrpe9cQkb,0,0,,
5ecbfxuhcmvmPoKJewu93uEEzUNfZvCaBNH1pLamkY1i,0,0,,
EHVmm31boizMwAkPxi3njP3UuF68qT1MHshFuNBPtuFZ,0,0,,
8CKxgaa64CahL8ZZU6YxeSD8FLFsYveVKuLUTvcj4UUa,0,0,,
7qaLwGZp3ZKL4Lmh6QpdYbZwCapQLB5md2LtDJVjEPpD,0,0,,
96Esq5JzZPS9vBckccSKFnG9ky41xZYUyx4FJU6NqVpV,0,0,,
EX8PBhLwaLCrHhyXyqcdHgy4RwMMsYGoSv5qx7wrKAfN,0,0,,
CXid8eFGRNp4p36abq3i9tY9TaQ1E39ZbvscXyWGCULL,0,0,,
EJTXsKZZW7MSh2hNxe4QCbx4NiHxyETV6LdiQ4zLhPKA,0,0,,
JCeo7zXwi3kmKRrQf4iiawts12brjdSCycEBxuMNgHYZ,0,0,,
13ZJyctFnbGcPeqtPujZ8BEQq6yKZ4h2KWS6eauD29h4,0,0,,
9NPH3EjKw8p7awTffjnLQTJcAgWgJLLNoRrNqWBFWUSK,0,0,,
9iTNvj25BUu44zz8zA9UYZqPtYrXgfmZ78nkV6RB4YTQ,0,0,,
EFjs3rSddXLhHLDBiDW1SRxPNi8jjE4cwz2zNJZ8XHQ4,0,0,,
Gc6ZVCNvL37cGxomJrTZh3hxzBNbKiypqKhUDioGSwdJ,0,0,,
C16peHTfkcNEtABZFLbkd3EnF2UeYFAaTeAnDWNm1qpX,0,0,,
7dLiV8bUqFFGoFpEn6QKmZVkUfEPRRQDdQaNow98tbee,0,0,,
2AEX5bCxgvHJTDBC7hSdyLp2brLnYSMtYnchGgnZnSph,0,0,,
7XpVeKyJJcMW2t2GUEgDxediVcDykfjVCmbp6AeecQWC,0,0,,
BdAJqF8ubagnQn3xRKXd12bxFrPxqoh8txq8d9PsXTXw,0,0,,
26vSyWdduSXwMRsA6MKbzAvuRUAuLSCKW9HRCLVgbxEm,0,0,,
EGskQ4nNP8rMqZmaL9FWp1tXkyftCdgvfsTLNmT2XxjF,0,0,,
E737MF3Vz1VDfas9D7M3JXZdHXAe2LR3JrLc3EC4N8pM,0,0,,
2L6mZB2EGc9Bx9PcemeiDv9Lm581w75wXNZvabMcNCjX,0,0,,
DG46FfEkxK3DmYAJ6xVzwVdPV1qbHXL8RGneF8oJYrCe,0,0,,
26XtB7ZxyTqzuvNAweSmHrtJua5eVSxsmiDCDQiGnL46,0,0,,
5PxrbK7TRBUphpSsYmUe8GYnP3K5Kht455Ahgs4S17ek,0,0,,
FASTAr1in6u53vykPbCuFTUZnGdiLJrXaTEQ7UAArdBm,0,0,,
9qs2a4awUvmDMbRFKXW8Kn6LQmvUFYfYq7ozEQRoQ93g,0,0,,
9nBn2VMnGkGDEqZJTkH68LB4dwKXgKvzgw3ohP1m8QKH,0,0,,
GhJ17WfY5E1nUXPyJFPDXJsDxDDuR8jcgZnSrE2AVPUd,0,0,,
HbebLQBTUiquq6UpGutJo3Fq5Logqf7Ww6tgCBkxLgi9,0,0,,
BARDEdoYDCwjo9rqccAHJF1EV46Gsq6KgvzfBHksNvs3,0,0,,
DLnTY4T2jfKgkC8gAxm7c7NCg2hTr8MLm511nKKCa1w3,0,0,,
DgHnsRxTuqd7syHHeWKrEMdGjU1JqQykPxVvhujWLi7K,0,0,,
ECy2miAgmx3UyYoGGHt15AHBkoA3twoZDQyNLwETzAUv,0,0,,
GptJsfPN91buAn8r7pVJAwusmYqh8QBLRvtjLiUAo5GE,0,0,,
AuZZkDxayBj7Y9madYqcpSnsuqeLLqZC22dVewiKYank,0,0,,
5v14vDDixdD6viiDpjQe9c6ouR65wZVLH1SEjSmcc8Jj,0,0,,
3df4sToUy6B9qbhu4KqEM54Qy5MD85frA53uWo5LiGFN,0,0,,
3rioqFNVxu63Brpn6iLSt5SEKguAtk2qizSXu3YYgmtk,0,0,,
zRePPdZhf5JPde9wkRckJTpBaymXbWwoPNMe6H6hKGS,0,0,,
3k7wGWd73S7mscaEKxn2DT8u77uhrKimLXU7UiotREAB,0,0,,
AccoW5LVe3iK8MpcB7P5mcvemS9dxK68BDdUpdYFezTH,0,0,,
6LX8BhMQ4Sy2otmAWj7Y5sKd9YTVVUgfMsBzT6B9W7ct,0,0,,
6VvHWvVCHr9FPTRd1ifJiWR8RjAubRyW4VMmhdBGdLYW,0,0,,
Eh2Lea2KWLryBQaQEGiJFdRzRPjTeTXaJ4ZaCsfDuAhB,0,0,,
EUbhCUn3mgA6ASzLvXScdeFUMMdBmpt93nUF5Xrkik2c,0,0,,
A5pbQWTcbfybKf9CTZH1vwLbQHkoFFHrsYkKP5veFsAH,0,0,,
BbvjhnVGsWYvHRBUoAGwjmvewXZLwenjZrVn2J9pwPxm,0,0,,
JEsUsH1nK6Uqd6UGxLXJdjEcavoEH6TeQb2ZEqspWCk,0,0,,
DTuE97bwe3NfZ32akU8LwrsYwcmQmgrqLYeRhUVXxf6N,0,0,,
7et2VcRVg71VtbpcBeXDN3uLpzq5hL6G5pNg2YUGyKT3,0,0,,
DXmv9Y89hxoZtVpCm9p4p2EmwRtjXvQYk4HB1mvK8Zw4,0,0,,
42KmnheUHt3UaQFoAKnipLgBJ1Zm427heJdQcHGPtnjc,0,0,,
7sC2qyHkFmq7TpapoMyQKCFUSUiqCWpEgBYBuYtbutvR,0,0,,
Eb34wsA78rKtM5v2uGcwRUJ8GpvoKuwJZYke62kWu26h,0,0,,
5MLCc19NWs9kumdDcsRZDAgu7EZnQaHv7anpSULySDzv,0,0,,
8TudaceXc9mtQ4PW4fXVKraieoadqUMsuNCAALqtZPKr,0,0,,
EpqXRf7bEzuQvafCeNkpFSMx4T27CCjxgzdxV8QbDAwJ,0,0,,
HE1fANfzW4SfRgJKCtW368eHkUAKnkdJhtkpCAPpeFTd,0,0,,
8vTJMhPkefatDgAMZQMtkrK92RMcm4aXv5p9gpJnoJ2N,0,0,,
7z8ji3HD3M3psjvXYroCXhJF3ppCrMnvw24EbYTTkex9,0,0,,
DxYVp3dpHeTE6ZKC1fZP2scR71TMC9hD1wnfp4QgJcr6,0,0,,
5LhyRMvCJ3SRbbPGUZ2KEEY4Fez4UKYMQtTLMtpfyxeo,0,0,,
PEpEy9Noi3Y9N3mJd6Q8PJRjfAg3UibUBaXvvV6gip7,0,0,,
SUNFVxNbeumVnYabbBWvtHAefGgkGLLW7YLwphWhFPw,0,0,,
9QYthRpDSWFeBrLRUV3ZmXKDjV1UAWZv3Tmk3rR41kTF,0,0,,
CwoeQ4MfUwMUVGXGd59vCNcqsNzyUf9Wde3n8RRkDKFJ,0,0,,
2mo3sgmHSpqA1NCNLoZRFBiRHwTpeTf6UUAmhCtUPnMi,0,0,,
ENjbpxX7PUHdsUec3JtnH6Bk2qKpRhJGXEHfd1dBNrsa,0,0,,
dASXDenkJUWHVPU8H5TfW3DsnRk55o3szN7nza9p8j6,0,0,,
7jYm8SXbUwnhAyjccasTxzx3Kxz6zHeYusnt8frGXCAH,0,0,,
HuMEq7nEiGT66eRm22bFmTNJxPAWD6WdsX46YzNFEQE7,0,0,,
CEpHsszZLDW71dTo1Y4Q9kaa7BZqmAjUFCnX9th5TCWi,0,0,,
Gxnb1hHM4SDJkZ6ctsCf7LLwDJ7eFHCWprmLkkXUfNQY,0,0,,
STLTHcCxvMKjBb5V2aTe9hBNQ6Fe2RW45y8Fa9eCdoX,0,0,,
8Wn2D8u72soBeshKrerw2ADAwZ2fP8GzPasderB4CvbW,0,0,,
5Dwd5PZzDNFnDizSemgsUSUkyWxCRLp5gZ4eqy2hQXce,0,0,,
EgL6WsG2jRh8XxZVGc8idMoHDceu56JparXYjKAmmynx,0,0,,
Dd6qL4v5b8p4MSFEFgbeQRcRC19fY2Gx5wKDk4wXquzb,0,0,,
Bi4M6CjRwaR3Bdsbr9uxnGCDV3w372vaG637aaYLgRuX,0,0,,
8wsk6bNYTpyo1qkjKCXLw8N4S9cEPbSPq3bo4sXCMhzQ,0,0,,
FfY6gNMehV9VnoXrTtcB3wuqrsvDtRv51iwmJVhvvbTm,0,0,,
6Q6c7YWjBNhKscAvds5XL2eELmvcskjMzr2LuGzYGP8Z,0,0,,
CUMJmbfXnwQopgg9J7VvMUTHdkrZ6dJPNbonidqpAEik,0,0,,
8HfNu2EfwFQz2srSNDvPsjaWV3G65ZWP3pDC67mcNv6J,0,0,,
hbTaompncmEdk4NDBfRcAb9zQkRZzpZSV97TebL1Ev2,0,0,,
2aqGynDZd3J7ceDNTRx7V895d7zP4YBFG92qkKT3aPGK,0,0,,
7uanHPcS1Q4BHYzCuhBXR2cBVSZGYce4rDVXLywNJDjc,0,0,,
AL7ZyWXWeorYivuU3KJKEzLkVtR7kSxNrNmdyNqmv8vc,0,0,,
8kxqYu9bvZTtdvDCTf2sQTC32e9Dw1gATSk7gLxW7nK8,0,0,,
8YW3TbZHq3f51fzJTPoCLMT69TEH6KDeTC3ujrs7cDbJ,0,0,,
JE1BuGepW1xm42GetpESW8FrUZqPoP5NuUZcpLmsuxmY,0,0,,
chodeDSo8UYzBebGysm3djM6b2Cu54x5PwDXW8Tda2v,0,0,,
HEbeKTqDknkyLDB4aAZNZtJVuNoCtwH3spoLqzWbSTYb,0,0,,
5CEMobzf7QqjkV7oMkf6eButehfnuVwA36afC9RofpC2,0,0,,
DnBEJD8ar8LbsDZG25tVCTV8J3z7rYMrdd7nA3bAdVzC,0,0,,
2byqzCb57Wv696EiFcpXfcYiuX1S9YjiEkXza8eJq4nU,0,0,,
DS1oWH1bovnsTdir58udnqaW4MzFnRmuDceGsQUrf1Ur,0,0,,
NQQTZZrRJ8x9HWr9eTfDTdaKgnWHWRUaFkojhZHpRwv,0,0,,
GTAR4TK5Yus9Gx34YyRseTZ9HySTeC19DWmh5CT4Te2g,0,0,,
EFiXEci95DTW6AqCmRHViBn2RNNzGxYHcKzmvJ6gj3X5,0,0,,
GSAU6Q3YBkv2VpZquKKWbfBiwEWTJdT1uxuMQ7ADNvdC,0,0,,
JEFFm1cN7nSNGjFJwpN1EEGskEynbvoYoXvf1qvRD5Kx,0,0,,
HG6XizXmkPMcviw3tKcXTNPdTGAcpxQXwEjV6tuPR6nr,0,0,,
71YPDQKEWwxRj3zmY3Y62qjgpRWs5QjqzRUfYwAz6TkZ,0,0,,
4zwSQdNEVH6Z8GzgWhgrsWYTaUhLhXB18e7CTYytSmde,0,0,,
H6CxoNN28DmBb8ZHxyLJuUaJ617vR3tH71RJ6rciZi6p,0,0,,
Kg3aJYpgKK8LjB8cMmUfyStJM4VZTCCQ5LRprR5vXqw,0,0,,
uwuW9dPyWJSf8KWDteoo6dhaaGyoczBQdWbdCizGDBs,0,0,,
7wpweQzStK4HNv9qBBefYTsuYfhAjFJ4DqkW4791LRNd,0,0,,
GEDf3dXVJ21fE8PSWD7oEuUtkpVVLrjZLHsrXTQNCYhU,0,0,,
5vFh1M2uM8zHUUNuRjVEkPe3xVb8gooaJPWMWbJo75SU,0,0,,
SLoWCV423kWjuKCKBAmr1aiDbuFQua8wy29GYHTCnkz,0,0,,
9nXVdpYmFK87hee731aqEKtaYx4goRdCWfNKSiyR31ZP,0,0,,
GTAfU2SgbDtV6VqfJH7XdtBAkVDdzNSBfrrfTDqyYo3b,0,0,,
HDXLnnqEQiaWibxfqJBGywNpceNzLZ2KV3VzR1bosAq4,0,0,,
79MYXz4653a1LbhPtMDBQbUpUtpPnvn3WEwsyvsbwtZk,0,0,,
6RGP338ymtCw428jkt7G6gtqR5TdGkL4Dab3sFe4tNd5,0,0,,
6txceehLrUQZyF1Ndb5qT8yySMGJVMpNYDzwP7ZfHS5d,0,0,,
3LRTmiV1Y4iwr9kqKE3fQ3kYWSo4pDt3PqmXZb5kfSMY,0,0,,
5AsSUBe4Hn7UKT2oMv812Di41xaYh23WZ66KaUjFRS3j,0,0,,
D45uUYAAWaChbjrKYyRe1StSak6pb8GiCbVj4kb33JVh,0,0,,
2ATVApsvNVZC7Vf9htmhZxjbnj8gPLVjLMMDmQ7PtTqn,0,0,,
QUeEN9EmyqNsYA2qqUizky9qZzZNV9q1dt37FFGqPgc,0,0,,
HeBxUk9cQiSiixs59xasu2decvTHVAt7t7CX7YREm2bp,0,0,,
turboegX6cgZS4oBE1Fny5LySyGqBQH5ertsZeEKbup,0,0,,
9LZbaydwXqNopazpjoPbVfTpVjdTDDgDPE524hpTKmXJ,0,0,,
7Dh4hf5hiqpCD78FG2rfmAMBr4YxLWiMxaV4L6FH9jMW,0,0,,
Ue4yjkPjA4QGis37eWbBsnqfzyK83BtY4AioDETp3Ab,0,0,,
9n88DPhUEpir3yyHyKmiVau7Vo3n6eMBM9gWmVYVuDnn,0,0,,
HS5tvKjtEZgyH4XJqPTUCuBH2GZVxXHZoFnXL6jF5don,0,0,,
4y5gV87Fg4zyT3GjPrycUiG79Tu7eVR3n9pmWhFB4G2z,0,0,,
FxnEVntchmtZzGy2fKkDJZeqMyWZdgqv8PnU8e11VKWn,0,0,,
DYnoLNLdAVh3UP1Z2Rp216wuesB7wHLdYuQDXJ6EvGuD,0,0,,
FU55Yo6zbpZomCYTmhGw5tZYj76gdC8ZWrHFtjZBBNoQ,0,0,,
Fhn987Z5L4X39iJPekmevaqabDdvkA7WvjHWJuc7QhDW,0,0,,
2qGo3LABzTjiv34ZUekwL63AGSmLpeHEoFQvApDLPFru,0,0,,
4f3K7rM5WLp95DyEQbYdthRgMNPez6nfDq6nqfwXZHf7,0,0,,
FHZTGynBEmG8XxS28eaG2RgoWMMCYHV7qZKQftvxbbug,0,0,,
CBDC915HtrXVrHF72v7atqKkhwmfyCT2gRWC8SQzhCAR,0,0,,
5kUKr3mBujCKjHBbizxRUiFHZWhnu8Q3nRq5BeTeFbwx,0,0,,
BURN2d29LYiivXiUKbye5QbmrvATvxuPebPqzSjC3VJU,0,0,,
FvufNsU1k66tgFYc7Eh7QtSQpbLF5nvD8gFD3tkMAEZd,0,0,,
6hYoQQjd54a1qkmhDRSprgrbMKkRKiEH5Z44xw5DZzso,0,0,,
AWRe3iHuSxnohdgjCczXwDJRU41wMcqNGcKJwK7y4sMH,0,0,,
44To79iADrSSsmf5trYWDDEABxaB42muJRLCYfn5SStC,0,0,,
55KefbDUD69XHgMYCDJU1rEEVFm3SpjccWx3nfyuZuMF,0,0,,
3Vc9zGxZDPc3XQBvXh1eWfPhwxw4EmAAnfKjMXcJtpDn,0,0,,
3aPzCusVcn3todyznLj7inVcjDvCkNRTq1VDEodVHvWJ,0,0,,
49iXUoZCGLvUwBjYi3RvG8d3K36Y35hoQsKZp4eDgPcM,0,0,,
QUuk4jqM52tNGuX2jdccHGjrfGCgaRCMr5qKdtpt43q,0,0,,
CUUhovxkAJuPKPYm2JNo9W934Pvip8esW9LLCdN7GUxf,0,0,,
7L8JspdzD8F4wfJKhM9VBkfVmTcZYpJrEEFoCtdU4w6m,0,0,,
7CHmtbpHioKVKR4qQr3rH2JN5L1foCc39FyMrNmGrPGq,0,0,,
2ixgZBZwfGG6izc7GbFz7dcMRss7DcGhyf1fFvMHE2xf,0,0,,
5LWFMVpKeRSmY3qar78XeNWQz9CoSmbDHJ75QCFDiYZ5,0,0,,
24Wg2YaNvGEMQjR2HNbnQzHMweYGyqdbMmsgM5EPFGDp,0,0,,
Hp89bP1LVFKJ2LxfvjkZvFGBj2pV4Lh2K4BbzLNKTnPX,0,0,,
8xYDKRd8doLadaE8YJsAiUB47ZsT6PSc99WWkpX2EhzS,0,0,,
7SCs1ayvipbNAvWZgCM2ibbzP6hJ8rALsHTFzApjBShw,0,0,,
DctysVFcW4bfnfh5jDe766nJgovbJHdvLTXsJUA6CY6g,0,0,,
HJXhMXzU5dhu6rpX2TH6RTMEU1vcjtGMQ3NitNRHXZtL,0,0,,
FJwuax17wQc6YERaUi3DTUPaKPQHgNj9AqicE8X6ppf,0,0,,
BJsPq8ugFzrRjZCYwf4oodGZMADRQaip2PUjK6q67m9u,0,0,,
DjhhoWSeGTy78Cnv9cWUijY4cYFdSEJKmaF46mMnUM76,0,0,,
CB32qD7rTpzb5Z6Sa6eKjqLF1TD51ZWNj6FvmwTnfJem,0,0,,
66mn9ktwv1ziPBm7MPvjynp9os6E1mPWHmu2SgeXbv5T,0,0,,
BNUtTu3k4MWoMr5p3dydUtKAL4e56yvh2Tv5EaySPFge,0,0,,
DAddY8D8SNxhnAHqrjULATL3hQdZ6Kc1EtazQqDTKS8b,0,0,,
FVUgGobxyaGT9fARpeGwL3VVxtjB8CfrCJz7UVQ3AEid,0,0,,
8uDiwgVP3BbFdvagB9nmuPyeB3YKnyWKWrqp16sWnFTC,0,0,,
3Rv5mZi7PHjXx4WBVvrskC3qdyCsiT2gKddSjGE2v6tB,0,0,,
Cs7hxFPD9xoLSDozxM2nvps64VHyDBmzFZob2MX2c9dA,0,0,,
HQJcySEuhzyT9UuCj2YfynMC19pAuviSU34aKK3uoAsQ,0,0,,
5BRp4zC2ukUGbw9F5jwNzhCuwLFDNNhy34QQyonXt3GC,0,0,,
3BmmmsJFYMKw6sKXYxMfwPLeLJbqnxHxZktDsmfsuj4Q,0,0,,
8pVfAy5YELE2gHmhLNFW5FgqY224qgnQRpJFpFbgUJGg,0,0,,
NGM7x6weeZZR31PWP9Ldn5aRZvHaXZRTtrHvrxNwVeW,0,0,,
24a1k6wSDQUSwoRXJyvkr25kF5do8f6Ddff6A2fTc1pM,0,0,,
ALr5uTGsXymRawAo4qavXbdt3Z7dnvZCqcV81BQZ3cQm,0,0,,
CheseSW8mxg8FJfn51TeFN1EJtCTaRAA2jTQZPYR9oQc,0,0,,
6iK2BmVcWcsCPQq8dnGYknfRwGGp7G6hUkDAp5kUZJTG,0,0,,
BtrrwskSCSXezMkaJXVLa8nwsnDXa1E3MY53VHGWpTsk,0,0,,
9JrCN5yaGKi6593fxPrGHvse9MysxQzvdQf77x5fqB9j,0,0,,
566Y85W1SxNSPYNXB1xeG1jwzohLKJkizfN1RoqD2gj5,0,0,,
EtF1KsfP8FD3LoWdJj9sPSgCXGTd7hUVQfBTX1bPQSzS,0,0,,
CLazp1AUB3A4LKZZpmJwBGPjx63JprhrMeFLh1SZ6w7K,0,0,,
DEGENsATq3PfyBG6P2aXMrHVAVX5TqPFDYzHxhxf5x6t,0,0,,
AQkUNY82dW8DEgBE6G3vFbBi2zJ7cNkmzUVE34DZf9yn,0,0,,
45BjQ5W21PBuYyw2Yir4vW6gF2LADPcsvD8sibGRDkzz,0,0,,
BPTKbZaixcw2aGNv22VqRQBJ4BquHMF76UCd4yPGrGyN,0,0,,
6g7KuFCuPzodMzKBQs5YfRAKVRUwZREfHCnTHKTR2Fvz,0,0,,
FvkoTWrHk7g3ZRkJ1E2D7dnQ2f9TVLGfim8Hab4xDTys,0,0,,
9YSAnTd6dF4dH4kk7MCp9U5M3XatHd57WgevUDfMmjYZ,0,0,,
J3yvSnKpDYX781DzQYhmPRgiqZXvmQoSDx7yEgT5W3wL,0,0,,
6FkzY8VwYp81nYBvbMW2RS4CaxekYtmsGRhVSj89Lh3x,0,0,,
FWR8S2W7gz1mJzXBPSmURUHJoVih3zCR8QpsxjHRwfCV,0,0,,
GGaJFJwzuVM8iAhjcuyqNdAPmSWudWW3VL3N1FAPESux,0,0,,
3auL5A96Mr2Bu7pxSVfYHGaKqMVREptAJN84ATsc3ZJy,0,0,,
BeJSowtrbad3y9enLaWqen3d6XYhaCU7FZvoqGCbuLrD,0,0,,
3pjaMSjWF8bckeRKxjPAWcR7sjMcYwU2a6UzrvKWcRU5,0,0,,
BALLSTVAp9s3kyg7mJEjMbWCuFbMuoYiyJxXX3K28efH,0,0,,
9YBWfj4BuHosT9cQZBFWZS5b6Xwxu8etfLG6WQiBnYvt,0,0,,
5v76DKLp9BWdRqT6ZaHBrMogdL6nHh5T9vtdy4A57HUX,0,0,,
3AHBjcyCoMi3yw7zidXUhyL8Eu5PG2zjvRmcKB2K9xB3,0,0,,
HoNEYBerSgFhzEfExziGgTvGJjXSbVPpUeGF5nku4bnW,0,0,,
SCSSjMVAEW1KqnzP8NDKmxFEMa4VDz7j6eTZYPQh5JW,0,0,,
gSdNjbCtbF3QRsh7PbUpFJ8Qg9SapfjKsm75GSuyerB,0,0,,
FFBRCG8hcjqPXzbm9MyzyC3oowkofaPhNCCktWVsup9G,0,0,,
Esbksugc71JE1fQxPFW4yjp1xCQrJHZy38gkAdxS3u5X,0,0,,
SCSGNekA1X3s1DyS5KVhyiJZJ3r7Kp6BmawSqgWweug,0,0,,
1WXgRyqCX2j2UJwH7ZFDWwFSjYbJ3bBmzkz3n5siAGs,0,0,,
EhBEHB7ScV4PuW2Shhnay6dCHjG1GjV3ZFu5X9vmxHfh,0,0,,
14Qoeiw6FyUKuo1WEmL2XVQg8mj3srTqcH3g1VYcHg31,0,0,,
3Lot713HpaJDFTYSNapT1jNy1N8N9N4n59rDZzZdFSze,0,0,,
E9cZqo6jLKkU1N44vqvRx4JDB2iiCG9BWdbtKtLGpLDu,0,0,,
DA6f93mautm7XmqxRUWN1ZvpYkVvB8RSVYJd5xJcxPe6,0,0,,
HugoXPiv4eZpTChQwYxmtxwovS2bjJogAjzShsKbFKxB,0,0,,
Cqrr35vHXKRTZY3W2ABLU3JqrQF1LzLngpocH43uSR11,0,0,,
BjVxTCvWMfAnjdGCGn5MZYUShdSa8Cv31fh6MifSU5LY,0,0,,
GTycTyZaz4FoXfcvwMAsvdcVqNTQnj23QEVmSWkjCwaH,0,0,,
6xRDUWCpGKNuJY62roB9FLGYmhPjFH37wiTjAvBqSVZ1,0,0,,
g7Kb9AyL5r9kC6teDZVVbP4yF4wDUgnXdyz1zTAES2i,0,0,,
5XmKgRSqPXvBJEMtNdhouHCvyK9gByu7FhsyD8o2JHeT,0,0,,
4umxqm9PuCc3oZW9nuYFomBirTVp8HZEeVwerXQkte7K,0,0,,
FMybqsbgdaZr8z9HBicdYt6M6zckgytpgcLPfWJDiPyY,0,0,,
2HSF651rHzhawukvTi51zSzL1vQUEaCNNq3cMrfM4UNq,0,0,,
ABvpATgwKLMv5skb2vF6vGR5tjimAHWhKJwegTvXqrvV,0,0,,
7ePdBZeVTiACApHD2MbuG8AAmpnrjBW5GVwJXvzQoue8,0,0,,
7oBDMiGW4sPM5emFrMuVEdPHeXdWdipsSLJFmN8oeDgC,0,0,,
ErAufHiegC12FBomTsETU4UrguReKp4gaj1q3XF4ygSa,0,0,,
CLimx7EZw7fWDzc8VWc8EV3N49XV6TnQQcyDapevHx2C,0,0,,
AoaU3LV735W6wifi5KbVmezmUfaDGVwXJPSQoDKEGxzf,0,0,,
J7ww5Ly2U5zuSF4fhBsH9grdrjvDJx4v5kaogXB1JsNz,0,0,,
CooKrc8eaU4E6AxBtNqA14V5HWCtxqeY7tZ7k2rS6QGP,0,0,,
Dx7kqkxkZ5oZfmXEmwBeNYDPF8voktqSUif854T9cSwp,0,0,,
5ouoj7vEBzox4xWSZCKdq2j1Vya6Fo8LMvKGnYoDB86o,0,0,,
7CqbWnEHCter9xRdQMWbqntshFnoHYRkK4BNHc1nTp54,0,0,,
6k1Gvs3QS3zCgZmSTZygnoQZFPspwH1r67qMqVS5q6ka,0,0,,
A8TkqHS9oUzuq1WYCHE4bcLxxtKD9TQJhe55onXXwb18,0,0,,
9UP8NmojVcqK6NvovBeg8u9qP2t7pR1WYh8AMm2r3Ky6,0,0,,
6GCPxTgqrr6C73cwj2JqK86y2kvqwJpyuCtJiEonwA4s,0,0,,
6bRL1Q9xJLbYCgoPXiP48uNeR8VL2hFHbM1MuZc7ViDy,0,0,,
E6JWAiDGi5gRm6eJrec8FN8yhpaZDmjoQXtERth1qPPk,0,0,,
CYYUvoCTeeDhU469VeXfYKKfFTvnwtAnoBr8Bg9j8y5v,0,0,,
3xDy1X4EDBo3L77DrZ8n41bpcnPAiu4849Cd5S7cM5sU,0,0,,
BTXe9hNPmHqsJrAdjeWx1h5FLGW4XoeYnyL6Q5tzhzzC,0,0,,
E6EYcSM6ioFCgKVzvHTrfSfakgrDNuFrv8ZvxrFqpF8p,0,0,,
7TRdvMrd8HqcbB6Tp2zkPfCFhxstyF9jWcBkb9y9yFhU,0,0,,
Bx7334UVa5T9mCYz3yxFBWZn8Qsd8stbeRQdqzjxyyMt,0,0,,
9fBBMhGjDBLHmqgtfF3Nnvxviy2XtCKWYHyGqAj12qqX,0,0,,
4voziTZxyCzNYq2B32aBmgSk8Yg6ennYXY8otjMo9dXf,0,0,,
7r9P3pjiTYNxF9oCkuJKxDGfywBcXGy9J6dpCMxhuDbd,0,0,,
DH6x9VvTmntC4BBVdrWLFzGqDRx2N7m5VQCYdeZM2tLn,0,0,,
HCBE9Vr1WhGHDGRNmS5kceNyAAMboneUAFVqB41yE2ec,0,0,,
5oZ1tg434Bt7cEMFpzDcUfnb7gecW2qhXrW6uixd4sky,0,0,,
6jhjXjtU8nN8MYnzXFCJYhw3bh6HQZUVqYAfhrt1NCRs,0,0,,
8rrZHXoQfbfEsB4pGTLuKTbwataPZfBZWswXbnCwV22p,0,0,,
5SLxTPvZY84ne9qDTEa9oq1xvhB6yzBVPJkHMEFvARQb,0,0,,
DsdsiLQqu6BMPTdMAY3j85VZXr7bkHJzW5bAvGRfb7R5,0,0,,
FerpHzAK9neWr8Azn5U6qE4nRGkGU35fTPiCVVKr7yyF,0,0,,
59tMbUzXzDDYcHXftk8k3FkTkFmTCrDsp3ZKQi33E4oz,0,0,,
9nyFbGUArakiWjZAEygSNaJXsqgY9EUGzf1oyvAM8tLT,0,0,,
6uhZpYZDHMe45CdfVLRYbP7xTq4kRKfcNtcbCYDKSsNd,0,0,,
8bGnh2Md8QugBM6m6XDcQpfG5L9tV4sWGmYtUM2BYJSH,0,0,,
Daj5g9GpMDPggYxUNZCHPCyhs6DwunAJW5mootW1u8h1,0,0,,
A1endqqsGUYtS7swzxQhDhTd4nvPnHkKJVT3geNAf4ev,0,0,,
3dbomeNHeZExUPFtTvAe5jyN8LRK7ChswEKpo28jVw8K,0,0,,
BgCZtvt2pYjZyK33gToyKXyFYBNDthPRsEXjfYdJFhjC,0,0,,
3X6We29Q4v4aFHarkeWHYUYD8MBG3JdpiggT1yHZnAk3,0,0,,
GUAPxToQ5o1iMgLWYdSkoPATNiJXLHkTN8vMNFEFsYhS,0,0,,
7FBr9cS5MrM2tCJiHi6KAL8rgGigRJGrTKD48xjGXZmZ,0,0,,
CJGEkriNowVtFYqFKYYiPZ8hxPhw1YNJZ45rvujnN59i,0,0,,
HybjgVFkemjx9Rai3EpJgk2bWXAtXoTvCa7iuHWBDtJg,0,0,,
CJGEAfC7rxVVnyp7G9Cr7nhAmCckGeBkws6feDf9YEga,0,0,,
5ATTHPQeWdHaE1m3Fn2gnaEpgXyGkxomKft8mviyDgnE,0,0,,
DDnnxzmdAewaaqg5wVnytrwqxKpTkN6prH76LTBaMbrF,0,0,,
H66vKgcH6R4Tiah5qaXBEksvk6vLKgrUGMWGVGvi6vwW,0,0,,
9pTuECusPyb8G8aCSxpWgQsWpvb4Ce5KD9Bgwzzs5ZCj,0,0,,
A35zVbBrMXESPW6zrFNM78h5weRpW3TryFvxqQG6Z5V7,0,0,,
9Fwu5CigbwGPNGeUNLjfzGAdGj8jdqUrHRhQ3BYjHMYV,0,0,,
HnxwWwFdatgPBdvTogD8AMWZkUTzmYp2Mm9VWCL8c5Cm,0,0,,
9dSd9VKRhpdDaRjm4cH5d18SwZNVP6KhZKkdYs5j1Srk,0,0,,
2mqi8iLJf9WaVRHd7nhRkqvCafxfb3Us7wshaJR73ykS,0,0,,
B7VKrdyxNhwXE7QZY3k8NL5iapdDToPJKimgBz89HmrL,0,0,,
DE4DZ52veWdsRAXSa8mJ3tSmuPduG38dvghGYa4VijgG,0,0,,
Cock81RhyTnyPziDGdKjEnQo9aedW8cqjtMmJFagemq7,0,0,,
Cm5Gn32rCX87o5oVcwQobLkYzqVDder4KW1JS6Wix4YZ,0,0,,
B83dr7ymVbYMJ15eC1DY9ai4ofob2EjGWJUGX6H4waTQ,0,0,,
AoqVNs69hmbyK5cXuRv6RL5yHx8D8JUciurcLqk5E8yq,0,0,,
5wzWnrYfuk9T4mcH53ChAEJqujEeCwEXNRxh5e6Tcdr1,0,0,,
47gSKkcTXUhvY1HV8Ce7RvAPxkpX7m9R1U6kgKwsPtSr,0,0,,
BjMLmkoNBqWfJJhCYfXnVJykFL3v4iv32CqtfrKcUFj5,0,0,,
E7wvJZB2LPaxN8gKHxmPg9QFnWBsKsRCL4hBmNfmws4K,0,0,,
3jmhYWdoRcua8yUP3HVDNihZhHbhrBTUeXo5W1etHTFf,0,0,,
fC54G72r8qiF1dMU2k1wXTgqNhsQhmsDKvy9FujxHe8,0,0,,
H5tJ9DbATFu7fZ5ikuAW15yub1AU6tVxv1exjjdgbzaF,0,0,,
FR5RKpbbVttsNh3LKyvQAGUTsk3D9as33ENichpuai7D,0,0,,
HGKMgb9VECGVwZHXVCHf3yPZvkzVMH86guxMpBc6xaa9,0,0,,
87iX2g7Dsnpo3yisTrUQPqyufZescv51nfnEF228H1G2,0,0,,
keKWpGFoCcTJBAYQocwuCEVLf4nugbYiXmJtex5RG9Q,0,0,,
BEtSrPvxTuga2KeMmFYLY7pLDuLmNQpUPArNvg7JMNQ8,0,0,,
Dr8VZBcdCRB7ViHAHMfhPDHzgbh24HpNMpZKXGN49Luz,0,0,,
C2pSVJvziuwZKbSXAeMpWszHaH6t1crj2nTvF78sSArc,0,0,,
AWGbh89gRUJXdzedsiyrakuNwbS29x8ms9QgXhUuWiHX,0,0,,
Hd9Hrq1Lonk5Hb38Bo81pGTPWVqpk3MzPAvRzJLWM9Gw,0,0,,
CwS8Dm3eQ4RVceSqpouioFrZGM1rZMmpwQtuu8Lt6stQ,0,0,,
APY34HcEgUG56BnKTS8raNemWTSxB73KzVwkDqNQWqda,0,0,,
4AdFgsGWemyEf8J6eGNunTVQ5Pj5egsZuyZUF2aorXCE,0,0,,
5Q7EfoEzqDeYZRoqxvcdUjKx8hfQswyxPNdZAr3pwuCu,0,0,,
4qUFfHTQszWtGvvFNnNahAwgDdskNpFqgaqFzw1Pkako,0,0,,
6V9mmEdtrqbJGfnC9TCLBKJcEUNhutE2yhkmJyA3YgJy,0,0,,
BUdzumx7mvbJqwqAfdynUsPrfiVdmUe9Co2jFcJQpe7T,0,0,,
GFRFBq2gmws6Dno1MDZdGTBGNVptutqQbZtnDnXKoJzt,0,0,,
HjZfwNkodkXwCU6zDSxj1KLoouyjqwYjHCYuN5pYndjs,0,0,,
CPVCjoCSfYTsmqc6XM1ju1nCMZgnQbTVDsBLrf76CfXd,0,0,,
DH5MXDFMq1c8y9mtZYJn2Zwgs56gky4DuyyADfBrLbS6,0,0,,
5jgMZ4s1ExNRNNwuRRtbAFffxuggmngN13tJ4AgheXww,0,0,,
4rbYL1GQa64S6HhWMMmbRSAaFsWTzkBiUy95fUS7ovzd,0,0,,
3StommCd7NhiXjRcqLf3N7kZNt9tibauT88MGqhGpMq8,0,0,,
8KLAKZqHA4UuLvCGFYqL79i7Vmox1jkX3GyKfBUxeSGJ,0,0,,
4dtySvQgsYSzkeMdgc9kXQim2mxqEVBgk41GqBnt1fRt,0,0,,
8BRKEC28uzJmdJuPjud2VC9GXL8RznJvxPake9kHESkK,0,0,,
FkVLk7QYxwhaufFP5Gey9jisJ8pdCqxfxpcRtKur4XiQ,0,0,,
5K5MnMBT2hW7E7xnRf8yHSfMYYiPnYug4ekpaXsy2Qf6,0,0,,
AGzXMojYmXAeaw8gameKBkqX8VXB4bEGCDcXtjtckhCp,0,0,,
8H8s7ekdGVkQGU8vsAf9cMBvZ7Z3HhSiAXzYgaChUhwJ,0,0,,
EomQTgBj22YHiU4mXfzfgLaYzy51oxQVZCXekmwp5ME2,0,0,,
5sriCtgSN8PKNP1SLjYmhwzZ61Vubt1xQ6oSZ2PMTBAf,0,0,,
AJz88bj9WT5mz1tzmDCAVCZdcuD2bYY8qsCNcVz8s8SB,0,0,,
FGcirJFzGFVeCfXcxyqSwnWSgQWGuNEztfrqPuVSZqAY,0,0,,
4CvRrcZ2mg7H56GDQZUfopZC1tvYMTz2tDPYKabGEtR2,0,0,,
61hNF9wUW2YfxfCoZ2dUPAfipZpkN32bJqScBebP7tqU,0,0,,
2ViBAzDADjJR4PV6p63oSByQQPrrkjrcFhWXzCd2P7Mc,0,0,,
GsWnvE4Gb9oopC1PPj3EKZKhcNKLqADww1KSgafkeDDz,0,0,,
J45214jDK2LJQb2hpHggiYnPefSkPTvsaVyfnoryAG3j,0,0,,
4nN5LEfDhyNMV8mqHE3XSKV8CXN5u2U2pY9zKrZHgWwG,0,0,,
DvTJh9EPuCGQsDrTuT1GipfVY1ua9dzzPGrGYoTvHwN1,0,0,,
A8E1dUpwbYmjsxazF3p9ukkVRngCmfzkmjZvmEhUMrA,0,0,,
GdWLe5PLBfs9KN3Szc96edUMUu15ymQ9qNNRdxsdCbF8,0,0,,
6J3bAvaj1h4154noCfHhNW6Ydc4Le3bruPrTsd8ABZmh,0,0,,
H9n9w6gdrk11XTkfJS56LAkwtvDQN9uDLossVbumi7ra,0,0,,
GGHWEke4FFp299dZ4J7C9RDsW8kbFvmocbBvUoeX8sfN,0,0,,
FBwfZRUwCXvh4eneJsDnescrPRN6A3orbftwgcMDDUXp,0,0,,
4vit2gvbGKUU5LhQPBtb1bBDyQC4wRiRdDzSfe9m49u9,0,0,,
E4VWpvUrwjx2ZrpoYcVJjMaAiHXpfhq4CFf71cUqas9U,0,0,,
C96K9ck3N3LZcRgQwSZTzkdRjjyh6ww2WFG5RGrt55iL,0,0,,
54uXzyQgr6iWf5Jbvq6Noq47FXnKYinctjxLx1e7fqyP,0,0,,
8mBcHTxbFaoRfxHkUqZYxBjWjxAtXigN6RR6fPPgWVCs,0,0,,
HonpKYnWW3C2CKddkHQVyfnL5cYG8QU49B6NqXz9kJpW,0,0,,
FzQivzznHCcoQBcCUtd3CdFFHAtTW6sPNSHSS96fWcSn,0,0,,
BVJbMBaDPHjXTLNZGXjxmxro7wjENppD8cNk99VSS7pY,0,0,,
CtpBJzmH3i7FoXPLGh3LrrVuRBjKw1HMRNTbNF9gPNeP,0,0,,
AdUy2immQKoLWv5LDqjXToJCrYM4pQp4NChYYiMf49rh,0,0,,
mX8pdeLRsQ8nrvG3vV9Xb6ne8JkCU5WLGDAnZdAXVrX,0,0,,
7jvtyKWjaiRhgpN9j4btAMbcMEjzyf29XutCtpSKuV7q,0,0,,
5vuKn1FS8fQNGoyzKJkSYDTZE8gPkaQJR8i4fa8CZhYG,0,0,,
3kcwmXYoS1o6JpjFMT9CxMEicqegZNHWgwZRJWPGJ1vC,0,0,,
3AxnquFfCBwtXjvhNVZfGvkyt8Z46bLeoMS3SSwgEV67,0,0,,
A8HmrNKEKfuNm2zHkXhWSDpEf9wzg9Rwsui2dVd5EYzy,0,0,,
9vA8Leegt5cdzfjWvwPnLQngk1jXnUfCh61GZVaCA9ky,0,0,,
Hsoh9ztzzTBCXit9CnHWVk1zyKjwzQHSLjPTWad4soWs,0,0,,
AQU7qXsWCBPYZtH2jxG2kuX4CN6FhxmM8JBy7mV3k4HN,0,0,,
12yUaDTbQ9usotfD92e8Y7pe1dRLcefewZzaABLQFp9q,0,0,,
68eJUEtVL6mrAYjmq5TCeZDriRamaPWA9tALCWMRju3e,0,0,,
5nU632JK11XpdWtbXPsTiJ7LGKeF4bjr8ifBqGvNd5WM,0,0,,
CanhjwCvgHwN7AeQ52tQMk8oVrkswnCxCb3GjeZ6JBfG,0,0,,
3gCN7hvvM6ZbAf7Jc4mGZBK8GHZYQaDmm84q7t3WtRew,0,0,,
5tXgo6pqQgLinY756yMMpLn4QSRNasgBt8Fymu3NJBNT,0,0,,
J4Pgu5NLNrAyGpAayhvjHa2VYdgnNh9jHcBbbsn5ngM9,0,0,,
3u3ntqb95samjotLHdhwsJggimeDEGrpQvouF9kk6L3E,0,0,,
Bdx9QVBye8NDmm8EGh8X2srMnqwYGKGG4EZaGCwZDwZ,0,0,,
GKEQzAtnZG3YkmfTLidTMb8gvC1rC21AiBSWQcJHXkno,0,0,,
eDXY5qsGa9mVG79C2exRFVfUpDo2vDUf6GnHjNzqvkH,0,0,,
FqgwjPn4gnsJfF3FKw7wrHjTPvc66kJMhA96GbAwfxrL,0,0,,
8Wf61t6vE8Ebeo8D648fKNcHGpDfbsaAWWr4v3bh3vYj,0,0,,
EgLv6TseZXBt2fWMMSjTpGuL3phh4WrAaCRfopH4V9Tw,0,0,,
3GxYL9DtmbZNbZBCmkc6Y3KdWUm3Xu3Qj4qjRBuqeoU6,0,0,,
DEDGpkAgwfY56VTSnpcDTcinqirgGdhey4ez2BLdQWFK,0,0,,
9doWrKDQbsHWsk367gxAQ2GyprzZbaQ5B4dJrRdSd1w,0,0,,
Ff48BkDG38xJt5Yp71h2sqosxZC8VDoCkfHhWgabL4A1,0,0,,
E6fRVaBbA6a9y1TPx7vQrenDz5HisUMVhqTnrG4BwvK2,0,0,,
EmkJ8Tit87zh46SQWCNSEo2HcKS4SQAhQaqsGtCS9362,0,0,,
BmCmW3MLupqQLucLpqcduzNZZi86xzagTJBptrf5Ux1Z,0,0,,
sxVaiJJXJkGdaZyw5L41mqDuRxnHgdkkyiTryB6yiG4,0,0,,
AexmTpjDy5yz9nVW493FRTFVhoT2kjMFtxmpUBMPtSfV,0,0,,
7MC2xHseNoV1FxSQhtc2fj9XXHePfaZmjkNxAtbRkgGs,0,0,,
Gq6QdwRBU4Tkjsn3Be76CmB6DGoJSibWmfQDPcpEGunt,0,0,,
EwjXqmn5AJHbKAs8NTgAkYeWEgP3Yda8pVWA34CqSCNA,0,0,,
8nzYtKcHZJhzAhCscGxsUK9kg3UCw5Truwik14HWsaXF,0,0,,
vtE4XYDFR2eW2fnK5DU5o8iWzWR1tu41kAeUFQy2Qu1,0,0,,
AQTe3LVTjGKao1kNkRFWsLDNDvj5oCxXbHrGN9P5tspf,0,0,,
2ytudXteyaMQEmRnLcJHW9hjoiEEL6ZJbsTKfk9AuJeg,0,0,,
4rd7uy64FkoEerVq8dwGuZZKqovNEkeqYxzoVeVDgByB,0,0,,
CDCzrKUHpumbbdQyoKZA9d67F7Y1sWfvZnhZSDbVQ97B,0,0,,
7jmt4UPvZ3fhYLaLwLa3U76QXP7bZvD149z2HJTRC56P,0,0,,
47mGo8x18zZqz99S9KdaTH6a6H4WH1wwLPZYULG4r6XH,0,0,,
BS1YciQTE9XYdf1HtMbSGT7zbwuey9qg26DsRwt25EJA,0,0,,
GxQPgqCGb6tyiyg2gwkQsBfRyzbDiXpstKdpnVUrcXn4,0,0,,
46AQqsx1YE44rHkkiCb8HLGBkwPTKEB3Uuz6gZtRfhZy,0,0,,
Xb1afAgnVpgMcXn3YejqvgEGkbE1ecAjwN5SypghMys,0,0,,
69CRThZ6EnmyYNp5HKxsefNu3QEw4xt3EGfWsmVSamuR,0,0,,
9tQhCmFtCh56qqf9szLQ8dNjYcd4TTv6MWPpw6MqLubu,0,0,,
EQVZHeKhUSRX9MyT3veXoUULNHPbTeVgjmutiKZj4sjN,0,0,,
GjmpUjhVyHUDPQEBEtfuPwHs4sA7P4eKXVhhYSHwThXz,0,0,,
AZ28jAm3C8HZDZUphUZiED9itLnchXw2KaVyzzviVATR,0,0,,
A2vMmXyAwm3U4WPLRA45Axb51VyNkELqBwrCzk5gF6EP,0,0,,
AetxTD4AHeGb2ZyG6gAXWWFRURosEKF5Wf4M8JuA649Y,0,0,,
HSkH97SWn12hJtG5wAs4FLoQkg2ZVkPYaS2xuU4Vr4BK,0,0,,
GcAQHtWoQUDeu32Ef31ZsR2j2Qn8H1co6XBbDuMynvvx,0,0,,
4c9xej45N3n5HCRuqNyLpaRrf8gfL6vMndo9FdmiBAmj,0,0,,
4t9pcJDPQuvaMscsxPK575B5e6n294mWBwfs5d4J3jcv,0,0,,
DMA6rg5gx6PhVjgw632WEwR8R7SrU1AkS38qax6qbQq8,0,0,,
F2sDy9gnpcytAqAXBZjoUdGy7wCM4E2m57HQ8J1W5fmS,0,0,,
5KBiCb1ZwsoN7YTgVshRi95ejJxVh8gfY2qBFvEnFju6,0,0,,
4ws6W9iiEjp6to9KEQknS6SDsyYTeRF74hVmwPBMsoho,0,0,,
BVW76NP5va4kAFeYEWhTuWSEuNdaydaqdJtcxx82LXgg,0,0,,
6eKn8X9AwnZ6mXtUFtaUg5L5oSh6LJ7zuXUSnEEyxgjB,0,0,,
9aBseBwMhAKxUZCwkL8W2XiFatXG7bNpnAK5muCdMoJa,0,0,,
BoQ3M9xU6eFHK4hUmSuuXYPved6kaaUCdYQvTQA6ZVu6,0,0,,
AgYNcw9X7to5ApVLio36J5Jo2ySfrV68JrcWKQHNMqsz,0,0,,
GZchdKYAMVuBeih7iYBBh1qmGaUMovRSevmoECosC63f,0,0,,
CrQdmb6RnKhVKi8aT345UCJVzCVcoUhjASgbPhfNjVy3,0,0,,
iot4G28fjH2nCP7tTJsLca4xMkWHG7Jp6cHThiCjRN9,0,0,,
Ajxa6NXrRTJYiNTRmQYx3pzPGPBdVKnGiWeiUEg6pGPF,0,0,,
FCBL975Ut86uGZLtzyZTD7GQSsHRy1xMEFy9T9MJmwuH,0,0,,
DjzG1gPn2cotdV9cvkho4KxD3Poy2VjJeghCivv8U8Wj,0,0,,
FKUCtrCHsU8e8wMFMJt7gTDhY1ZYARxEc5cPqYnzzNhA,0,0,,
EMRcaxpi8XEq5icwgP76RvajVfS9D6Zxvue7Studog5h,0,0,,
H9o3LaDfoMSVLm9aBWaY56eMmPGDbRFnUHpqcTb9exXB,0,0,,
LTXH7nCGXz5TBZ57H8oZu7YwmDSVfSqWViW4B28yg8X,0,0,,
CSD6JQMvLi46psjHdpfFdr826mF336pEVMJgjwcoS1m4,0,0,,
2VBkd8qeiHJJHsiqHuCbpz3x3iRrY43KFPKKg6kC7sQ7,0,0,,
UtarJbRSkBoNQ7KVSLXJMCyvpcgDuiRAw2essbhPVKR,0,0,,
6AjVTAvqgWi7gLCSKtqfvsmh5aFkgHFC2dqATEQpzCwV,0,0,,
4JrBQC6UVMidECFCMigNT7vjEM78z3ahUx7n11rBUqrM,0,0,,
3dgCCb15HMQSA4Pn3Tfii5vRk7aRqTH95LJjxzsG2Mug,0,0,,
A12XggFFk3b5GCd6ZYxuQ55cQbxarHL4h7Jxs3GQcdC3,0,0,,
E6iVoAB8nKu5JP2tF9da8URqdiCeARcG6NCNMCo83TNr,0,0,,
CSaRwNeNUXBVxsBHgYp8EHyRWffpWPYyugKoXyZWoEsT,0,0,,
7DSKNqBPrbituMMaJWfafhgnnWQSKM3tnnguG7Qp6s4L,0,0,,
3rh7p5WRKXbGGY6BraKJbWdp7iKMYrTUv7CfCDqtr4va,0,0,,
87p6mWJyKa4cEwaP36A4PBx6MokPqS5iZbNQJjaLBs8a,0,0,,
8zSZBewodzvTk1zH8CEV6iyoNBbaajkHsehbX5GTyHAX,0,0,,
12aLBCh2JdjGstCVX6oZUx3VcLAY2C4fdcuAxuMvvWQn,0,0,,
5MH7bP4qM7MgFLG1bNPC6LsTtKxqEjxaYG1Pzo7bGgEZ,0,0,,
7xAyNPC44BjZGL4S4ah3fQKWEdyEamj27fKKHvo25AUo,0,0,,
Cj2NAxiDDVvY79PLBdVQK3F3bjoHp7hvZv4kLL1vgtV3,0,0,,
GWMWCHfSkQxWdxZ1TyCHLKjbj4LWavHu5Htqice1fSiz,0,0,,
FiPmUfXntGvWvM32FyAV8Dr1v7S3ZrzwFrNK1zfHrc2n,0,0,,
2WvAkRMcRfB5XEZP79Gp28EpNSSNXg36qH7dp4RfoCKv,0,0,,
BWAQWA6y68DtcV29JZqccicEft9KjZ59Bi9A9itGFTab,0,0,,
Dg46mekhjFiKhCEG94wZyV1fsKLTyM98LeGfXPHGta7w,0,0,,
ASsRyHS6h1hY74H5Mm1x2RRoxoNQqu1sNpXgYDvCnPCL,0,0,,
5jhVwvt5inuJ9Cp88YMFx1Ft21NMT1oEYW7u314bsLhM,0,0,,
7vZaGdkCkjfiM3ZBJ5ow3ZNVMwPjx4G8wNEuZZHTQfFn,0,0,,
2G4ZBQH8zHVpyo76CZJJVCPJZ1K2XCkvswfzmyvj5mmJ,0,0,,
DkPn7EwX229HDWL9suY9o2GN6iov2pMpXhvujkUjav6A,0,0,,
Gu6yaN9RC8SogDcCkCpjAzjkVAL2vUMRYPP5dMaMeyaM,0,0,,
DrkoWvXp7Ck8oSmbZ1LVttLsZK1vypJWyT587osgVnb9,0,0,,
Fv5HzpBeine1VpyMMfjteQKvkbXxKgkQC37oz2pMjo5c,0,0,,
PoxFwevanUiRWx4cYdSj3QxjMeiso8GBiSBxW8hwbNp,0,0,,
UXep8GjjEb8s6fum6As4nhp5CHNmi5Te8p5FZFurV35,0,0,,
4pa5oYUzKKVnW4whPpHsCFWgBxbY43Rqyy8SGakJz9rN,0,0,,
5Sc6XKkStfYaDAgJwf6RVm2egQGrrafC2AvkjL2LBXKv,0,0,,
EZREGSpP2uGP3CfvXmTppnimdKNgcAxkWLZqKweSv5YT,0,0,,
AufzGT3NGqSxtiwn6BizUbnPg6tdLGUJhjZooCJJZ7QB,0,0,,
7hE54Ms6JycWDmgwkvwLCT8PPc4vRP5jCS56FZUqep51,0,0,,
9FNmfKBiD9A7eTAFL4LJDT23qsoVMC2bPGdZDgiu1Xxd,0,0,,
2ShQxSSrfove4bkhmAiK82aZQHFF2PEUrWESUmK2183w,0,0,,
FxDmZHCs8Ew6fLYiMzjrDd9Y8oYddXP5yoEc6vQi6e4R,0,0,,
FNx2BWdiVrFCksMmdvDNQjcQnv8gjXvwToyYJLTF5ZgA,0,0,,
FjBedzf7WrWmo4yd3Tc2U6indeEQXtdewZ514hYxH5X9,0,0,,
84vPjVgsnmtHK7C9ADh5yKMxzeaxzqiyD7MgchDcK9CF,0,0,,
yomFPUqz1wJwYSfD5tZJUtS3bNb8xs8mx9XzBv8RL39,0,0,,
H4iNa98d2mZb3sh9txxwDxXsSUPrR8tMY4ubSj3vj17A,0,0,,
FHfba3ov5P3RjaiLVgh8FTv4oirxQDoVXuoUUDvHuXax,0,0,,
Gn3Ax4jGB8uPsMQnMKmnxNMWhLiFKNJwkoLxcRvPTZPD,0,0,,
CfJHKeQgNQUrscsNmCL27Vfeh3YVZrSY3rcGhGMc9wcJ,0,0,,
So111DzVTTNpDq81EbeyKZMi4SkhU9yekqB8xmMpqzA,0,0,,
E5ZVeBMazQAYq4UEiSNRLxfMeRds9SKL31yPan7j5GJK,0,0,,
4wUbr3Ueam1eJJiwBXGVbjdw9HXvNNjCaQqq6fEp5f3o,0,0,,
94dTLzHDAZ4VVRYSoFYFL6jgTdkf9ybvA5gmsfBxQYmo,0,0,,
ViH6BEZWoT2uFrjiy9FNHuXrspTPqPQNB15oYxHheJW,0,0,,
HtYCvexKTU4wcqTQbaV3AnmNkzhDU5NeoG78Y1HjcxYY,0,0,,
6cNRyigNkPzp2dtfbtqjCrTaw26ALhkUxgJuLgpcr5kF,0,0,,
3jMkeWUQo3FWV9mmcBhfNdKQXGeJcTo1hnWjCMvivdYF,0,0,,
7itGppMxqYs6wesbScbum2McCcWyrAjLRbh2pHVcxuzC,0,0,,
AFhaVWJ4JPtVZ61TBA21EUvSTzQx2mzokNwuSinzdjcY,0,0,,
8AUp47s8HmZsH7eNHMKnFAmJw5WMnJzSZ5hzkAyJXm8a,0,0,,
3YBrBLiVYMjkqxZtHGVN9NKKxwvwu5A9C2ETDgKV3u7w,0,0,,
2GcuiDTNSg393qYfGuhbBNJTfk2JBZzGeQXwnE9sUvL1,0,0,,
FnVPD3fRutXcibEHDYP1gv8kuYJx2SNCi2EizcAsR4wN,0,0,,
6eQ5a1qhn1v7Q8h7zYHZrfgeAKrVgN7RJgty3ttth6R7,0,0,,
8wbKU77rWVmpfejfXxGVo5H47fyRQHkpWxZnqUT1Vjd3,0,0,,
FLATmVjYtxw8boB8NoJ3NLDNtPcu6QuXyKtD1igLLG6P,0,0,,
7MvF6sQKo78amqJzWNQBRn9X2jTm5VBwtycDYEpuLJq8,0,0,,
CCRJohp9bfQdhZCvCe7MzUQuXMJkKBi4XCjUq3A2YqN8,0,0,,
ax7EjwgRaerUacfCAptcMnkckmf8Wiee5T9KLqSzsF6,0,0,,
4TWe5RmM7TLLgApDX3339vHL9qRt7MKyQb3CyhmmD2AF,0,0,,
Feo43eRpqmey89Wgfegw9gga9fG1gCjzM7hpEvVqEpko,0,0,,
6UR7z3UVJHNL7aWZT7bM6uPJAMf8SiHVZryNStCc2p2m,0,0,,
GTWVVxwGSSHfpxgcPLMa7Ka87yeXBZDoe8NpNbNiP4eZ,0,0,,
B5Fvzd2RL5ctrmFsvDafXiNGbBqbxapiryJo8JfoSEcA,0,0,,
2KHyeDjTZzMotkDRRvVfa54B5mXYvbXTXAmUQxomyvD2,0,0,,
CgwtmvaNHtxHc1os5kEWetv7v7XuE684C9yjJDKN46Xb,0,0,,
9bnKvEK2ymzbrtKGeCSbDtn7Dr1afCQoTTH1y4fL5seK,0,0,,
Gh1jKzmxf95cT5PQabNbfJskkQU8kQ5UugfpbHSnPq9z,0,0,,
8sVcZnuJrA9DitMBc2V37bYe819bMje1zGmME9zCRJRi,0,0,,
gso1xA56hacfgTHTF4F7wN5r4jbnJsKh99vR595uybA,0,0,,
5s6QeLzSvgTUxbNajgobGpKHN8Au4KA7qTo3i1zPjZfC,0,0,,
3b9wtU4VP6qSUDL6NidwXxK6pMvYLFUTBR1QHWCtYKTS,0,0,,
ASTpA36YaQX4ucE8aTTWeFzECg9fms95GY4jJo8SKVPQ,0,0,,
DMTvMNWBeDftspDnzzMFW47TDTnNU7BW2d2Wr9Tb7qf,0,0,,
ZViNy4z9dquon7AVgr6neK1RCohTRFH8WTUMUsjhWhe,0,0,,
Dc2xxMeCWK1BchdWMrohs6u21mqopLZpsreMFaNbgTD6,0,0,,
DPrZ3nCpT3xbFdW4rYmBK6jp6XnmPgauoXEqZF6MJ2ch,0,0,,
46viNmU9mP8LLSFVPiYsqAfv6BwyDuXuoifoK2K5kT1B,0,0,,
8LH3QMo7xkMJx85Kg4pfiQY1g1ZgiVEe1KktSpaT89mP,0,0,,
Co5AqyxfnWHME1eKtq69VnWPvwfriBmZkCyD9p1BTN8X,0,0,,
81vHEkv4ua7EAiVVjZmK7UKKiwqHYWRTjxzWRhtNN2Ur,0,0,,
4SMsH73JfLXpoLXpZweAMvBkpJDXwRgM8k2JeaGPdDoY,0,0,,
BErvMDyF3LqFvc8kXo6KxUcrQbCkC8Me33RizcxN3ZF2,0,0,,
AhtwpttJrjTYacnfgpFN25KyWL5Dmztkn3MQGdNJJ9ny,0,0,,
HdGqCNNaoZE9UsZ9V4e5tVoAF2gXAMrvSD3gMW9MPPTZ,0,0,,
3MmZuCDF9D3JjP2bsi2RMZHBULtV5ymkCbE455PnKsVy,0,0,,
FvHhfbmPE1fkE6ojAWJfobXEQPVqGR1y5n56RrjBccWD,0,0,,
iJF1cTU4YFzNhGSBAwDnQLiLN6etSJf3dKLdqk4rewD,0,0,,
CcTe61PTM2A9P2AW1sennPhvvviEHhNpqX1VJ2jccGCf,0,0,,
HXGAZLSLLwSQnDJWirDd1DxwoME8qG4KisPzuE4Kq2Dn,0,0,,
48ntzCLdm9apLbZ8JV5b2s3teMZ1ij1XqokJiqiRYmb3,0,0,,
CgnTSoL3DgY9SFHxcLj6CgCgKKoTBr6tp4CPAEWy25DE,0,0,,
9RnzSma59bUb1cqNzPuhgXKootMSEJLcXbxNfndDhezv,0,0,,
Ba6pbKXsMPtMVCsUvEK96MC8UMQjhokfLSHdT38QNWyR,0,0,,
bozoPerkdbhUYXNtePV56wP8wYqhZmMzTTtkAXbeKeM,0,0,,
997SHeyaSBdancshLwyMbzvv3C2iuEXXxFVkZjxXKRbg,0,0,,
Kz1csQA91WUGcQ2TB3o5kdGmWmMGp8eJcDEyHzNDVCX,0,0,,
FTPnEQ3NfRRZ9tvmpDW6JFrvweBE5sanxnXSpJL1dvbB,0,0,,
GmY2Rp9t5S4yD5jhgJrc47VSAa6hQiikkYi3sr9HLNZr,0,0,,
5MAYDfq5yxtudAhtfyuMBuHZjgAbaS9tbEyEQYAhDS5y,0,0,,
bQ2HDYdcyBAp4p5hgUdk3BtP97VoUZEkc1ubbBKCkdZ,0,0,,
BQXDYWZdtXqeLXFWYeRhLrGh8gcTmDQZQc92ENMaXSry,0,0,,
credTHXbrCuzmy4M9ARGvz2JoSJWg8LByPbyXBhNyz7,0,0,,
4N1jUSd1WLj8zu5cCjNfqUMNt8HwYLomq4T6QYzPV8tV,0,0,,
1P9o6iMe76qCtUMk5W8rCTfRiSTJiGT5bgVt2Tz6zji,0,0,,
3JoNYDWQVBCu8jexSWBfkSvQ7EgqsjotJCkZq2eurff6,0,0,,
GSSYHULZKxHAwKeY1Jpv8DuqfyznkrFS2qd2tEDdXViz,0,0,,
AvPuZwY4hyzXUnXUBwcGeymT9yDPhPi7dzK1oxFrZTm1,0,0,,
STKidREo3SZe1jsUKQQ7qnvg2A1fppnKMgcjLi6vjik,0,0,,
FfpyoV365c7iR8QQg5NHGCXQfahbqzY67B3wpzXkiLXr,0,0,,
3K9HBbAviWBx7CQZ3dTWxfE5XzU8bYGm9tUhjN2t7QoQ,0,0,,
4CLSJ56yG6Dtzcho4DUZqMC481WAZixuirqKeqk2Zzw2,0,0,,
3vTwbqEZMD9Hr8WTfEFwhmAL4TkvNq7FDb4UBjVYx5A3,0,0,,
7CwLEvPjxER23Uvp3AMm4xR4iMqcjjBH517kjwfuQsnk,0,0,,
EMgqamyr5EhGD51x8eUDSh9uoYpnzc6yPv3pNAbjCG8T,0,0,,
3Hai8WmxbfbUbqkcLqhq58s2UH2kp2kypo4EBDx69gAf,0,0,,
DZD9zB8zCXfB7gPPRN5npYLRWFxD2NAmAmRi1vNhRoTZ,0,0,,
3S6m2BsoSBNJKXUtgmSe8bYvxxJRcuHMTKeRs22oWkoY,0,0,,
4KgV9LRHiZ212EeukE4s5CatvxsGyMJWwCMKrRU3EPNd,0,0,,
4D7kEovLBEY3VQUzJUQjXyGR8fAZwQWSxEcsP5Y9nZ6S,0,0,,
8FktFPUvi73Ywf7ZivsbuQFyQCqZUwvqSQ51hNvRhR26,0,0,,
9fF7mnyUkniCrNFDzbwfFWSEfZ1FdpC24cq2VPpwEho7,0,0,,
HD8vYJLGHU5Ha9X2mgkvEf9NYjpDowBSivjoP1h9gJBo,0,0,,
Fm3yG4unz6RBVyHc85LRWis2tK7sc1CJGwNARb1xJZGY,0,0,,
AN9fEaX8s9ewi8uF9DXJKSvQ2S73uu157JAoKwdwjCrX,0,0,,
4zw3SvrsWUGBMDa2bAVV6BV7Ycg4Wk5zsrsYBT6C6nN8,0,0,,
8oGLKquRtjM5YZAZPdU8x5g11y9c3E5VWBwSx2UjvKYw,0,0,,
33enRUFdUDj2deYT28cJyhapY3bQ15xMLH6dqQC9pXeJ,0,0,,
D3YCvxnDeot8RrGhgcn3PkRdEz8tcvam4yZzigx8rUi9,0,0,,
8dpTwsC45MdUbqA4mYMYB28iDoEuQjFS4fMgBcon1VCY,0,0,,
3ZFnigCAucaQrSEEPWVrcPXwggqQDN5jiLG45zX7BsKB,0,0,,
5QE9fJZ76YDnfuLT4RSxjZGMMD8huDgyrdevFniQ6Ak6,0,0,,
6yLkQJhjZojbDqYE6G5Lz3pSyc4HKU1Jidu6U2dzR9u1,0,0,,
As9Z9kai7SdFZNY5dRCd6TCRTHZd8TzVrrq6BV2viYb5,0,0,,
PhiLR4JDZB9z92rYT5xBXKCxmq4pGB1LYjtybii7aiS,0,0,,
DTmkNJVo61vvrbde7rsPSuDxGBXX8qjhKnww8MhKXobU,0,0,,
FzoYRdg3QfT3jEK7R3yExmoD1jxvUsJWyifTBWVKg2wJ,0,0,,
2u96qr1PBu1MoW4hDJVaZXNppJSuPnJLxbVJ8UnRho72,0,0,,
DnRs6ofa9LPdD47b4droFZk3ipJ7iXT2JfMxi65cjHhU,0,0,,
3XKesr8RnUfVQoUazyDjPhjDpPYR3CAkJRZixJduKHjd,0,0,,
EMGU1ZtAJaT56CTMsRfuP6xYLtRapf5xj4N4e2GATboc,0,0,,
5GpbXJog5UnwrtSxUWSEfrwJQqfXm9qUy8vFhTva2GZz,0,0,,
BdPy45P4Sjt8bUC2vCzcJo9CnisuHW69Nvn4GJC8SUAA,0,0,,
DFC2LKH1v9AKvY7HoNhyEfjtfxQTcJPpZcVbFZ7ewkG9,0,0,,
FBXcr2pPFJ91WsiVaF3taibukV25JiDN3AuSDNwpWP88,0,0,,
2C9wTVA6rwxXwYSSHYYgW8NpiHEKCLpbUNKnasv8CzJp,0,0,,
77nb2ic8wtVCP7XWNA7feWDSnS6TaisjGPNosfo9o16q,0,0,,
ADFBeL7niKCmvCHMZWcNzipbVXcPCgFFGG4K7NW5FfeW,0,0,,
3AxSRPX2yBoc7z4VHkZfEEgsWw2wWfu6X8oKRXZdSmZQ,0,0,,
FGpqb2Rqct35dKiuGZG6pxCVmC8iMVQwC4ynK9A6uUoL,0,0,,
5KbTjYrD2M1bWXiGT4DcooE95RAoRetLX6HhuUJvMEr3,0,0,,
BANSscYgoPBV1ECvgaPiXBU4nSeerk4gQgTj3yDeeLHY,0,0,,
CGiaVeGHUUVzeEp8GwL6Sa2uXDtT4XyTgyiZtNCoNaeT,0,0,,
CBM7D2vqpwBEkp1DQi7iGDvQF6Xwrmki5JYiSe8Gdeay,0,0,,
68tLCtW4FmEaL3vxUAFbh8UQJes4hGRYyDSVvPiczXyg,0,0,,
4YweGGpSCnDrtPnSfgTT3XM61NmyKFwPaUEesivBjmRD,0,0,,
AwVNdGsJespZZkU3PRHo73zeVBRT2Lb9uobeX8iY8gcW,0,0,,
8Bpj4TfFVRs6Qboq84iadoNbuqZEyf5bEy5hs5gjFrgX,0,0,,
CHLDnigXJrVfGMc7TdN9HK6kam57FMhaoNWpeXtMtxPT,0,0,,
5wEWXn6r476bR3FptYMicT3Hds9g1C7mSQfQBHnLtfx8,0,0,,
moonCxryNXoYjxzAXhrgNPPbx8SQVxjSYtLyGVzxCLT,0,0,,
viA825XuC2KNNPitrhjNqvuPvFhbQwSHCe4eLMp61td,0,0,,
6cfmuoWwwSQhjbMtfxRQ9CWQSrMtyi6VfpJwQEoPeiTT,0,0,,
BfBmp94zN8vtc3LF6Kbvz2t7RgAtCpPAphrDAHK7iMJ7,0,0,,
qBo8aDLgHaic3byqjdRWLWiNhVWaxMYXUtDKFdirZVz,0,0,,
Ap4mgosRwNhYnvoEm8zztxDd6u8cb3TczdMVuXWGcTq5,0,0,,
AR3GNBwbvcXYiBULWskn2ZMwvJaH2JGcY7ZtYvKErfSF,0,0,,
7XJ9YjcZS5yo8QbLEigwpFKHL82BL5SV9eTEy48LF73B,0,0,,
57Pu2vR7QzXQJUjyPmiFCTtqVsTi1wy6NReWSLah7Pic,0,0,,
C3bwM3HpEPzNsY5DBfZEcXywxyko6mpRAVFNXMzB1Mou,0,0,,
4kwTGKCaSdrog9YAzbKEepMdfb6TbUQCm7gkUospcubb,0,0,,
9xesZvMhgHmRd51Unw1jZxsEJpA9XU9utP1y1i8SMoNg,0,0,,
CRYPTi2V87Tu6aLc9gSwXM1wSLc6rjZh3TGC4GDRCecq,0,0,,
J7MDZaFXkokfRPK4hgdEVeFpaC2RozghxQrAPThnbSEq,0,0,,
9M6LTzBwxNZYpp3qZJQegXFvtfi742nv1P7wNXjJX8RY,0,0,,
6YaSRXPfcYgB5m5CMUZiS22G4J23rZoHaodWsLQqvbSt,0,0,,
5zuc14SdL6jxJ8cqN4MpWgKF5VNDEDtzvkYpfUUEgGfn,0,0,,
2hqwJ2ApqW2G7MixyUSSwXH23Co2FL3F4ieRzHWLCxJB,0,0,,
BWhPgeNo4cxUaeKdC1wRW2C4UFntJSonPdiefg8WNneh,0,0,,
8oy8FDB54D5qV6c1qrB9yPFT2FLLF3AGrHBK3HFAkYEu,0,0,,
GgzHjoSGXsB5ynHBndRLAzzVENXaAL9aK7heJoDs9VmK,0,0,,
9yXs2fAt1uA8pSKfjkEjSxR8BfDYJRtsgh6dQY65hdJU,0,0,,
WFNyJMpfr5MqGCCna7FoduNT3Nq6p5ZC7rCHbKCkGnH,0,0,,
9ZMVnwo4AghFwECtjkYST8YxvsKUzr1NHvdaGiWLyzFE,0,0,,
Ewg1ARdQtYMUB7Tu7LrKfCtYSNm2yx2PbhuPRdRV9DAD,0,0,,
dLJrK4gLDcpcmpvU5VLEReWg3ewzHMQSAjcEToXKtkt,0,0,,
wjnmr8FNs2ywrMpFHRqynKFYQE6Lb7PzVd4EbmEuRru,0,0,,
Xurp8tV79YgtJWTCDHAuaha41PDHxgmSm6eDfe9kJxf,0,0,,
37zU1YwemPZJ6yMZ5PdxHAga5dAbAm4qWZHEy5LzB21b,0,0,,
7GvHCrRUC7888vuG1fGjyV9Ta55Qzd6JUBKYpq7deNFZ,0,0,,
Cpd4NJseBZTevBXkYfcP7BKWwMdaXv12aDWvdHZmksP6,0,0,,
6C7fbXrVhntHkaLxuVd1ATvQFmNQ8G3LsAg7eEMc79kp,0,0,,
9FvHTXPTi1XJz64gUep25jx2yQXDjuiJoV53hU6pDVuo,0,0,,
Fidrn5wbTenaXXqi5gccDCuy1Evppz8JBUECMAqaDeV8,0,0,,
5hoeYVzorgwajruJXmBwhEPXHNVRAJsgNfr4HcACGxni,0,0,,
G4wALNWUAHFo7N29x4cs5oFwbkd9WndB8kKWz2bwN8jA,0,0,,
a9xaGcDRtgyZQCBKVCRrkhAHrakh2fHXRfPQgiw8ajo,0,0,,
4yWW1kdksNVvSBXJeFVFsWSAREu9PuaHgE9RA2FHaL4B,0,0,,
uyMzSMDDpxuHaUbYLcFTFEWgke965ZKd1BAFpvwEXxd,0,0,,
6obSYZZSLJcn1Q57dmUWqUUqv38SPXEw81ByKJbTa9ND,0,0,,
3FW6knnQEgsMhpEEHJuuiop1gGtunEVub8e3Aq9A7r6L,0,0,,
EDsczJPuzLZzgR58AdYJwstjXVdAHZoBKwCHAixtXKii,0,0,,
BRFBCi9FhgHr8LicVB7ciHcExPKqm9swmNj4jS8oP4KQ,0,0,,
7RRzjD44vZ2bXVV5ueWb1Xc4AepsUipj4nnPg5V2uVvb,0,0,,
J39SiMc21133mMNZ5K46Z4ZwFa2oQrKHBh8iujqckdxN,0,0,,
FTuwLpAXahDmKh4P4re6xJMXjucNU3BEePXbVnrwQiXA,0,0,,
8p2BFBq4kbqSXWZGUB5LM8Mry8z8yKWBSdCzMt5kFSdf,0,0,,
E69gzpKjxMF9p7u4aEpsbuHevJK9nzxXFdUDzKE5wK6z,0,0,,
BEQYZBmL9BV6jbdm3mLTUHnccropZF4aVLm7zoJaoZx5,0,0,,
CvB1ztJvpYQPvdPBePtRzjL4aQidjydtUz61NWgcgQtP,0,0,,
24f6CsTwboGByNzeM4Br6E7BoMDsqTCpB7HTEUkk1G3c,0,0,,
GCNJBtyfk3XWwjsmiDNdXGDYvBDeRnzW3vuPpxAjhAET,0,0,,
352NB9VnRPTcsjRDQ2ntKrA3FWUsvxkF7rY55x96PUVj,0,0,,
82tEcDdLcvbRhgNBvCjZ24UnqaTe7PDmXu45M3sCCB2U,0,0,,
2jP1kLZDxeKN2JKmasAuEka3hcNPWRmrRJW9NDJwedTu,0,0,,
HN2c61baefjrthuxWWvoCNoV1oYZf9KKh4agFfqiddqS,0,0,,
LbwHsNT5CBAyzvims3gdcgMZ4CXYfYKvZGrcerXtVfW,0,0,,
DTHGmyK1nkeTdwFgi9qCkTCVaTZVTvB3JemorQyFGwxi,0,0,,
GD4T6vk4gtmvNPB5FRfYzNfNVpSAhEJhWnuevBVfXTG,0,0,,
7MrvXoamRQBi7J3QFK6jHhLGZC4bZDFbmzZucmZN4TWr,0,0,,
ABEKN5Brca19nGyqDuwMsrBeTfGvg7KZgCgZREWmAxMr,0,0,,
2RuaDUgeHV28Y5eNmAWFsxZgPjrCLwE9DjWy2TXxjZ99,0,0,,
7X2Z5GtXnX5Z8oyMQqmKUrx6ApXzhFLQFFhQDzpZXr8d,0,0,,
HmQhwWjG4SkgQa3npAcWGSoDsehyaQoGUpXcJRaEdKaW,0,0,,
3wd6UEjNhNRSUdvsrSMybGkKwccTdDinYqjktqth6HpT,0,0,,
spwvhovbrSaKeeo8FPDma5b24A2krvXyFozeC7wVkuS,0,0,,
FoGWAR1naR2KVqAXdmTJCf3VcseGSztUR75hddzVRApf,0,0,,
724ZWv2wMjCZFMLzRygniBL5zV5kKX6ZSBqnR3W2tGsS,0,0,,
9zz3V6BRK5Abg8DebhWTjyj6r26pSLioB4dD8scFaEzY,0,0,,
823qFrv3yvJBGQZDPFEq4xoLFx3j75qcBkZNq6mnSqdb,0,0,,
CLZPzPDy7Hwrne3gjzm63mNu8PvRPBRq8WRdNctJoPN2,0,0,,
61PbFJukDHWqk3umpBgfKNEqYJXUnsdiNyxdvi7AQGS7,0,0,,
39W9SEpD47qnPNrbittGPiUsTaY3Ca5V9xkiod93YsYm,0,0,,
7n5BPUjJ8447R35BUBzNyA3TeuoQeacogwni3FY4FwPM,0,0,,
9GzYuWoJULW3d5SswDbu2Kh6mTnqm36xhLmZm45EPy7k,0,0,,
8sHrYZGirpFMpHGrYKgQh7kJ75Ue4NNUfKhRMDbzVh8K,0,0,,
BxR3kL6bYhVsZ5E743sWZ2cU1mYRSUookwRXRh7Z5MGx,0,0,,
BmxBtwWQJJCKf6D3oZ2hRLMoAuBErjBQrdiH8Aov2Uy2,0,0,,
FMSyWzhDZ4rpF5Zca2rWA9rirYJUFtXQmRYNfMUHUv9X,0,0,,
GXVs8xyVK9r9f1BHQ9aFdr8UQ5mrVpzY4Hx5Z9SXkJCi,0,0,,
J3csFMQU5egZUSMa1riVTtLsFJ8J2h1nEQwnHN1aGPUM,0,0,,
EUW5egPzjaG1KznjdLprkq99RQmkT9iWiE2vToT1xi8c,0,0,,
Doggoyb1uHFJGFdHhJf8FKEBUMv58qo98CisWgeD7Ftk,0,0,,
2DZsiEXn6tVZdmRshoqRpyMNGpXB7WEMLFfQRvos6pcR,0,0,,
CuwrYjuFpbNjdmBzN8QmYb4w9YaPJn8yyapDcZi29J3T,0,0,,
4vVwNaUyYWYZQb9vuM5zcPbyAZuoG2pZwgwDNzRUff4r,0,0,,
4tTjXG9ke1q1kjRsWw55AQmJZLkYVUq7QU9GrrAPpSQb,0,0,,
GuA3dNvcWfDra5VY4QEYx3SpeRkusqTwLJKcTccAWq8p,0,0,,
G9Go599Ra7iauLbQ2zcQadtMJzC3YyFnk1hZmXJ42QKo,0,0,,
A4QzFRtB5GUWQSRwogUb3z7FAe7Q92QwQmGBfS5MMQat,0,0,,
5hm1M7J5R9TpPaUWZw6T3J5e9Kdjmk858bBsKq8wrUPN,0,0,,
2qcvsua2uXtZ8Jf52MvXpUzs4G7EZYaUiXzZDrshjYBv,0,0,,
4ffwHUh8TVGo6dqxyfs4Hxb2CWncD6rTWY5QBxX45g68,0,0,,
EnvqkaaD1uD4LLFute9mqZfATBV8nbAdBeKsff1tqD8R,0,0,,
4GLPz5g8GihJXghaPevxQWqHQVu7vZs2gJKgayHNctty,0,0,,
8m5MaotGRT18bJrVXrKNcA9Q4o8wi588r3dXDYnZsHXs,0,0,,
7GqG5FNsf687rRZ6GgupApuxYTUCwQpfR9gq497aunLE,0,0,,
859gWNWe1C2jaedu6DmX9y9Rzq4HsdwWRVzjxyKJepXm,0,0,,
3vgnATQ8ec2DAvpN9kxq6MEDRe5bqUjLEyXnFzDye6ER,0,0,,
Gb3vjcHoT1SyzB6k7CnKdmq8dsDpveVLz15BQCgdzz5y,0,0,,
14BUaxFDoYyNv2dfyDmpBqhLpUZ6qGDccmnq1boSPBx3,0,0,,
FAKzAzZvdbfmkkrCJjV1srE3e8thJ15onrJTGwA3m1Ms,0,0,,
AaAcFfUMoQSRXpFzG8WBUbrHmU1xpQF3drdB4mizWBg7,0,0,,
5TYbjEPRnDKDekpA1FtgKJKudSTUwjjmKxgcjb55YzHG,0,0,,
G23vUKkw2i3wLJY6EBnmLVJV8p9HbvmukMaDx4CPZU2A,0,0,,
GJkcpmCwqQKeeMGubyx5iBHMZSR393GU5cmxkv3rEcMo,0,0,,
CSaQZkuyiW4YSMi2NUZiMcMUdTNyNMCM8aggBiyQr1Xk,0,0,,
CHKTPHwvHiwcjZEsQHVfQsb3Nbx78S36LEja7tTUU6d7,0,0,,
AnY5oCkCK3SAhgk4Kojo8kVz12RSvEFdHR3fZbuu27CC,0,0,,
EvY7SEHKYBGDkdjmVyNHVN67i1hVxL22q3mCELGohkBD,0,0,,
767JRTMNHq2ovozu5Td7s1XJoacxBYhYuvXuXiazwbca,0,0,,
G4cxssrsvGYNpD5k5Eo6fQ5V98K2nJXjEqJVZN3Y6Bav,0,0,,
LyKgmXqJ1iskcJ7Uu4dv9t81wM4PMqP6VgnkdHUmfKR,0,0,,
CnQabhL8EShgA3wtfRkPrtgrQkUwV77c8NXGP5VjkcW9,0,0,,
EPK6PNfPFugk6n4UzFzCjiWq6GrJ3SQzBWfQNxsmFPuZ,0,0,,
2ni8fSPxjEHv1HUYkPkWL2DX9hRycTTYC9eqBCgdW6vc,0,0,,
DQGqPkCv1iyq7UKi3uVRYcRY3hrobUdmG9srAuSCqX3J,0,0,,
GHDmXNVhotN2u6oipF6UQVRta8y9PVmMdn8E29RACM8D,0,0,,
EGkx4Chk8ihP5EBstVZKH58DUA1eq6KAnmJHhpCwih9y,0,0,,
5cXUPNNTh41ML8wLqdkBvAVTJRoVGStYqRxjmbryAKVf,0,0,,
8kGam7QBXJufBDHL978LpbY3eGmSr8paYRuSPvCt3xi5,0,0,,
8YCwcqVWjange2uv6ba5wZ1qH2RLUbk7hMkA5L2x2uXJ,0,0,,
F5YoLUB6JMe8naaveShUUTKEoi8fY2mCtdFECXgNaee3,0,0,,
3ZEbVJPUmwsL6FbbbZWLXkrtGkN8xxcJdy2JfzNiVrdU,0,0,,
9wrfdsAns2vVBrzKxwZ7ZSjLLFfQtHCo2fgV41Uzw39q,0,0,,
7A4DPNz5rUZhHrAeRQ9C5yPivmVVnedJfTayYwrxCi7i,0,0,,
8d7HvgyrxnDJMAgPWz5ossekzYC9zHkRHjPkXeLyQArr,0,0,,
GMYCE7cULB5KLXL3Em86doN78UMZiwonNMtczRMqGzr9,0,0,,
BJVJfCKkrmsPaBjHjBHQ91UfnBGQ7QexTV388EPRgbz1,0,0,,
Fqd7GHGmfUcPrFW7hvzofaBXx1vd5JtpNL9HqZJXsKMU,0,0,,
AA8fau3uw4rmzghhFUCHJ6YtKZ67YTTSWie3kwSyTvKu,0,0,,
6Y5CgBSJ3BxHs4ywDH5LtwxgUNvpcnY6mVRGLW7gmpxj,0,0,,
9kdLaLS9r8uBr9EdF1ubyuadMCBuNaPTZD2FE5rzg79H,0,0,,
9AWg4quJAebsj2iHPfzS5pCTNXsM2QwimDzyRLU9v7gP,0,0,,
MewzYPct11u77vWqFuozUoAMMww78XUSUPouXw35b3D,0,0,,
54pdaAYQNKSUGK6vokwdspqFqmK9UcCwZSWDcnyhJnbF,0,0,,
CXu643Ddp2MvSs9tgzxS6ADfQL9hcnCQprTX1uudo3Ag,0,0,,
Dm612ubJyQip2xMmBWcUUjnikZwnoH89yindKZpAZrZ,0,0,,
2kvP29UfcR4dANBaVZvRapRbK2xgikbp62nZ5zDSMsG7,0,0,,
E2sHoGJU4w2BBUgbSrT7ttLSicmhVsTTsSfyeiodWrWF,0,0,,
2bLQxmMGS6y1WFBQ53Eb7S5nn9yxRUDwCc1XdHMY4N4G,0,0,,
9KHgNdQLFGVhVrR32N2TKyyRdtZuY8MfMKqaF8VsLPe6,0,0,,
BFLCWBjWVVWnWn8B3C5CqXahaSYR8BNqm2Mvwwb3a4z4,0,0,,
3USF6YabqSqF5nwtbDEs3P496Q9cDbEbDG64jXR3oB6a,0,0,,
6GZPUhQtXoCFcdkDgRmEKfSZ1BUqqCgPweDn7UmsmLVZ,0,0,,
Bk8ECinmgSfFQGpAbi3FaDbVjMreJFnVLmSjC448KRMM,0,0,,
G5E2esnx3mr4nQqJDTYPN7VHUJ54kXPBKmckHZ8oCEvg,0,0,,
Gukwv4aU9H6SsDNNdEFQWEERPikfRx18kQxq2zzg1Jfs,0,0,,
EUZivnZipqW3APXGix242UByLak3xHih4Q4xRe2EBYGr,0,0,,
CVqYKxismKMfMMWvPUTEUadzavByapNoBLwnA4azCcZA,0,0,,
9vg9AEFErNwweZv4QEtCV6ATnj9p27ZEb1a2Zm19Thct,0,0,,
3fXSotQK7sb6HEgkyChF1sxJrBvYyJiue3xAwEytwwtx,0,0,,
8bbjyay6SWo4yUYmNiD91fiH9Am12JiFfv2sVa2MUYpG,0,0,,
9ERypCe85npt7BwkaT1pk6TZqbaKdMimvBvskSrbpSsL,0,0,,
J4Dd5SL5RAu8R8mYHL4n7GYUH12n32kcm5NH7g84zkx7,0,0,,
7f1kXXSjRAmubJbDeKk4cVpkUY4N9spziEZbykTHCRYF,0,0,,
CeqrdEx3HHS9QoQHiSZPysMF4SXndEYQk6Mbscn1LS7c,0,0,,
CCZ38YnFDU6XPazEA18znZsfsZWGQ799UyBUDxX3UfJN,0,0,,
ExJyKJL221vuXRFHGMPpHffzvFrpSRyRgcuRaeXXnKJF,0,0,,
ANx2cufioWgahPV1BB654npnyjuofAGiMAWoajLzq5hX,0,0,,
9Usek2XPcEyxcacFWd1vBJG8bXfJNAhp7Wc1GhQkxsoQ,0,0,,
3xNswbEYbEiTLnEuFH4oJbH4AbfZeWq2h9r7kCDa3F69,0,0,,
GS2bYSXPYFPaeok3qw6QJjqMAchqQDeWczhLFJSdb2cp,0,0,,
EVRvLT2Wd7F8EgHdD3iDq3ETZotgPrW3vs9yQoejGrdZ,0,0,,
7vbMGDGDfA9jxpsVyetppSpAAj2rci7Ym7fHAsuU6JvZ,0,0,,
G7qyDKkPcp6Mwd4xNLrx8x7LiczwhHv53KxhCRcaJB36,0,0,,
DGJtagt711WrFP7BbhHNEhP4RZng1qmxVMRaeoEVdNv2,0,0,,
9LdHzY1CZFP9SYgGSzQe1j6BXqtfU5akFYPqnvrYik56,0,0,,
XvjxFReea2qa5NgzKpYEh2KJiBQgpuRxVZpbzrbW4QS,0,0,,
N2bRqFejkbx9bvCJNjbgK4wTcjf219SCv48BZHyGnus,0,0,,
BxVCSZb878wroDz9iTafZT1PREWuuVhp3u7arKd6PjGr,0,0,,
GiKdvdMRc2hawzydeTejLfUjWuncF3rTCYXdr1sXJX2V,0,0,,
7qNpCZmnkgTukfqCFVFBjziXdFWRv2ymPNdVsnN8C4zH,0,0,,
27XiaZ7YZCbXP2UVpq6NhkvUesVvU8ehm5XdYX98aoxe,0,0,,
DiW8M4kk6DTRt3eRzZKYEpgczfD1yHwv2TyG1sTV3qor,0,0,,
9hZeipk5s7VM8tvscgcLvFF7ZmoVcYkBgeScLEKQeoGa,0,0,,
SiX9KZmzb2ifykzgnfDUHJ4qujMjm5MBieTaGpFeef5,0,0,,
7u4woXtiQ5ntr9PkxyZkxNcXybQjuzgyjkzom1szTe7F,0,0,,
nimoqQ5ipMNvoCLdF97fBXBMc2bYX9FZKaD55q2eRsN,0,0,,
4HzPa2ZcxQ5XX7ZfbNF5kkWC2TXNRffRNcUajQGcHedq,0,0,,
CRjZ3G2tpfa8RNS7yyyDSvUK5eR2G7Xri1UDMcN16ufK,0,0,,
AiBJMLUEGgQvyYBkBEvJSF28XtYBSGBGrCfMRjheqCbE,0,0,,
D6dbQqDAFf4gKHXbR6kctoLviVkZtp15CPxSpZJdow6d,0,0,,
5PmCoVbSG7owDsH3Ks2RUvDGUtV1QLP9ecNWs1APdX8k,0,0,,
DW16URexai3pEvBgyjxdbzfbkKtYSsXR698jNYbktA7R,0,0,,
8h98EVtek9J66j9Sx9fJdhMYm3fCUUyxjJ1P4Teg9CNV,0,0,,
4NRqEEr2qNL22FvKv6B1RdAYer9wWEGy61N8t8tA1MKk,0,0,,
5eoVcY1xNtU1sXArX7PvRZGy82ySz3tC8ETvTPDRRWPM,0,0,,
FDHiQCk6UFrA3VXfuFPkj7VBJ1G4J8SFaJLvGcY9ab2U,0,0,,
HpKf1RJ5GH6JFmxkvHWPxcSbXtDfphxQxgzy1RNsZ45r,0,0,,
EyiQWbYF6brqhZBFHYJGBTYc4BpUfExJVhrhe9gCvL8u,0,0,,
bee7ECZooqshR8expzwbXyLRxTYMQemg9ti6HywR21A,0,0,,
782NaB8W1Jxw6c9QZka3cheAUyzPEZ1Reu9SMgcKLsqc,0,0,,
GGJDdSNZyKE2kMj1nbJTxgAdXxWV7HCqyHEKoxtZB3AE,0,0,,
2UfXbZHf8XVqHu8visN5peXdd54QejL44imPanhVYhcz,0,0,,
97btbia9bUSyC3MmfAVqwF4wjgkSUbHpJZ1sQtrGxhnM,0,0,,
5GCcu3QenDidjhnHe7BsfJQhZgTnDLfmmYH44xuBeejr,0,0,,
CerPjkbzZbgeqFXTi4jraZSo6Dtf6b6Y9U56ot5wBM1A,0,0,,
CQy42wmsshmMSbFtkmYyMsGyhTs8iGu3ZMmvj9AB6Bcn,0,0,,
DeDLWyzdBMqnYj3yKpyJoHu8rsQnL7GPU8S4WKWjx5bs,0,0,,
DsWC1Kz6qyZ5Yx3nnLFd8k4EHvYzzX7snH6c4GigNVME,0,0,,
BakjGVBKvd8jdpdgm2AHxu7fEeThvCzQXQdrAhgT4NFC,0,0,,
HE8hHZao4RznkrJW6NQ1YhHJV8eC9PbbjeFqfeteTWoh,0,0,,
BwqFDrEEEgteD5FsoYPTVp8T7sF1gLkgxkpUoaWTaK8L,0,0,,
CRowAcfK8r3TkEPafxYbBKtiDss3GKHrwa7oUkC2wqmW,0,0,,
3wZhfFJG2BcWm8eePKRpX1Uz74Prcfk4SebhdDdUT2Ez,0,0,,
84imYd7UDRHDZm5457tCZyDewPaQvmnB2inM5m3dg7WV,0,0,,
JAUDqwJ2NQhnpHuxjxpoGzBfRMFdzf13zfN7KmqYmjmz,0,0,,
Gogd69oH43hJKV77zvSCVSyRQCoaiZcWc4RZpVw8ACBq,0,0,,
DmmjXKUuEFYHzRTvSLUN9Lxgqco1aZrsHywVLpsNttSA,0,0,,
Daua3qncmYF9NkezGRGMfLCri3quuUABjtG4CzQw336V,0,0,,
ntwSm8uoxQUu4FM4or5qSMVoGT6BKYTRwqpFcSG6ucv,0,0,,
CMQgkrQMkX3MUxJcKV2jah8hy9YEGzJn5ZjxJg1xQ1XB,0,0,,
GnAtCM3CtVtyWUbWdWYZpAMGNgmvretpQj3ZV5TrSydd,0,0,,
ErHPHT43h4ow9ijr3A12ZbULVhCqcDJjvfn9vixkSnh3,0,0,,
367FQtJDX8FJP59QGNmnnFB5daoa7fhN8cXjKAtvT2im,0,0,,
GPPZcfRXhhD3vYh1Y4gbJuvGFYwCitQWiigLn1AX1ywp,0,0,,
AkpSUiY96Q9CqjqkpXCViXae2pNBaGseKpnfJA3Xmdwe,0,0,,
2sCWCTwbaaDuAqLxevvqRAUDrywfcEPKJ1C5z7gKdTiu,0,0,,
9KKJn599tMmXHQDmxEWcKBBPLryFAugFMmqyMU9SZMg6,0,0,,
5Asu5Z1trDuWxjfBzu6UipxWC1fAt1XsdSxLoqyFFeri,0,0,,
F7nkPykzCgR7njFPm2oa1nPji8cehtLar3CkbZcNKqgZ,0,0,,
7Xqm4tUGfrgaJaMP8qyqoGi1LYVyoXAJbjXnXoqh7gBN,0,0,,
6AZeYjs5cvTL1T9NrR5cUZjDyP7GPwDfM8cgkTVMnqdM,0,0,,
C667hgSNuynfdWFZVzhciy9VLTF1QFBDDEWz4a7hc93Q,0,0,,
GPpsTnEbE7S5GZLoWBbVZVKMNds4fcRQUjLnGvoxbkTp,0,0,,
AnHqAAsANUr8CSKCzSNMxu88hP3o3o8zQ6F6TfC5NQpS,0,0,,
F96APKEpvsTpEcAD95w93ja3TfUCWWeQ6DzE6wRGm5tL,0,0,,
7nQ9pxe1ewDfKPx4GMDqQ15kJaJfaVWD5SRTNLdvsAZy,0,0,,
8gJvxgTBkbzYbeegYTyuAfMP2FtUJMhJDzt6WhnSQcvT,0,0,,
715ATuxKcEBCEJq3V8G6vy29KfyNq6KMBwinX6Lvd9gb,0,0,,
EttKPwKFGK95ATgzEz9EdmCdWZakhBBYtMSFj2qq1o7P,0,0,,
14n8NWraq5oeDi7SdtmFbQf8UXKTDqVc5rSjTEj4uRBL,0,0,,
EERa6DQr7TNiK2tAXoJSTaG5QcSLFQ7TP4KAKu5KBoJa,0,0,,
Eacz8hKaQ9XcLhe5vBYVUtPFgHpg9VGDHeptRY48fBgs,0,0,,
46CHzf8svropNQQtHTH2iiZMzPVjx7FHtPLHWoJuNtEP,0,0,,
88TcVrTXq9gqsERXxdpTGsqUcBhtvf9J4EwRPsi1xSQd,0,0,,
ChfvQpVosr169FqddyBXAYHFSHHGLE6aLThn7eZfEeMa,0,0,,
67Qa6nrYXsHWmRAaMbd2HAZauEkzELBoRJMACqesMG2d,0,0,,
BiVryWQGdGQaGodzGRbn7QuTuthHGHcZkCtdo9BzTBPn,0,0,,
4yefrNPZadUbrAPnZZpG6W364sABTicSMSZNTDHtfTrZ,0,0,,
a9ubugPW6xrL9T5N4Y14KMUyUFu98DGgE8TCa37mEM4,0,0,,
H1KGh3mgxuxjc5rEe54vDyVJc9vD4cnsrWNn9MC29jcF,0,0,,
DCX9xe5qjqyqfg5LVzFKgChQE44tdJnkb3joXwQfPyNs,0,0,,
X2m83B2T6y92qcq1am2z3FKXCzzmKNVxUGXxFWa7x8c,0,0,,
3QZFt4AXfx7Ei13kEwDPyDjXSKM98pXhM5SQBus8v8Tq,0,0,,
DqgvicVcQQSZuA8ue45yyqFWZFZyq6UhDwvqPoD5mUz4,0,0,,
55pCq4bsk6oEY6upk4kWbPuAErRvh2NWrwrPMnAjB7oB,0,0,,
EQLBdcu8hjjvxunQeuX5tV3sgnLPiJuaTHbggBdP1jrw,0,0,,
5bcynyurfAaZ1undWzjZgPKeo9mR1BKTVy7Snq9UoG3,0,0,,
ECMQTZP5rtoTwF1kx46XHdiZ8tryecTvYi2aRoi8cErp,0,0,,
91x9ynUqF9AvnyTUd5qw1evbaVmxGoBL2nRkB9JEokC6,0,0,,
9gedGSYWkU4vYdv2fbRW8U5NLdRkPARvmR9xMVaG2BAL,0,0,,
3SMLvNpKRGDFW3yN7LQg9Z3rX82Ty2VYrqMRBqu397BT,0,0,,
AgZQ5PtJNsKfQ3hj9JCoUmekabuJirby7stM97sk9ZEy,0,0,,
BWXrcGe3EaCAsx77ACTVZMDAftf7f3k5LSxxdHb4MNJo,0,0,,
Bus3xiEqK1nLi1SwdqvBYbkWe252sfEEBfNr6LmfVzAY,0,0,,
9fiA3EveZx5DbYqqQvMXvEuWS5Q8nGvAcasuCAJKtXp6,0,0,,
7AmX6TaEuR4s9ccpZxupE8modHQzVpFLBYarUYiR2kMy,0,0,,
H7rpCk8v26tLQjDT7h83sj88pnWJPP7u2KQ7sKX8EFCo,0,0,,
AL5Us3jz3Dqwo7D7VRMn2i9YgFX7Dr2ZbTchczbXV7D6,0,0,,
97JGaUBNVbJwhHj55i5Neth9SmBHsMNM1ZhEA3cDMdu7,0,0,,
CQvATemhw4NBWWcfHW27ZiQZHbtuPfjUj4LFg8Ynb1Dh,0,0,,
5Mck7nKPhUJHD3mjwZ49xB9QfPDCjw3fV8Gw9sbeCRVW,0,0,,
E4mMRDxufFVhsR9bmjL3e2Yyc3Ew5UnVFqTzKh4LvoRi,0,0,,
7rYHNNU1Quk56mzxXxGiaTWV6Hb1Dh1QNUyShVEdi2Qp,0,0,,
AHahTiC9vXVxNLfhyaVEXJDatotXA6oaLwCR7shgwcRv,0,0,,
7y24dtz4c9CcGThcxtuJV1qaApX1DKNjMAo86JUB86Kb,0,0,,
F6hhrsbcyxYPcYPmGsUhFkoxdJYJ2a5rdmDQMpcJkS99,0,0,,
A3CdxJY5duRPkcPz49jFEiMErAfixYcXh4WsTeLY5mw5,0,0,,
HEBQz41GHckXgCaVcdb42uKHxANy9qkiCM2qxZxev51y,0,0,,
99RALPWmCLiARFcJKdNR8BxyheBzHsnMqVScCcLy4L63,0,0,,
sMEANebFMnd9uTYpyntGzBmTmzEukRFwCjEcnXT2E8z,0,0,,
AUJ5mcaveNRRPH4jWk3hVA9NsW1HJoUcmsfGZhqepc9i,0,0,,
41YiabeMMHHsX5fS9qRUnhZwF1V6XyuSencLXX63vwAs,0,0,,
7uwBRdUTNtmR8gjuNGHCA3dyW8WZ8uUnrDFTF1spEEKa,0,0,,
DCcikeEkzDNiYVw259qzpVBfXA1WLdVFGfycNudKSwVN,0,0,,
Biu18utCiwDfmLm2PPZNdPHUk4tWLMLfYGdbFLQ1efJU,0,0,,
LQcYCLRxbD3KQE9fwZa1AqzGn8YwFtJX2HCCxuyG3D7,0,0,,
2h5VvRhtr4gfABnBAj4Psa7SYPADLfU3qz7tcPMqBHyq,0,0,,
moh1tKXXKyKLS4MbPvpbehjsqqVuYk2kTpTE8npPYQJ,0,0,,
EjXXbYMWS3z8uegJyD868zfmykQ5Gv5rY7FjFEBA5En7,0,0,,
7qtFnHT9Y4e4sdwrJvEKgNLsHQTpdL3qJdxfW9JG3Yf3,0,0,,
AbN96t8zQPZRRASxBDzsHjahECJgbYZ3jDx5mBcm2VXp,0,0,,
38QxcSje8YSkFx8znWqzSHrZK1NCEXzk6WPuNpFRp58P,0,0,,
97F4Dz76sGeSr6wVp6kbCBcYEi3W6KQjRjdzqUdwrM7K,0,0,,
7f4bGxsCt3w92LoGCAGhaeRgo6f1FuaB8pzwwCJPMzU,0,0,,
Donkf7DiyDpmdEZFe1PQoLz3nMLrVBxFbsf6YMkVoZrU,0,0,,
7iAMEe9ZFqi6eH9X8vcmF3oWp26KigntYAde86FQkCmZ,0,0,,
FaAej9Me3UzmR4ZRACtUYHSNrP7XccYfvq1KmnbTpa7V,0,0,,
2GAgRFH6RjdVugcgaio1TCGJ8cpJjoggiQhHDNhNs4pT,0,0,,
CATMW9p5ao23o1iw2wjFNpyqzbP3CqBFuLESa3e1ZGAE,0,0,,
DyT12z3tnUokpy18XdKXQNxsGmgUzAA67JUPpj6dBRtd,0,0,,
41jjajy6UdxKXS3qa3R6CosADAcwKkpCfkpsCazAFsFN,0,0,,
3oP58FPwM2FmESeYe9Sy22GrSHPDcF342xEyYBCDTNux,0,0,,
5NZNNuqF72ckrtnNokLeww5nFnD5Rxd59m9LpZH89WuU,0,0,,
32qASM5pLQVd5hyupNvGvZswsrirKnfdhvTdrTvhhMv6,0,0,,
69dbSY5YCA9f8PWQg1fW8RGUq3KSw1Cry9JYjuoRzcqc,0,0,,
HC73FYUm5q6eoHskaSvYrGwnSN2DhHXmDbRvwm5Pn2bq,0,0,,
amm6AmHwyK5kwkq4VRJJK9FKYUWWQGAXzG9s2aDfwks,0,0,,
8X6DcnTY5YsqoYqMU6mNHA4GE3uiJW2FZFsgGisQFk9q,0,0,,
4RshpRny8LZWkThiWv4eeeL6hLDwQjFjAGSHdmEjGf5H,0,0,,
HhbU7gvT26b2Wi5QGRxerAuZc7uRksVPRgz5LdUB22wE,0,0,,
A5FzPP6smgHkHDhkRbTqzZpEDYhpbhhhJ68NqZAbZCEX,0,0,,
CAx5tP9HiuNJfaVQzGLkYsooaypY6Mn3unUMt7EScb1Z,0,0,,
6eBB5AvZs2whwB2UKqfDkKH4sSLVh3zqBtYMHwDfLKVE,0,0,,
4usFNGgCeKkw7Pq9TyHikVvTnLHEQ4jrQfcprC9gG1og,0,0,,
EVbMxamsw3ZKafmuLBuGsqBP6ie2bMeHcqJQjR6eCr9E,0,0,,
68e41wVNDfrKaCBPeXtHnKEnPRoMMbawy4NfDeYDY5Y5,0,0,,
672fCgkbu2GgVRPktWgLBdT4g2fW2Q7ntfYHppefkAuC,0,0,,
Hq4jqgMgvfH7e9axYHTVBKvDXa8WGBnq54m1W7EHehXj,0,0,,
CpVunwSvw2q7arPwPxPNp1ziWVoQ8yjqQVZKzXWgVTNw,0,0,,
6Nv6BjCHr2EDaMuADoAyLTUsmN4Rjnpdb3NqfgYy5f7Q,0,0,,
ERc4gHV6b54fzYqb3kyJ4yEmvwxUN9VYn5s6LYzg3eLD,0,0,,
BJH7p2LouYuFP7RqaJc8FMMDc2ESsNjvzQAQGAZLBMKT,0,0,,
CF1JquiHSrzRmTVdyX2hKTWm9TgxvH7RBTuyiC8jYrLf,0,0,,
F5QAzRNKgCkeoJ91NjV2kJwoSUbmuE591713C2F3exJF,0,0,,
2JbxqhacCzsM71sahTBzEZqPqaiSdCxpLshVKfXoy3jC,0,0,,
REPgUoFM9jFzv7LxVvKfSHsQfqRRt1fDfmgDGn2BmET,0,0,,
CDQVTphjsnm3Zra9N5PSdH3YPFpRvT4PtHPPNnuU8rC9,0,0,,
6kR3sDKjLTwPsFmq7EuWb1r3uPuiHGU4QeXJ9iPazWna,0,0,,
9hnuNYSeRhfePFpTczp1tdPmJ5WSxscQMHktN5qsMGhB,0,0,,
4pSo6Ekucyvme7tzdEo5RFVHyhr6PJo5LBQW8xyGqrVr,0,0,,
5WMSb499gB1iPMgeP7szJ6f92Ww6EdEhg9KUVipkFh1d,0,0,,
AAPTBaTFp46M8xkxfuEt3eH3R3JFjzN44HTu8puaRRud,0,0,,
xdfcvTn72cFH9hFJpGeZa7UNYUWrdG8Maq8TtzJJD9t,0,0,,
WTFunN4Fx4tuW18NG47dDRHsH5Hh27tGmipGXmzTq7c,0,0,,
anoYZ6rCsuRL57MuQ2X5RtuLM9ejQn5QrYG7qXkQqPT,0,0,,
ATfoFvFbvXTv43sVq1qvY7j6Rb5V4wVpTirP4kSRQC8i,0,0,,
DfCqzB3mV3LuF2FWZ1GyXer4U5X118g8oUBExeUqzPss,0,0,,
8rGXuisDvcLGN27c5oyf8JKrpaps2NCD28emuyCGXPRi,0,0,,
9DeVcF8bJQprsYG6VSS1Qp9BZTDPNG3SAxxxZsTTDB91,0,0,,
7BT9CJGkVryLH5jRdBzUAqa72Mz9z6sABwBnx7a6ttiY,0,0,,
GH7zLj8c1GvR4WECEaxUq2dkj4DwC7wUuK4Ch2qFyWvU,0,0,,
Bv24sgtWvqoo5M3qotRq6DCkD1BCs54HWGh5RDSqVNTn,0,0,,
27FZxiHCiRbhP5VvG7mTxe3wgZU6TLZqXJNYUQGSczbb,0,0,,
8vhqqKUtrf6E8eA6hyzSUWewkgFZJThMMPQqhxDhonfe,0,0,,
9yQuvZMbmDuSvnQ3U2yPfZqNJFYGahp1cAfMyxDe4oNs,0,0,,
3iXLzaC5j7Yzfv8siT1hCRJ4UVkG3yrW6tXXiZLV2qTH,0,0,,
DyHTvCU632EuBqYNz3e9mrnKtAsQaX4UNdng1BJeFtsW,0,0,,
9iiq9TqWhXY7TPyWPsbGejCVcboryfscBTiV6th4NYMx,0,0,,
4xGGBuyz7r7ps6Kb2Xt8Nh7B6hcGxTaC1pYvcxXJ83YG,0,0,,
4a2wdB12aVZERMCqi4UUcgEFsD9PjG6PxmuLPc34uWq6,0,0,,
D3QLHooMoUFndbr1qGWFp3P1X3bKggx4NZQcHb7zUZso,0,0,,
8bKtAveTLsJLHoGnSJuQkboVmb9wFQnMNBY8mvuf44wd,0,0,,
69o8DtMZ2NsBE5Q6pYCvWm1crWG5VnLFJyCzP4AQsxtg,0,0,,
8h6XXjJ6rAkjpbA8issHC1BrKbWry6D2vRzsUyWouXsn,0,0,,
8Kji1h6igtHfvtKYkzkLc3XN2gkGGaXys393vwu7dkQL,0,0,,
3wXWSEHD2FbZz6ZE16Ge4o6ux2KBdc2vB5p2XTFpcFGk,0,0,,
6xgdxrjikhUFtXqbn1FaTKZtV99mmzssf1rvtbAW4xPo,0,0,,
7V3YghfvdambZngEXowimFBaG7jUxvcDsd5rRDUyeMgY,0,0,,
Be9dPMYjnm4TWA2qZBJ4yqjYbjD6P189xeHyTaQmx4rQ,0,0,,
DsBZB2ApHSe5yYQ5mcQTTxeTCofiP6Ebka2P4BV7qY6i,0,0,,
A5MDcNLDyw9i17TBbDdwLD5jZk4LkQhxG14TWbLDwQQS,0,0,,
5S41hsW9AMhv3C86KQUV7kNEkWtBLLWb9TmDX9c3BGUh,0,0,,
DeoP2swMNa9d4SGcQkR82j4RYYeNhDjcTCwyzEhKwfAf,0,0,,
FNMLmBPkhh7nBFyGHsdrmCuvgEf6ygpaVqFejimHEx9V,0,0,,
9sAhyH4JLYrqfUohdRpUB5hs95zDjGDjxZiJf81jbKCo,0,0,,
CeJYt3Z3ftkPGP1GdvtVwKjdrjsFMtJQ16tEaYkqk53f,0,0,,
AB8xcYVLAMJRyyBExiaXG4VaaKgfcFZU6bpRENWrPFtF,0,0,,
H57XM1294uWU6jVZEXnqmBgcxzmwc8qwajYES3PHkYGU,0,0,,
6SoTgPcqCcneoC2Zm2FhnMgMfvvYTR28HkKox7uF1DQL,0,0,,
A5Him9JpQuzgj4jQMjH6aa9noYXXBnoE8agypjJ5XD8v,0,0,,
ULKgf49HDpKzy9GjNeiytUSPBhA4Kyc729jphWoi8gq,0,0,,
Ceqwd4CSGBZnW8PHEexBQCAV2NDPkBoSqheiKR7gzELV,0,0,,
7Qn8ZF9MxPKGEwFioLmrL1dqZhyYiGQ56hQ25R5rR5Bf,0,0,,
7Wd395d62uWqmmS657WLXkP51THMHDy5MThcc5hYj6j9,0,0,,
5HQSak4ewq8kWQcHicBJUTYUobE62h5HoYbJGLMkAUgr,0,0,,
pkon5SPecXAQuCLK84SiNSgk8req9UrQz8DYpey9bgr,0,0,,
am7m7NdYtpktrQmL7GJCXw8vRpyN5iuCWuyvsycGqsg,0,0,,
AVYRVusL33zkj75vhRD1WrgZPt1preAoUZFunvfNeMqV,0,0,,
825aoZHMEm1pXgnCTBBhXiNTcLHCi3WCJNWyHJAPqvtD,0,0,,
DfkHx8jy8P3KYayb6bXTeRpnpJYU58iGsLqHiUVYEU3L,0,0,,
C8PLG4iizcbx8tTXurq7m54APrCFU3uSXnSZgyVoZbba,0,0,,
crkmpqwZzK8ziSTKDvcmjY7Ug9NKSVK3Uyuy5YCW5bF,0,0,,
5kk9er3t5BrRdX7F3ayUgmHwsxyk25DHFMkvuAGqPB1P,0,0,,
5GbcnHWKhNuu1Ai86mL4rt8kVDAK7s3qZUyDJMMarmE5,0,0,,
61QegRDLtiz8o3dNu1wvX8N77EeTdD3XpdcYm25QmQER,0,0,,
6seNM6BiTxrEsaJfBccPmqwjBF6kKqsSYVooKvZbXykS,0,0,,
7b5SdujetfNqvsoQZcfMER2j3UJmPT2MccVavERfCU9h,0,0,,
HwBM6UDVertLzwH2xWmTGYbBWT5XmJTFnwrWqwsPbiJH,0,0,,
8jXA7ub4t3gZrwNdsWgAtVTo571X3mk5n8HNJDZET1nv,0,0,,
56kuK7V85xruo9b5KcrCVvKhiRRtPqSPdgcN9wadq77Z,0,0,,
HYtdDGdMFqBrtyUe5z74bKCtH2WUHZiWRicjNVaHSfkg,0,0,,
CrTj4fWjZgKQbeWat1cAA52oPD1wBAzpHLcANFMwBYNK,0,0,,
CCWjy9RSt1wn5J2xvpufyBGLtPJ2S5KspvqsJxJENmmK,0,0,,
2myg6g5ga4ADSbv15ABQyzwTcYv2iveJLPe4N9EfXsmA,0,0,,
BKMGzT1xKWXjQRKLsbrbiE6gNe57FwysJZGhLDYkavCc,0,0,,
E9fqv5YQ2qWi2ZKJ5z3etwb3H4vDuPKoVscPJkTgHZAi,0,0,,
9pGwUA5fnZvsCW1gozXf5FVeCRcYaiZPjVhYcYmTBx1i,0,0,,
6iAJz1LtJNUgDy9pTeziFQFJWAoqhWKFvScbK92B5122,0,0,,
HgMAKu4h1XrexvPZXEWJ1PK1hBA9xoFce5iWRXs6ksq,0,0,,
87zEDcUYNKu3EZ9PBCQfhnj9BnRztgrp63syZa34tw8k,0,0,,
6tyj9VBfpZpoXsz2czodbcA2fbhKH1XoGmmTCB2SAHkX,0,0,,
CJe7suzdCn5nB9KZ8Jfckre4KMRpd3VoqMWbzExUUg5g,0,0,,
inuXXDC6Tw1Fu6qUAfRbELG5x5pSA4afTskf7MvwjhN,0,0,,
k9YKC79xNeTywDQcqFzN2ccoj5Vjcs7JCryUoyAFW7M,0,0,,
9ThwfwW6cM8trkjLffoKqCTeB3Vj1yTHVKCFa1ioTCoU,0,0,,
HtRT7uMPzmkCPPGxAWY23852UA1BNyEBsnKtDvWiZx6u,0,0,,
4jWJJTFbxMQbhqc1ZJsZKBqR5GSYceSSLWPec7jtw6fM,0,0,,
JC6WKyEFqPMzcSQy9unvLvz7UPYxmhXDXkfdELKAJMbJ,0,0,,
5GgaFQqvuL7WTPAhk11vJukbuVef4YShZDpbPLUH1YfL,0,0,,
5r7vsbP24VaVzvZ3W2YnwYdGMmdpSsGFHA2mCitPxZev,0,0,,
GNAu3X9Hg8KzogSHiAtG9Re6NuqQg2AgC3NVUt46Gfkm,0,0,,
7WQg9RoUJ6Tux6tYSBpUicKjU1mN7wZcgqgKPUyc7Uzo,0,0,,
6HDScvZ4wkNm3nhfMMFs11GR2vDf4aijKDuvMLUjBREW,0,0,,
AvVNeR99EzQ5TbPNLiEgkqHqBQTtqMgTEdPmbDTpSXnH,0,0,,
98wCT4dSjpS952v2de54wtZFjow2sFyGtj5eP3SrFkNG,0,0,,
9Eqz34Ffr1nCxvk6oTJcco65d2mWwX13szDzm3wnHg8U,0,0,,
44DiEpG8vD39mqJPyo49n821JprmJoQjENCwparFjo9D,0,0,,
9RNcbSdUHnitFLSwkouVLvoeksTMaYD9RRT6kAebQndN,0,0,,
666XKjhy7CLU2vA1mDTxhG5qoFQ3hwa4vWL2s9knPtBs,0,0,,
3ruJEAXs7Ji6rzU15Mh7a6H4JHWZSrPSzN2j9xq5ojKq,0,0,,
seesdRrVekavUkAG78nQqKyszkCMZphg9uE1UdouEWv,0,0,,
2QGkyRQebL9FNvCKaBk8eAtpJQmB9Ljx9kYKFZKTbSKy,0,0,,
E1voHmbjaw3hLP8xS6wCkKm7hzYkBLNc4ahgU1JEfGot,0,0,,
46b8npgvRAXwTiQ39sHTf97wnur9yTYRKN3sUkCcgqwy,0,0,,
8N2ji6Dzqx3XdfMSSkWaKLPMbmiiWeAu7hGtYFvGzdJm,0,0,,
okaxuoDnpewHyCoYykiNX4pmJwKodhWxVxb2tCuGxMy,0,0,,
9c6DcdjWXQWsKLcnMjRVZted8VHMsR67NChXTRzLWbvg,0,0,,
CF4hXd8VwXtC42wgcN6Kwf2nq2HnC8RJ2eRxSyY98C4Y,0,0,,
3fmk5K9q6ksDgw6MbKT9MncPsg15dU1vCRmAPjAg5C4F,0,0,,
45wWiR3EXLaMdoJ5PmPHXhP4T3iPbTWnJCn4u6AEJRNH,0,0,,
9kdZFWuT9mrS7GEELHfB7gdGM8dVfkewhmQL9rfH8b71,0,0,,
8eWJazPDFrCXoZAbSS8brn7zHt29x8mkmw4vAxG2jMJe,0,0,,
AxgptyUDeR4WY2RehLx9c4RsgDHu4fnTyH8P7D5zs3LS,0,0,,
GkwRcznUGqYp482XLHQL5Nx3Gj8U369xAwA7hBUWuJga,0,0,,
6KnqT5fH9GdooJHMETBnLxsWYye5WZK3EHfMW7ySm4Q3,0,0,,
FUEzmB1uxrA15iRYehnDbB6ThvRcpARDsEDVvHhmcWSe,0,0,,
pwrEjHnbkKV1XwMBpYhwCex7Gz6KUeEZm1ocR5cWVyS,0,0,,
devsehCxfVytb7XCmwVYHtgiCx6vaJ9xAaP4TG1cnre,0,0,,
3YstJtwSF5jXK2Vm9XrVFq48MNjZp3ScDETwrgDpTAct,0,0,,
A2coponj1QdoTtssux3GBwgtWs21uYaPSEx5Qspo29hx,0,0,,
DvjiFnu2w6HeP1UKuyEGMjVpJjCPqSAQVGfmwJKwjSSM,0,0,,
25PUELn6GcLWgcvck8xUG4BseTzZKHSVdkfHuxV1ej63,0,0,,
8nd4heHDQ4YyrkZF6jgRgK74Ttvgp14GjDuUUNqmZdD,0,0,,
FQB4sZuMmpeJJi5Psaoq8XNNhp1kRfQk28NqNBTCjMY9,0,0,,
8dz4gAATgqK9wS11K3m8CHdiT5qXHu4Lm1vLxR6fpRoa,0,0,,
APJVmekywLrBR4AcPo7ejPLHUZtaBhDKCtJVZfA2UXoN,0,0,,
6GMrreR3erysCSDzHhzGki4gKCqU51Y22GTUGPQ3dwzX,0,0,,
SQRLun3b9puz6tqEanXMT72vhzMzvDfTVgP7bRTwx78,0,0,,
7qKjNh3uPTtckoNzQzLvwoq8r71t3EFjW88TRAJtWZcb,0,0,,
GCRZeGdEKiBqjwUu9pqi1N49q38evLgyLdiqj2gJcwmz,0,0,,
Bocm5HgDbEpwLCXfXi931WHs9WndvzFsk6cdU2fhiJFq,0,0,,
DK3MzyQiybSS9b7GneLtNvRfEU9oW8Jgmvm34kk87XHs,0,0,,
8gpGWLyaT4azTRGxuspanjjVFE6iyhui8iso96Cs6CKT,0,0,,
4Bo2VF4MLf6uMnjN2h72bLfQrnG65WonuhphJWDgzRj5,0,0,,
77N4AkRWbDJ3d5c7zYPauayLeK3y6bLLvin5d7o8iymc,0,0,,
A8AWmodVZ9dfQrXiSvJKuFYpaNbzDos4RpeGVRefpkei,0,0,,
EwpgtEqWzAAWQ2ZfwjTNtgQzYGGkrXV7Mh3wWVVuxM3M,0,0,,
7yTD8BYCK6XzV5xZUciMFXFktLhfgo6YiUGFEyWzFfw3,0,0,,
Baj2ueGuSwdKhdCsJrf7xvGBbUSpmpySYewQLbsiNs2Y,0,0,,
BzjsQpgKjxZedFawUV9GZMExhr7VbvsasQv12v2PVxSt,0,0,,
B28E5aUdkTXiFy9VngEDwpJCM57svRerWvtALZjqHdHS,0,0,,
GkywroLpkvYQc5dmFfd2RchVYycXZdaA5Uzix42iJdNo,0,0,,
9MeRRafdi3J2x8n19Jkoq68eeJbgJ8ks4pQSUcW2SBdp,0,0,,
2svGwRaZvR7Pz58UXkCz92y5u2bYbQw5wG2bUTC4NH1b,0,0,,
Hyd9ucW2bjRJaRVztGxE2JGQHAmt2Mv8qaJgfWP6D6RB,0,0,,
tuf4x7Ay54ZKqALMTAmXEzwb8EDukpznb7DwztaAM9N,0,0,,
4DsyGLJFhykeF8AgP8ZiTq1pK9BfAXk6EQtZz4c6rshj,0,0,,
5AmJzTHrCWMVy1XiPeojtJAFKnfAn7RFxGs51k6gATky,0,0,,
DoxMEbc9EMrZNi3HwBYsmRrSUXmCYtyFLbt1jVeCDk7y,0,0,,
39LMfVRMUGXmuM48HWkQfkAhbHd6vP2jygaXMjgNoP4r,0,0,,
3EYBRzGPtB2iWZiL7nDUhFeVAAGySzs7HyqYtv2wwhmM,0,0,,
NFh2cJnhfqRNveNhyxDCoknWbLv2QBnRh21xp4MSGpM,0,0,,
F4SjgUSDx2XqkiNzvX74ANRTTGCWGv5qDcShF8HtMMqd,0,0,,
G7ShEqeEmPogtqEWs8CLG2t6dj1vo6geDzokpckEg7Fj,0,0,,
9bwuU1SBPnQ6rJjtKknuby4so7BRxTSYEjGbA3AhNqax,0,0,,
EVwSh47k8GEuVGbVohtTe1dhAaxoUoyV53m5Qi6APu3F,0,0,,
7psfaL7hYJuPvhUH9nwt2vQCWQQ1mAz4XFBx6mc2uRBe,0,0,,
9hjbnN7sA2yurQBcLi3iUpdt3sNYeBrkC4gqU5jirmHo,0,0,,
2UeumFSzhiA7ZG9wpLeDpAATsTtswDHeNd5LHJZwtNiW,0,0,,
7WP9aVyW4oRqqPJCd1SfZJixe61LXypJa6ackWr9WazM,0,0,,
FkDtXvDkPwVPTg5BvujYwXvPDuHLKZYqqYt1ZrjZxMgh,0,0,,
588rSHjKuPsGBdQxaS7NUE2ksz77CBnDY2LNH13Xxxhk,0,0,,
Moonk4e894DffcK3sVMgj12kcgV7j1WX2PwKSVTJz8E,0,0,,
8wx6LZt8W8YMNXfEsdo1zwWMJewojwx4UgQCjii6vARg,0,0,,
rp85uwVRamKhJFdzbbfRuxQPRNjkajUpEpNuW8PyLpH,0,0,,
RLNc4iVszKLR5f2cGYSnfhQphinSxACExB27FYGVRpL,0,0,,
6LowqMJ78TZt4GuG3DadsARPuo5ew5oZaJE7kUNfJosC,0,0,,
2QNad7g75NBLUUUCzQFn91xb1Fte4ySESsy86My9bkx3,0,0,,
NocR9eHFeUgAhaQcPVed9giRKiSH7bXTJyuDtxu8z4B,0,0,,
NXaGb5sqrBUJHXSoc4BhcgniqxQPWRJCMApRd4ns25J,0,0,,
5QGU23paPm3N4njRCErcwzecwevHBWSY2DX5tqYbQDhz,0,0,,
6qZJwgYKDvx6qnxESNGjKSm8oRqnufU1Y8DBbE1ExX2g,0,0,,
BQwxLV2tLQHuvbi2Wx17z9GY6ppNEhwEdbJ7M49stS5z,0,0,,
CdHuVnPwB7V3CmfhWU78nZ1Bk1E2BmENoftpBH4xd48V,0,0,,
EQZTrqkWGHYeH6KtnxdX8T2cgodmMPjB5hVrSGyt6RbV,0,0,,
3k19hzyz2WgnM61FVErvfYMR89ZSjwg961gCWo2zekip,0,0,,
2WuHDANnd3Cu9U3myTe94MFyLqRTnTrnbjHD7KBeXqoR,0,0,,
GqHYtGJ7TqeDMj15T99uWbhQB7xChLTk3aHHfsaiszM5,0,0,,
Ee6jueiZhXVebogZ7Ud8tbtL1oemveQEkYsPerLFcS5w,0,0,,
2FMmdmQtYfYkPBzJ94wJJvRXeXxJAdbDjsZQFsS4iTXo,0,0,,
AgGU8dwqBVWmTSJAC1BfJHtCJ8QRhvLLG8AoSuLfvpLq,0,0,,
F2KLkd4grXbQEqeL9QkLRedfeCSdJZPo5brWjrxuQJLA,0,0,,
DkoPE4116p572M6GASnZWSgPbCzKjRqK5F8A8iw3wbJ5,0,0,,
E6GjaLSG8iu8F9rLxsnM3bFWmDxnpUPJc3T9xDKgB2Xp,0,0,,
9bKBL98pXhnrizAFpLqrwadU8CZm41vo5aioBzy74cG7,0,0,,
4ygYcUgAaHVUXo8NvBGYN2VTjYvhdy93XGYDzDKXukcq,0,0,,
FXVqvT87YqYQW5SiWsstA42QwrPNtzG6T4ff6k1pS2eu,0,0,,
6XLkBM9ChTFHW4gtREfAE9xdSJrcu9DuvrmCMeHmcCDT,0,0,,
6vKZKRzDpG65moHYk5qC4APLed43Mn1Eh9VkpWVu4suy,0,0,,
5NZ6fDtNiEqDHgN5gHQd6mvhEn36CnuYHyt7sdPy28Cw,0,0,,
AyCGUcA6i2z1kfBf4Wygao9ksFppiaCAcHPwNLUVsGbm,0,0,,
HMCduKjoghczzBL8yNHosnhi7sw9Ty5FTZCudfHthbp6,0,0,,
BcmMAnLvcRfwTJ5TLMMwGvTEyA56EJrcEU9KL1BvWj9A,0,0,,
2wN3wRcqmyFMVBJwBAd98EsxJA55mcejAhQL24dcy5Gq,0,0,,
3unBDkywjiQ9dKmKqQgMWeW19hp28rYSumRz62U9cJZz,0,0,,
3XJe9kn4xqKpX94DB5oRz6LvLv3zfqVL59SQs7A19mcP,0,0,,
FCUXUxLzPyDSPNM3JGquTnzErbEyXrZfDUC8KpwaCUu4,0,0,,
7bWV3RFC2wbte2inyKY2z3vmMMtm9U2YU5p2N6GKjLbF,0,0,,
7E4aaZbm1TWk6H7Nndjo2iN6uvwoQQGMZoUyZMxT9KkN,0,0,,
Ekrrtj9E6i2hg1zHtkAKxkffmDs431Lqd7JQueaxVWe6,0,0,,
AqCpg4YjjwKf7CSgPiTeXN6n6xxCN6pQktd2sPaSwbLr,0,0,,
qjcvK8ywTUBjyQPSAjuvGDzyigdH4RUCqj8XDTTLxFE,0,0,,
G3tRJHBagYNYMEW77b9pPY1kSYvGKigGncJUFCfPg2Vd,0,0,,
21haqmUnLhRJL3yactAgomrNYtJbYVxte5tn2Qb1SZiH,0,0,,
9rF85mtauBgHASkGMA9VR6997ah2ccmsz5boc4xCJcA6,0,0,,
GHAhTrgtYW7jRkojQQWPGkMbmG5jGK25QBu6FSj5tvZ5,0,0,,
Dn1MtYmGurDpxc4zwCXgymCiK7h1dLdq5Ur3jjmrULe1,0,0,,
6KdKbfRbqD7bf9jo9DNMPyx7KiA4gK843UtMyzoELE5Y,0,0,,
DjqDsqR7fa9RvVbXDQLAGCS2gttvvN73WBBxRa6GE2aM,0,0,,
22uAJCXb1HRs4Nzm3mhMkCALqjfMsTLt1wwPcDrkkxbo,0,0,,
ADiGqh8ecqAtku2ZvwTGB1XcR1mFhdysMBcmiLL6vPg1,0,0,,
2jKFEg9ur2S5Qc761CRyCwazTbr12iPNzNRrCGvxtLGn,0,0,,
4Vak2RjmxSoDsAFPBGvRNnxDEnpCNNB4496rjARRvwDo,0,0,,
2g2gkjm1affFJo76A9Lydq9QNBPhAHaj7xs8hFnXxh6L,0,0,,
DoggoHdnyYR34pHexaW9y9xTL6TVvQkdBV1z12afKGU9,0,0,,
5pDmjYkuiqXBwztvcuVVnjpZLcvez6kFJRtCoBGuxwff,0,0,,
24AE9Zcas6sjYe3CJijb8AHUjYukKGZGCEo3TQcQ4v8b,0,0,,
3q8Eh9ne7zJbMhzrjvnbVMrnR4s89gWPCQ97K1bsRmNh,0,0,,
DtMWU5Lm9DzrnMouu93UWb7t6v9iVX5RTPrKpL5MBT2F,0,0,,
35xzGQ9zED4UtEx3uvagiCuurqb2xmZ5pGDZisZyhgq5,0,0,,
6UnfSK5KJS7WtxBDgCms58n26Xkwba1W475sGhtHLbud,0,0,,
7BkJpos5hfGNfZHtQaqr4ctXZXnsZUDMEH4ZqtnsjghP,0,0,,
EXFsfYXeM9Ws1HZjGP8RhAWuJ1gZs6Md53STtd4EJbt6,0,0,,
3GNcsYCF8NBFw8mekVmYjudCZwQtRea3vr8qkysTtf4Z,0,0,,
LUSHqQZX8DxXjGUrEp9Nh3U6ym7U45srgqrQHrE4NX2,0,0,,
5giw8czxfWvmZY2wM2P3AB92kfg6zfXvWFoXrPnXFCuk,0,0,,
GAbrriBHpABE78WN7HvhyYhkMNsRZUu7sA3bnb5bS5ge,0,0,,
GpocFjLVEux5sLNWffVWHJd2HL6LWwsT9qqNoVqQgXoM,0,0,,
EqDta8P59L9iFW1NWXyDwMWGdn91iNfuEgSUxvrL1iAs,0,0,,
3Cnts4BygxVM7f2Phnsbv5TBJH9V5CiCL1KH2jQCKJTf,0,0,,
9QRaBYZzV4JjbmCyxnV2PwBRdDQYKJts7U3o4ztzgNpL,0,0,,
8o5bxmN7dG6MJL8rF6BqVFTwcjxKcQJmxriK8Drdbfwi,0,0,,
Dvfp8Te16JizbV3Jpw9e4c1VtrAHWjTk48ZT9n3JPMrx,0,0,,
EkPJSznCkQKXimtch3XXFVyEbXJe3KX65G1AzMJb8vdj,0,0,,
8SPqbVEzeLnCuWVvukE2mHGKP4X86g3D7d1x86LXdkVX,0,0,,
BzY2yoAPi3tD5xqVqEzrSPu5CSv9Vk7V2fsjJAQLqLv8,0,0,,
FgRAorAkVzxwe9JHzMoGjAmYvfvoBUFEmEakxRAPj12X,0,0,,
Gb9WGs6Cqm9Nwn7746Qe1ZfG2Zd8tJknnvs7wxFsDy8,0,0,,
FxH1q6GAyvcdejKVAM5AKkLtKeZBUnDHXjC5duhawnP3,0,0,,
GDfs6uegJEtTVB2ATdvtFd9oNN9qE2xgyj3w1eRXMZx1,0,0,,
EgWqaPesX3jNjjFK4ndGhcgqazYQAMJC8tk6ruVFaw3k,0,0,,
7eCthusgzsJTk5DMGMFRukPF17bBzLJHcHMStv3BPEqA,0,0,,
88P6J7JoQGQSXGb1Hp9BiNRR4vkZcbPmUpBKhTsrB7ND,0,0,,
GPyzPHuFFGvN4yWWixt6TYUtDG49gfMdFFi2iniTmCkh,0,0,,
BAEHRPk5PAw7YH8fmjka9DvQgyromgbntQwaZ1AMfXWr,0,0,,
ps87dKpGWwx3JW2hDJzjH3M6USURB4RxvaSy7eWyHfw,0,0,,
J8krjuvYivxBguBtZVjHKuMARMNH2bbsNV5qx1Fspnni,0,0,,
6pCy1fgVXyfV2YhpN6pCqJioTgffVCPMC9KHFCQV5jGR,0,0,,
3FGHr12eCnnTfu7yWPEd87TqBQPLXaAKNYm8Mng54ihC,0,0,,
HpjHTqNhBKEffJ18gKoy2bKoXBXfFaJbuiAN46s8ENdw,0,0,,
F5bLyXgnyevLRMNiwmDN7ehE9FkL3Wk5QXKPnToMxy6x,0,0,,
9TEX55xLHtyiLa8cEUfYafWRis7ApyHpMkzi1G1pRXoL,0,0,,
CCbDXrBJSBNV2DUWctm3wtnUGxJijJuDud5JG2r2DhtG,0,0,,
BnLttUL7QCBvFucSFVFeZCQUtAK9hxXf9PpxrBbYVnfq,0,0,,
Bm9U8ZPBc1JLYfEzoZzPWKkcvZJohuyTkXXcs2LMJqZz,0,0,,
3oHYteBEKUPGrk5SennZMZXDwaWQsPDrfs3Rb4x9XM9R,0,0,,
9YnjPhT3ehnLz2e3wGcPnN8oxfqz4EjL6q46q9MRBq6M,0,0,,
AoKGNwX8BHT6JWaj5v45X7p5yn4sGzvQkqP5ftVEWG2L,0,0,,
5raTruYd7sCnoGvb8t8V8H6rWpT9eFVm9NhQoqu3nb6E,0,0,,
EWAPQyjJ1ZxhKdqjFoFrX12Lde5xDvWXvfJjzWCx1dmZ,0,0,,
4f2wbnx3gmtiP49B8SrjrDZFAK1KMesF2on9urhm8zL2,0,0,,
85aftJwiRM8tm4mdtj4TTKP8g1W5A6vyjREmJT6AgvYP,0,0,,
FmC1XPqPSm1hDZbB5sGeCp1TA3xmNdu6Wrv6ZcVbhAVo,0,0,,
2RyxewCYr6u5NzUsUh4zVcwsh2tGyW35XkuhYQQQL2BK,0,0,,
2hH3ey8U94cvcxcaxZP3GDVNPFfgavn3K2mYvkUDV3Sm,0,0,,
V3QxPuKWvrsz6h7gbme7nChC9vpLvH2i3KfYWCGFxYp,0,0,,
4AaNsgDfpTM8KMcBasRbVUQZoqevWfdsaa3nLHZCLLtm,0,0,,
8iAac8X7v4eDWtNTwJ9efetnF9MpzTK6hUCqbB9wbJHd,0,0,,
9NqAqoxR4w4Pi15AVUWmBJMzY1i68vZrtfYiUgWmHiv7,0,0,,
DoGGovZphGTPXaCCULAFgnVjRUrZJxV34kbz3kB25XRw,0,0,,
5pDmiiTWr3qu6Kq4PD6pBY3cnxNiyqf7gP8gqv19f47f,0,0,,
5yxNbWboEaSqkLYngJ3wmfReJ4mvdeSKpabXfkx1KNEj,0,0,,
8wCPeZVPqmygnkdxbjzmtGpHnYwxBGfyKHDiwzmrhC2y,0,0,,
FAAu3eCaH7fGuhf6xD3uzPiLbnnJ4X1MwBEbfPZ78vL6,0,0,,
HSWhDZ8LaWvTjUKur7bDG7fE8QaC1nPfSsN53fzV7b8e,0,0,,
iosLrgdQFkyrquaYxkGGYQmv9LFm9wqPih871c5H2zs,0,0,,
7z2rZHUrZpEfvbB9rWqyz1eQ3JWNEYb7rjKZ1zvgEVJj,0,0,,
DoGGixwCjYEyPTMZB48gSv4mQ6R1QnZhMgp7L8s9HfND,0,0,,
puSsyMkxono2HRjB1wtxt7vgzytENjsFCrpAmXZxbgQ,0,0,,
6KxCkinMgQqZjxL6FcwqTkc5dnr8frN8WK6v95qUFzZd,0,0,,
FC5gUwqJm7rfnXnDTcCSTmPLgBpQsrCzW9hpY4Uz8F8z,0,0,,
22s34JYVovuf7qMwH6DPGcs8nS5Q1hwmhV4ms3AaN5mr,0,0,,
597CaFUdUqU4b31ZJAg3C8D63M2yLMCo8n1QPwiWSNk3,0,0,,
dCWtVp1MGT4FJBq3bsriAGYZC8BwwPjDU2yEWeB3pWG,0,0,,
5k6PnXtT8B9KDChNaNXbF2asboBTHU43gSKimvGVkCG6,0,0,,
CjEzSxHmdVBACnbQStRM58aE3bdLDRG2fHSJvyPFLkRt,0,0,,
5PqgkRiDnJ7vcWosjTSSPfinSnjLMvWa6BseipvaBooY,0,0,,
7ESdxn8nLLTKeJZzLXEB45yYgJgYXxv2dUZTeab7Gjxk,0,0,,
FoQBzgneCqKHfD4KHQ7qAm3ru9B7iFKjRbNBJ3yavJuU,0,0,,
FZczyEZKBxxfjDQoJQSCbbWjShYCqQWAfwXepVLWnrYV,0,0,,
FpTkRgiicomWgP6Nme2oQrWU8wf9WDRrTP2ivvGkewyG,0,0,,
BHLPzx2PzKQKo4aLD8smeesyKfWNYYEcJD6uGz1YL9uF,0,0,,
SbetMBq2Mvjj9WJS2AoQB75bTLssiagK3bcbsNrK4Ef,0,0,,
7xfUjYfKPMB5NZJtVk8koLDGbLCccrcujbdXyDLe9Wqu,0,0,,
AvwWN5bgUkkxQk6pkBJ8zrmEnseJybTueyS7tbvn1y7Q,0,0,,
GZTzeYnyxDdskiM26qp9VhKiAhcS57VskLXmPAkX7njv,0,0,,
J7qUMF3kCZNeWpeCLQ9EPXCUc6E369uB9dCaYz3Qz78r,0,0,,
CWaeJqFbXsZf5R6Qg75kEJRfpb2C77smMhdMAV2M8su7,0,0,,
9njiRabBu8mic6K79Y6hg4GRS89b6RXMoPypWfznyf2,0,0,,
E6R1ejntLSwT5oMWVdXniLhkSGdCPutLsryGTCehC5Ve,0,0,,
2dvAvaP2QXpVRGjxcLomi6FeseGxCfYVb47S6Raoz3du,0,0,,
BzxE73a9MweVSktTbKnGqi2w5SD1aUdx2Yt5nWzY9HgN,0,0,,
BEUxR7HHbNYUdpsNeCFSahkwFxqnewnJ64PGYYCUDgKN,0,0,,
GVeCECteMCeUbPEafEqkzLjZ8RQCbejvPPmyaiXdkEuv,0,0,,
5yGJbrVUow6b3pjiKhBYe5LCut1BWyyzBc36RjpBEZMm,0,0,,
ArZyW4VWC6gc4GcbcrEvTyTt6RsnAL7U3JPNSpRMRRPm,0,0,,
FBCczEei1aiqTfCFx8xkoSoSVTfa4SEJ6hWhumRG4sDX,0,0,,
BPQMnvmWpDpW1qMBcxZJ8JAxv7pBgWZgFeCUeCzpPim4,0,0,,
3jGRBMpCyPU5efhzvBbGkhQvJ6C9ZUZY5iicA3fWuQqc,0,0,,
8HafVk5eBBax4hPsWKfTr9AKJpdgPyCKmU9xt1va7MdD,0,0,,
HsYZtzgKNmdyv6cWA6x5s6uZwSGjoF9qmNfVGiLPFFwy,0,0,,
GQGCvDRqqGPGHgCaqhM6yRVgt24ZqNAHt42M9ZjJkjqn,0,0,,
wihFwarvVcF1zZQPev6Qcwbp6GGEJnJ1T77YWMDFkpW,0,0,,
64S5nxx5NiUzTTGstSXkK7e2PnwSoQSsJfMGPTSUvSbw,0,0,,
53HdND7zMD9NVqNGLacLSPJHN11fPYk45WxAbF2SRoF7,0,0,,
TgHJK9YYh97286rXERf56NH8ZyXGAjbNhmoGAy6GwvZ,0,0,,
49fe3CSFPdRh1eJ3WzxKnHtu89k2ZKx5YGuzYTFMLo4L,0,0,,
4Mw7EEXYPYSpzGcMcm4Qkpvhn3qsq7b7xuPEopu1xjkj,0,0,,
4YdBTck4qDjvrjSrFeZy13up7nLkKynUW9jU3p6zcDyK,0,0,,
Yc8vgaaaE5r6xJFrLw2XsVbB5WN8hccQDrZf95WRDB1,0,0,,
GXYgvX3obVSPhfZdHTXzBKt3h9xviQBLbvFsk6TcSsGY,0,0,,
9CCVnjum2cM9gPEjDuzmZXbJUgxZJYXkWxzDb86tDntp,0,0,,
7pkU8eTBUXNAktst5fQfZNwR8veKEgjE2h5f3jx8x5kF,0,0,,
8qkRrF5RayyirsCshnj7ubcXFHEcqPAfwmM9MhJrLev3,0,0,,
DUuMvMmGjotBR82S7hzHidWLpjinUtwSmCPatXQFKBLa,0,0,,
o4cd7a2NuzvnaaZYFHxah7gAxnTJmqnGNUGjEdfxPFo,0,0,,
EF6ut99Sgcg2Kk4GAtWSiGQdxMUudev4cGkYkNodAa6Z,0,0,,
572aC1NQjzv5s7Gjx9PeLB8jVfSxTpLiyFjskRgXEA1C,0,0,,
F1QdR8eDsmzTVGTvNFhDE27xqsu2YWtksDJRDhiFQRWC,0,0,,
7j3KpXKjG9nBL9tbZHdkCkWTtSUVFPqo2a5miyUzVLZA,0,0,,
4jR4xVLRaq44m6Xjx2jXzvXWizEiAsnDfwtHtmxiPs1i,0,0,,
EzkWgdGGwTw59xPHkULFG3BLctozFCcWM8LAK7jz4oTv,0,0,,
6gbBtKGcMyRtsAvpEaT8ch8EGFyG5AoE4AxBUCQFqcDm,0,0,,
CkD9GDPqME11zrFt7Lk51jdQSuPmP1nRULUWbBYj2Ngq,0,0,,
26dPneo9xaABkUqqn6VGVwjHd35tJ66XmtdBEy3uo91e,0,0,,
Hnf7u3VFoENj31XG2Q5cWUdkCF6A6jvqgsUvopnF12RG,0,0,,
fwLzjUKXD4tG4MNqB9UMfTpHBMZWvamJM8sJ1Fph83R,0,0,,
5Mcs1sXdtWGU56R7y2nWawqBz8E7xpkckRVVoFUYqVQh,0,0,,
9MDpyAPEUSWCx5JrPvRRmnwSVdKtNBfXMnnE7L4AE7QV,0,0,,
4EefHRghzZG4wGRy9qfTQFhcUE3NEn98KvRFrXpWJGHM,0,0,,
CZkZn7s2jt96DR36SenFWcWmQbzGzHk37hQt2hnhqX1u,0,0,,
Fp8sF7GTCdSnvFg5DL6vbTYRa8dH6n3DYAvoiJ4Sd9ML,0,0,,
BUmBdSohsg157R4j2JmLcw6zqXLGicuFXDowvkiQta9P,0,0,,
ADu8zvLpDSMZr9Xy2K91GYWLGLCvjQ5oWddECLwnMshi,0,0,,
DYJYtnVSz1PRBfzU5nXoiHzmKG8tCHFHTYA1KUxCbeS8,0,0,,
H2WX5EwZRHAgiNyQZ3J52F2VfZ9knUR5W4UrimSZURAs,0,0,,
LTxLPN8tzHGuxAaXuyarQDpEwsPZi3L1eMoxtj78SWY,0,0,,
8yZstiXJTVxRGy3VsUvTKgYknU628wPSzgfRD1L4m51b,0,0,,
BxJVZ2LX4xxm3BT5M7jHm3YLjwaAYhsiKjRrrZQV9eDk,0,0,,
B6xFqY7n8FidjS7YfEjLJsF3oWSSyRfzvpjSxQ44jvBh,0,0,,
7nTb6pWLJ6y49V2msR4EZe8PhswSBTaDJpyYEqBDGQEA,0,0,,
BEARs6toGY6fRGsmz2Se8NDuR2NVPRmJuLPpeF8YxCq2,0,0,,
FEh6MaMzD3c8gVar92SdVaGbNZkuUj8VeLf3t9u4nerV,0,0,,
3ZaMF8AobVSkcjM2kQneUo13vPVRKJRNmseWCARHtBcq,0,0,,
9cD5UFBj9s9VYnjAJzYHMybE1ntAtJNzQDMqmocFTRci,0,0,,
9ccLBthQiMk4w5EZmJF2XvpFcYQSMqW8E5kW3XMdVk1T,0,0,,
F4aPjzRLvtWthFiWBdEkqcv1An1zWVmaK24JqXWULXRH,0,0,,
6PfoZY4iYBzpx3wHqgjBigNuGrN8tq7Bgp5DfiU6GpDJ,0,0,,
4bbUjSKzpDgA41WEC6dAb915NqThc9mgAo5qG4ghsXLm,0,0,,
gGcKtxkyFzKrc1TFuUNhWvMdStGpDQxLLfsnjAi4VWD,0,0,,
87zzVnWjW1zRbY9QfVPZxiZ5r1o1J6VqBPHxHEN9NsUf,0,0,,
HjxAo1nC5PEhZzGTAF1ckWSKTfTdSPwefPLqeoDJNmkX,0,0,,
Bok4cdjKK2Q8GNwHFy8trfPhSbVRw5LHq9nNgmzURR1N,0,0,,
5axP3mjn5AmE9zo8QujM7889i385X7yF8Xeeo5NsLXWf,0,0,,
2PFdXQSiGMtj5aBF23urCznxWhywpmPAinv1FbB8hFgt,0,0,,
7f6NsZG4Ro1Pstp6Kehc5MvJatKPLCmChSruubAgQyHF,0,0,,
6XJ6RNvQPZJzkkWziUXgMYfRKFYD9BSKedANkpPf4j46,0,0,,
GFc5KTm5N2dnz1B23r8jKTd5fx4Zr9SgvkfcBAbvQ6T5,0,0,,
HEWVjbfcXnRW12Hr3mY2TzFCcw6x74EQJEFFEpJL2UTr,0,0,,
GZCqa9tkM1kVKtvRALgnyTQArEfNXV4trUUHrQ3ybGQi,0,0,,
LudsVEkAgshYvivpzwnRNVJD8vCu3ioXdaXemvs3pdn,0,0,,
6miT2EYPr19fzTFMg6SEFAvpgzuJmGcJST6W97VdH5Cp,0,0,,
4ZGLhWJxS5H7fHPCAsC9cZqX6fLCE9dXbKyCdiWWSpxV,0,0,,
8je7qz2ruDDunTxNhhdSbM9yhhGn5Nzh5HYLFDfMBL4L,0,0,,
5vrZLDy4ss3soTzhhjbAcu7MRQ9uuYfKa9QtmJYRYeRk,0,0,,
12SMfFvAXNCPQJQq9wA1izAPjqGyo2ytWgj1fBXNQuCK,0,0,,
Eot8Pe9xGpDbbBJo7UTX4H1QfV31sVYMgTiH33eDJTvk,0,0,,
APJMdzFQyRyD8ZoH4sJX28FQGqjqZe2bP67ziBmAmeg4,0,0,,
BJC6QSmtvV9NzX4Bs8zxt6CdUQySSy1Ags1hoq8EkLY5,0,0,,
4d8ajGEQm5bgev5h6wiqqDnZcEETqKYrX7fMRmWDHxCH,0,0,,
5dJdLs6uW42iYWQ7Q2nZCV1FJDedWd6WJVhxRCif8wp2,0,0,,
2bQN2fCTeHnVwSvkNjYLr1WutPB5V1GWeLSXkh2dPQv4,0,0,,
3oTysCEBBHD93fXNTj6ue2xWhhx37DiZM5ebAvFd4yZe,0,0,,
Cbg2M8RyUWpeTLjzz67GXePDJFavx9rhwTtAWRD3rBac,0,0,,
9BvhDDPzEFjUdTVBL5WwG1n5L9etoTYXvdMVimAvSW1b,0,0,,
BKuRYzc9CoJen8VeVsqEeQAHei4oHNXDyW4wb3ZbNP5z,0,0,,
FHnnVUyVX4wSkEqkPgp3Z7cPWvXRv4bsQu54UVYSLtBF,0,0,,
J4DPkLJVwWUWSXLjTsgMPeCprNH59KSwxSmswBJHdUeH,0,0,,
D1hnBcYpfgTSaaJVYG5ZJK1jwuJDkPFnFsqmJQkkMZiZ,0,0,,
4XbbddaeuUrrDuwiXjjCeSuouJPAXBh1pZXfm1isHDs4,0,0,,
G8P9pmJiDxcaDwWLXx2yPircDH17LxcqYUTDZjBv7Ajp,0,0,,
66whz7bxbTxmVoFyUDvEPXfTxHpRDbPdP7z9HVvhX4Fd,0,0,,
8aWdyHRoziGLdSHweyxb6k4NS9dZoL6s7HDzPWuA6waq,0,0,,
4ovnNp2fjGCqNVSH8nG7hbfKAKt3yP5NJDGPogfM7w3m,0,0,,
NGE84irQthLEb6JJKBBrHm1oERzehoGwYoMqVTo1rcK,0,0,,
ANSoUYGpEMykCYinAt3o5szEpRR88gUsxr6SvRwQp2PT,0,0,,
H3afixbMdYyvAJ8EJ8rJrzvhbTzHdnQqyKPgVrJTaMEj,0,0,,
BdrLAMLywbLeTtRx9mKUjb1KR5dWGJegyUu5fr7FLRB3,0,0,,
D1BLd2ksyGFPaH78D1HMFV1VyFDLBrC1CK9PaBNwWS23,0,0,,
B3vw6kL3m3SVrHquJiS26R8kbXi7Gcn6eBDDYPod56n2,0,0,,
6HWMh8urUi7NCasioNzZ5QbJJGa8gaK2kvowbkqVRVjM,0,0,,
AkGaeMCSoUrsfwangisA3NPBkZzyUqnSoZKzgoCigLkD,0,0,,
27fUaAypmDKWvXKkhGm4VJpgYCjaAGXrUbxM6m5Bh9aL,0,0,,
4LoPysv3kmVcKpJzHT6fzuUQMpynyF3119nFjs4uySkF,0,0,,
U1urxQXauYhEdXinHJbuoMD6hDVb7mB6LziHaTC6Mi3,0,0,,
3DbnknoW4iRJomgF2Vv1iuLa1Qc6jasKAFLeVL9Dag3B,0,0,,
8x5qGLrpFFpDYNsLHQJ6Q9LC3ZTGQ2uG6Aps9qYLFnj6,0,0,,
BXN38PuDEhkHWx89vH7ssrdXPmQ8rGjJuZusoi3gZrT5,0,0,,
GXaTpWZSijPxeViLKGwMjRBjGa3HpmGZQZCHv3WLMKp3,0,0,,
fYdxAwThEXzMRMMMnmsYq4JEBCSbnBNsLGeUgK3nvgy,0,0,,
B4sVVHzuGHerqyMe8rJ4iw9LTBtVAkSsg5iim3wMdVU3,0,0,,
9QbMjvwmbwHEgAi9phRCievmJBQjeE7sDdwmCLvm3SaY,0,0,,
DAeLTuBfpNnYJKNCJjGPm6wBpyR8hZuq2g53EaekpJxm,0,0,,
FwPftFX8D4QYacM8yrz8EJtoppjrPLRHxpSA76tvVyhC,0,0,,
GsGkmqYG9pLJ7qLWo3pZx85Yc7S3DZzLfdAtQ6kLiX2o,0,0,,
8aW6ztF1BK1bDBnVogw8Zc5WQHke8kp7Hiotco3VGoXP,0,0,,
9dt7uk47L4zFyx2xDFop2Y8U4hry6msdjBj2goE1Uhbe,0,0,,
CusB2u45egePmm1gZ21p3LHL4n6iNsGMpMqTBrCGnwXt,0,0,,
3R6cwKMQRF5D791FLHFp9Dnnxgd4oEjj9Xi3dn7SwC7R,0,0,,
BW5sei3SedpJid9zt84fc1ZvqgHEwiACAdgNVLbcvwtJ,0,0,,
5tb4tkXfPenWDgQKVQoJA2ofZsun9sr7pzFEwHg15j99,0,0,,
FGftKWHrTxo8mj5wHwmYAb8KCPiR4C2cao4eYERodNX4,0,0,,
BGC2fJ1eFNwWUKNN65Qah1GhfT8WnvPnckUWb1ZirrUb,0,0,,
J9boijzUzZ5aY2aq4jnYi5dEUwbibKKDEJHNbk67RCVA,0,0,,
7ZdPe8zjSHFAUhsUzPFXzLmrDpjmXEM4vA3sqX7jLNBK,0,0,,
8P5tG1st7qx5Gvt8saDQoG6HHaiuddpW12DUTpDDAqaj,0,0,,
zjY9XwsD4sHWqGkHbtrGm5MTHP23frUdrXfxJEusSEe,0,0,,
7XKtDrfPCfzSr5E1aKJ9vtAwzeWWMgMPPRfiHKMgA7VZ,0,0,,
224aDJ1628GHTBGVZiTPQ9AvcdatyeDQBPJ5vKxWPekM,0,0,,
9H9xP9f36up1Hj9zYtLrU735XMA9RBbN5hF3tZnvrBRU,0,0,,
GL7xkVKQDd1q8uHt7MLN8XeNfr9SkULfyntCPKfXVcAM,0,0,,
6mpXcfm4oEYiupepubqVkQjYnZ5SwB1kSPhMW4pGbHGq,0,0,,
cwNeSyLkcdKLei2H7Q6vHQGUWRybtNVx2K3SxoFkvvy,0,0,,
BQbNRdcvvKQQpQVB5uAH2P9E4vPqgkKpCR1fvxrSHL3,0,0,,
ChKKaCFUb3ycB9brYU7edgWDmm8hB8TL2ccDLL82d8Fc,0,0,,
FFus63D9nxsYTm9PFcyDnchjsd7ZhQ3ygpWq1F2WLKbE,0,0,,
DdePDvzvJPZG2KftZNhn2LsEpqEhLT3RRSnZJ1mV6vdP,0,0,,
FM8ai6JTyf6HWAgPbnsdonqCeWfjomPMFfnBgPSf23W2,0,0,,
BYE2oNt8UXxiCzB49t8P1mr7S6pi36egCuEEYLiF4wMz,0,0,,
mcHNRQ93nT5jaT8dPrYg74xEDwuHJkrCA4x3dbGKpDV,0,0,,
3sddaQ4JCXqyXrRM93DpL117N7tXJ5RRZ1ZrBUtizcUv,0,0,,
AaWUS2iTr6nxqiaxh3PyKCkmEYrZSpNcXBwuK9gdHNu3,0,0,,
8V3pBNVqavCiMZ1JNXSQn1w3GYkStCNdfnvCEXAFCiwF,0,0,,
BZuDtedGadVMyAMZ54dfqBdUJzKRA4uc5DZrq1PAjiW,0,0,,
DRK7ksRfLu2DTjMVdCtYmcnq35RT3ajP7ntcGZSSK7WV,0,0,,
FwpsvNkkXRtcBcQy5eGW3cY7ADzxDiBo3Cx4uPJeJKjX,0,0,,
CFqAsdth66qGkNb1XW6xiCH4GEUv5dsn5iPnMcNNu9iq,0,0,,
4GiroAjvN9SzQfDdvx8TWGMM9JHSqsB3mAF4fNnrqfjB,0,0,,
4m6ZNLrHxNueHMG6SVH3W7iSppJGpp8N5Uuu2VGdaaTW,0,0,,
EaNuG6BnWqUus7rPiYw5xew2afEqKETSgVi7kxk279Ty,0,0,,
FihuhhwURi2WuYQ4ngzPxyCkVbcbZGwo8XZ1q1Cvvp7u,0,0,,
DxbqiHrQZ3nveKAvWHQQkAFpYzpTktscnMGwQCep8ztk,0,0,,
F3yq5NvKC2KN1Vwk4yFYUjosNqzRVszmZnnw48jrrbCe,0,0,,
HDj9YvGmp3srex5iN4KimmMyBKw8NWQmoixAdwGEz6BG,0,0,,
H8L2MNzW1TkaHfDt5KqWHLJz14vSZKX1qCqBbePnNiUL,0,0,,
F4Y2UMcU4XZFCX1qTdYm7Br4th1dGgz8obtAMffwkb1F,0,0,,
ANtdbKAiaUBKfPWg6xEtzRvfeunp2a2jgHWbT8qTiCZT,0,0,,
CzmgfYuYhKwCf4hy3JuAaMwn52FUupVV8Kqp99NkDxsN,0,0,,
GsHJSt7szjNfCP6e2e449SDW5WHHKzGyjobyRBHowSMo,0,0,,
Fsh7RXvJjtruCuJRrU3P3c4mhyK8G2nHUJUbTDCyJXFb,0,0,,
73dsLStFCw1PjN5fVjuUrjgZJkvCqWV7h9T3NqVnT4rH,0,0,,
45YFLYCQRTNcwkR1JmatfVeQETjTh2VAwhG7ThqqVXpB,0,0,,
piPgpXuyujH7Vvbm9mDtrPP6XhkJUNPbgppmsifTySX,0,0,,
ADJqxHJRfFBpyxVQ2YS8nBhfW6dumdDYGU21B4AmYLZJ,0,0,,
7MXNKX3RtkexJABSQj2toZNckzCmsB8CoWKZpqxspgX,0,0,,
2MEmF7emCGzXqz5ssRZgHsANYyMF2TbBGYEfsoyHanpN,0,0,,
EZvvsWr7xvon6noLtgJfjhcHmtEVanVXyn34kYF1tthH,0,0,,
8zVqRg2juSPqTv8hnvHkqF8JeoCQAyUcoy3NBHZ4MXRK,0,0,,
Hd5bK4umFP66nahSKVMZN7ndE4VzBED7YCaqx3v12ZDN,0,0,,
3ESW24XkfL6G7SbgyLyMS3zQNpm2Ph5gc473RAtUnfH8,0,0,,
3Mmg4EfszBqELN91PEzJHoDv6wXdQ17JkrNonAS9guHK,0,0,,
7NkNX4sKc7P52boADy3gFrVLufUHL2QfC2PuYA6L3emJ,0,0,,
CUSDvqAQLbt7fRofcmV2EXfPA2t36kzj7FjzdmqDiNQL,0,0,,
HMYxhA2ZeSpFjitzP58K7MMJKbKkBuj4P5PHbsmo3rTF,0,0,,
2jQGYyj79wR7tLrpyxw2bEtpCgrkK3QMpy6HD9npjXcU,0,0,,
BT4RWjWWdcUUKhWnTecrncg9tRsvjgU436aLtgibxZsD,0,0,,
Eik48T2HWixZRKo4unmBNCWYdtRbScUw9VE1cqNk1aST,0,0,,
6va5Y9uFwSX95ixYoS9wgUkcy8e7ZPGxMpvPpKj3zoeV,0,0,,
H46UQczRaoQd287WVmkxwbBYBvkDrpWgtFdtDtMjCGxh,0,0,,
HTx4uQAS7gsvWoGCGnodiJ79HS2ghgvDFJS6BbcVe126,0,0,,
8yhh6K3ha8pyhC6TVNpzL5w6n6woRzcn9bubKFmpjFgW,0,0,,
4hX6bRJpvCqCp4o4advZSra62mCRPBgHoTa5UJrR28Jk,0,0,,
kzSbse9A5Jam1Mjw9Fa686qXtHrgnBKFd9TQBjtLa1Y,0,0,,
9TbdQqFkpsrds4ZwTo7N2Hha61ATsNhPjyzVhYM4Lw5o,0,0,,
7Ac4y2empweSAbzi5VVveEZvWyNDAQuEHqYNZapeca5L,0,0,,
HGogzcHx9BkyudaLVcZ9xwRxfJQ9YCJUFNBPXshC7z4o,0,0,,
Dup8KcVekSCJVxuNVNaxxNU7yTMP4fMgAd14VJ9EM9U3,0,0,,
E59GA1Fk2hU3s35VGhM3nfFs9ZQgCaRvqbApSttrMbDN,0,0,,
9RGdSyp1ebQ85msQfK3WkhiFaxrofcPZS7JfN43FH8sz,0,0,,
Gy1JzAsh9tVYYx2oLLdhhzFBN86VbwJ5qdN2Dq4CLh2t,0,0,,
25DoxNh2gFWJPwKU8PmLB62EBwoRwH2BALoj7dn8YMov,0,0,,
6hao2npdFGbtst9KEPop7pqenyoVoskEaRosFbwipbs,0,0,,
2RHiDBPhsCPtKSNx8oDYmcuHcnkkK888gAqNWxTn6i1t,0,0,,
9H8mL4znKPKjEn6RyY2N2DhnivMRhEKJURq7x8g2Q2Hx,0,0,,
FniSXvbrSyqpS7JtxJTgTHMzP2UUomzdTqmDFQPev2RY,0,0,,
6874dxK1YvsjmEg7RPp5Eh77T6oza7qtcictTYVHQ6A1,0,0,,
9LmCL3nyvFG95cB9RpaszPTAwaQykVAHcSxQbJ6vNpAU,0,0,,
E9p6quYVBqD5WFyv5HveejHyk4U9X8TUe4FufSuN5qAv,0,0,,
3nHCmnNcmY9pV2Xe2yr19ys61Ti44KkVxAJsZGnCaKy4,0,0,,
5CAKjF2ReiHKCJuwWrSLCb7qLLEpVa211jivKmGW4bMT,0,0,,
GcbuevAaoGqeDGs3xL18iihkqByoRYzucxaKDSW4fMjN,0,0,,
8Hg8qvroZQ9JbELS4bW8APCUN6wD5PLiqR11FCnT7D3Y,0,0,,
Ch82XFRmYxnZaRLRZFZXoiYNG4ghtjgsHiKBn34Q74Qp,0,0,,
CRSP6mZQVQD8DWbNdXi8MvvvUyk9AYBLHj2xRPtHo2yz,0,0,,
5LN8buVuGj1st8mUy1RttwK6QoSuvaG7w9XMXMK5ZNgu,0,0,,
9HwF5CTjbU5HXEfmA7UG9Jp94VjFN3pJMNizuFszPapJ,0,0,,
EnXKKJtAYEP6ubkqR11A4gUuLm5pnoNEpV9BZ3MojoKC,0,0,,
4EYsa6up3TWSFiJeKySJf2Xg9W1MfDn2i4g3iwUr5ZcD,0,0,,
8XYJLZqoAodvsHZQ7YZE2Dfdjt7mog4gKMqojm9Xgsvy,0,0,,
5av9cAx2xS92es7UK3eT9cocRmRie9nL9D8fhr92qSXy,0,0,,
8NFa3QXg3kKqvdmJNjUhzqwvAnUYA9F5R4ymyjJfHcVB,0,0,,
8b7V9iTmVgvh6QVf4geeCWEBtPNELxeZNCfUU6TTt95N,0,0,,
FfpDRPVHpwH2MykcoF3cmTGfPmjVeFtH8pQjXCt7Da6G,0,0,,
2tHamMTmuZGWKEfsvYXXvTFDtqkk8hYhLixHFZu9ghpL,0,0,,
23jY9GgTucCJ7DegzWyZZ1yM86N9AbW6qMnj39e2CvFR,0,0,,
7ZWe3HzZRf7V7XPkC1HcSC9r9RfG7gKcMteroFKSTvJh,0,0,,
7hzZSZecEEBftmoe97BMSKfdGhYVJRXqrFaZ8TwZiDM4,0,0,,
3RmWSj53BTmocxDbAQcy9Ycqj3oXEgA7SX9mjwhoCcrK,0,0,,
4koPqVjEbJ4qSva3Gf7WYk9FywZrm1AhwHHoo72DeiPU,0,0,,
8W2ZFYag9zTdnVpiyR4sqDXszQfx2jAZoMcvPtCSQc7D,0,0,,
BzaneYJWFAgkjxPbEpRW7n1VvfTDusQ8YTQN9XNrBdEY,0,0,,
6PZp3hjy5HyBwK8VkDNBXEhvU7tGiPUnswTUYJ72dZav,0,0,,
3raAiaP26jyEF8KvnLT5f4i3K1KxQxtXsVZUNP2SitCM,0,0,,
WKNDwkcUfcohsqmiS1vYNrSCNDSJFaHWMxRnCmxCxFz,0,0,,
BnKsoL8xBYLVMhBCgpmTwHSmedXZvxpazSYvNK3whpz4,0,0,,
BzJDGJqQ58BcfFddyKkdjFmVFukxTmqQsTtEJk6qmb2F,0,0,,
CtzNArj8PACmPNbLXMgeBHC8bdx9LBPrFtix4z9AtwBf,0,0,,
3S7MSBTH5ZD2EKqhLXU3q2S9f4jJF6Uy9R6cJg5eakNU,0,0,,
4eKSMiEAY5GaWtNxaxLRfHAREfmbkhAAWJZzeEyfkX58,0,0,,
4bTrLG3C6JVcZwahuorf7rt2uQ1ccWureqYuy7cJ9AF3,0,0,,
xrsv3s1X93BM6oDekzrgCxMSACvGdFyZpBXsYeunVsr,0,0,,
7WVnj7Sna8u7bTarreuLmDye2DBtEcxhgd6hwi3c1vKa,0,0,,
8KDsEUE3NdafcCVPqKrMrPfqh3oT4FzcxsYjwbMqpump,0,0,,
47uYAPNpAMJrLLxQZ7QQ9F1T6XBHqfPHLTfLsCCapump,0,0,,
uBR78nzmdk1W6wRxETznhW9jEuunn7ZTc9W3MGqpump,0,0,,
BxXmDhM8sTF3QG4foaVM2v1EUvg9DLSVUsDRTjR8tMyS,0,0,,
HXQgxpn4GrXGjKtBzZcKrvYiJC9jV5Lh8gBEzTa1zErs,0,0,,
Bu4tm4gdpFXWakMiTVSBtDp77Mia7tEe8cU4H23Vpump,0,0,,
2qEHjDLDLbuBgRYvsxhc5D6uDWAivNFZGan56P1tpump,0,0,,
9c6cecJavALyer9nr5kryUpUjvHAXcrQ992N1tyHpump,0,0,,
9S849mWjD5GP4s72ggNZsoa7ZwJUjoxn4mBNaTCr7Fe3,0,0,,
YzqMHJuXU4xXk25JqaPSzuCozTS76Vxm6PaMML6pump,0,0,,
93MCjhxe56soTv4Hb5gTDCXeN7T86t3ojt21GppYpump,0,0,,
72LTryHMb1m9j4NEcn673sXkFMXMmHvmB8grYcVspump,0,0,,
FHSTU8fGBvrsNkNxeY8qmRdA2FgaxVFyBVz3fAc6pump,0,0,,
4CKWBjXfAZNDyMDeMBPDx5gfcuHdFYDu2QfuqwWSpump,0,0,,
BMaHD39skB2KzLoqNA7Q15nA7v6w7arGFmcepV4gN65H,0,0,,
97bHkHWdKTWwXsqKZM9jpF9UNvRKHY8CzZGFcVq2YvfQ,0,0,,
9SbDeAhHt1TjPNwhg8de88jhstymAn4A4KPDzdJvpump,0,0,,
CBdCxKo9QavR9hfShgpEBG3zekorAeD7W1jfq2o3pump,0,0,,
475pLmTA4TxDVCH9eCyWj5RZq2p3uRF7CunEoZe1zaFw,0,0,,
BRH5FkGMPmqcVeRbn7sB98eGn954wstipKqnPTYRg8JH,0,0,,
CsYqdmujPUByCekkcMdAJVsGVHE51x8tyncUXPZAr1Yz,0,0,,
957uciysn7Jh9f7b8XV3VT74dZPDQPbLjEvVyP64CpZF,0,0,,
2M4Nb5dUTRGeTxQBkC3MgKC9JedvwZCPCruT6HNqpump,0,0,,
GCawbvfoYd5fgGF6tYopcBC48GMmkiGUApAP8jGQpump,0,0,,
Gfa7MxAq71pgtQztcS53gE31B1ANMuK5tzKQZ7b6pump,0,0,,
64uGJvLaSPTm7zdw8nD6kvmU5aEmuvXx96jt58s8fVvN,0,0,,
81pL2NdU4rDomY4xB6MWrzr3UcTotuPUk5Xxqfh4pump,0,0,,
CG5e8otTfszRTZRTNy4WQq5VaLsZW7tuDKMGHJVZpump,0,0,,
GqmEdRD3zGUZdYPeuDeXxCc8Cj1DBmGSYK97TCwSpump,0,0,,
25p2BoNp6qrJH5As6ek6H7Ei495oSkyZd3tGb97sqFmH,0,0,,
DjYNHUB4aE7mVJNPHkYAB69YzHy6ps54BA7Ehr7epump,0,0,,
6d5zHW5B8RkGKd51Lpb9RqFQSqDudr9GJgZ1SgQZpump,0,0,,
CzLSujWBLFsSjncfkh59rUFqvafWcY5tzedWJSuypump,0,0,,
6RTHVBGHs4heaU498xyfH6hU6HHrG4YhtsQRS8Vfpump,0,0,,
qrfNri2mBaEPUPNAcX1ZtfFkUqLyLBnVRgJwMiPpump,0,0,,
4MwaCFKUr6MudFidZ7RpvHRnPwcB4eECYAwp1XK1pump,0,0,,
Ghp84ZTWgJhATi9UwnTSqzedihUsvup6Ejwiz4TaEA25,0,0,,
Grass7B4RdKfBCjTKgSqnXkqjwiGvQyFbuSCUJr3XXjs,0,0,,
AxGAbdFtdbj2oNXa4dKqFvwHzgFtW9mFHWmd7vQfpump,0,0,,
Bz4MhmVRQENiCou7ZpJ575wpjNFjBjVBSiVhuNg1pump,0,0,,
BjjvKX5k7gQoGRmvQAA5WMr7EkQ2cirGTSGxAznDpump,0,0,,
2Cby1235ofVuPUeYQtMYCpYXz6neFnTJFWGeEGKmVgmH,0,0,,
EYmuLAEhEWTuyjxP8EJBvd4yAZB2P99NfnWt3EqHpump,0,0,,
8HEtX62ga2HEGLFukShzT76o5Lp78mxtBKUySsfapump,0,0,,
HeJUFDxfJSzYFUuHLxkMqCgytU31G6mjP4wKviwqpump,0,0,,
2odHeumkiJx46YyNHeZvDjMwsoNhpAgFQuipT96npump,0,0,,
yG6bXPEFaUnGAEHHqH9H7t1VSfaK7YrggCqHy35pump,0,0,,
HdHqKPz3n52e6FCJREKY3MS56TagyvRxsxVYG7E4rF99,0,0,,
Eda9kfeBquJ2ua3c2MY797VRfvfrQdH7UosdcQzGpump,0,0,,
DVYcTNFVGxePLgK8rUjViJvurRmTnD1FZUBR7puADymT,0,0,,
BcFuL2GePX213YuV4wymhcCjMcy47oaGBTTGj3Bt5aMV,0,0,,
HHyqD6kLviJzTHxrNzgzjXLr2WLprbJBbzwziybKpump,0,0,,
hash4eTHsuZakZiHg5vfQwFtBaEhhC9SXRYsZm4Br7k,0,0,,
95Cm7gDac2tg9f9ou4M5QkqgpeEFBqoqeqBWNy7ByaE2,0,0,,
32jSCpTYmLze3jj9ruqtLmPPBRtag9ud5YbsJwcfRcVM,0,0,,
4tBVmerHCNxSKTYrdZJz1aMivCw7HJUNdt9zpWZJv2Ed,0,0,,
ZEXy1pqteRu3n13kdyh4LwPQknkFk3GzmMYMuNadWPo,0,0,,
3vzLGVuVxVJYAmjd4jT2n4zh6DZbQhm198pfEQJopump,0,0,,
Fy4DC1btDJnDtqs7zaEoxTyeZWsGBNPcmnFANFgmpump,0,0,,
GxBw84UprVxLZA8R3rxAtrz3yM1xdfpuPpt2v41UexhM,0,0,,
5r6ZqgrT4kwcBu7XWKdKHzXvAwL6nXJumQWryQyu8qEJ,0,0,,
1FH2vvmpiSEzBgbMVr3D2fcWeUbErC2PLqxDhuCpump,0,0,,
BeqntpwKVuDtvFz93L4stGaNLpzSdPSoDoJj53vTvfRM,0,0,,
6ygynzK842A7BtE3dHGhJucBDRQa6M1BbCn8PUbZpump,0,0,,
jimBqijNp9yZwgMmxFaLECr5rFypPGZQNEqL9YU4UjT,0,0,,
6oymRqYfQwQHGfi6t3yFUegdMcqZTB1TZaP7ojcJL8Vd,0,0,,
BWF3KK5GLGstCovo4VcTD9mndGQYjshnMUuT6Vq7qbPD,0,0,,
GRww31YAJSf4vGY5kDAQJf5jj1HTa7zTVamAyZPBnMA8,0,0,,
3WAth488Z5JAKDoWqqEsvd8e4XeLzJh2SjK8hifNpump,0,0,,
AP2ULSfBz5ZthG51mrzSPsxTnWiAgvJZ1aXuA85ppump,0,0,,
5mbK36SZ7J19An8jFochhQS4of8g6BwUjbeCSxBSoWdp,0,0,,
Db7ZUaWTThwZy7bVhjn5Dda8D3fbbAhihcxPV4m9pump,0,0,,
T1oYbAejEESrZLtSAjumAXhzFqZGNxQ4kVN9vPUoxMv,0,0,,
sonickAJFiVLcYXx25X9vpF293udaWqDMUCiGtk7dg2,0,0,,
woLfjy1RzfvjLNC1AEEqafx1Q3bPDUU3QW6kmBYQjP4,0,0,,
AtgUWHboeUvJmyRPzsyudfja9Dsxq22JzuAG9nHwNCCB,0,0,,
9uVHqmmTzaym1mAEdQiQgofY4B9nAHbbUAgctekDU3fa,0,0,,
LionjmhzrzhkxPa4zeWmveQ6GiwmSspeBjmGDxb2mk8,0,0,,
H83mDPyH6LPyCzfy8vgPUXkrx1wvZyN3hYjEaMQsAtUH,0,0,,
Hm4dVV7PtackAn2ePAv4kPNVxfhFahxndCJHCYqdpump,0,0,,
vC5Mt7aPNPMAUgpRn1Csyjvggf2WMk9M9itgcfJpump,0,0,,
5sFKzSqduRtSfJukiGWo9JjetFexA2FNCZaoaKkhpump,0,0,,
DZMK4rC63b1UtN4N8qTwoa7SFyav5eFDg5utqqYvSuFa,0,0,,
GiFdGJvjZfyBkFfRzmJJ4Nkx8CDvxF6oyE8iBwaTpump,0,0,,
JAkWbP2ajjz89iW5MGLQyF6VXZRvu9mP7SLXp2L7vGij,0,0,,
Ag4GfMGPibRhgUHHDWkV35vsMscFj8z5SQifAq97Ynrj,0,0,,
HFQrin54u2iczGWWGNRTmXcJmjjPkxTsLYnYMcsGi5b7,0,0,,
AsLEary8TSa62mdhxKwEGuvvQDnMvK1MzTdgxRPcZujt,0,0,,
2UE4yovmd795uwt8SEkV6o6tiLLRdiKKAczsNrHSYM5o,0,0,,
G6HG219i69fubf2gLZCbLg6woCMHgaWwgUjJY6CYLffk,0,0,,
CDqUNZUSBFZv3U1kSknnBqHcwtgnQyqcB61Dd58Kxotx,0,0,,
8x5VqbHA8D7NkD52uNuS5nnt3PwA8pLD34ymskeSo2Wn,0,0,,
2K9gQszpy4Tz3eUSNCyo4TNKf6zgrRnErF8KHco4SchX,0,0,,
9LE4zEtRhFLZBc3StJW8ssZ3ghivZd4ZSiaUk1rzpump,0,0,,
23CTZMjEYNNZUE4itfn3iv6kgM4xn7X7dx1kVX1Gr8Xi,0,0,,
GnDeUtaCx7BMj4sMTks5nqEVwmRDtsAdQzbQykwwpump,0,0,,
TMEvsrnGfUVQEBAFnQhC37jg27Nm3CLxSQyNi2duPce,0,0,,
3xS1L3w5EcG1KJmvTgePZHqAFZGzcy13bGCDPCeeKCLG,0,0,,
B5JagTF7ppggnQcTL5Lxh8fCtrH2xZfg3qHLs29npump,0,0,,
9TY6DUg1VSssYH5tFE95qoq5hnAGFak4w3cn72sJNCoV,0,0,,
9PR7nCP9DpcUotnDPVLUBUZKu5WAYkwrCUx9wDnSpump,0,0,,
EV79kchLetBaU7uazwQWQuSHSHLciAtVEo3iBSnLpump,0,0,,
D5S1nXXaMnJui8rCnMbP1GZQnL9TxzbF92hXvgkVpump,0,0,,
8onFpacotPw373bKgP4k7jUHpS5u6DGdWycuU7WRwWn9,0,0,,
D8kgv5BRyfxUgTJGhkPJcw1Neo1eaneENC5XxC99pump,0,0,,
ABGYc1wQbqeAAcG4tSLHbQZNX9cHzgFTABSJ2P8a22fN,0,0,,
87w8kTUBJRxrs1BB8bQF1WEh3QFpdZA4dap2vUDUpump,0,0,,
2m2zsQkktkiC96iMtc8X5nXinscXrgLUvAowXvU3pump,0,0,,
F5hqdbykXuksp8P78CAZenSvpPShAYKrP2U2MiZMdgFN,0,0,,
9HyNdZKxFLpqXRmxazor9F4SwvLnWErW1Li5UaL2boLZ,0,0,,
3XFiHA2gexzBjqtM5Z7FjJhP6f28D2m79UihBCfkpump,0,0,,
A8C3xuqscfmyLrte3VmTqrAq8kgMASius9AFNANwpump,0,0,,
CaPS8EpC78RsnDdjNfZGd7Wjdg9156ijvC1aFcA1pump,0,0,,
GxQoXUBMwPbJm46vcWV59in6QAzGDufYug6D56Jopump,0,0,,
9JhFqCA21MoAXs2PTaeqNQp2XngPn1PgYr2rsEVCpump,0,0,,
25u4gduuAtr6czbzypn5LFHo7PZMxUah4uGBvRDnuaFE,0,0,,
66gsTs88mXJ5L4AtJnWqFW6H2L5YQDRy4W41y6zbpump,0,0,,
mkvXiNBpa8uiSApe5BrhWVJaT87pJFTZxRy7zFapump,0,0,,
3Wp5z1GtPqKwyiaicXa7nyXhBVJJ5JgAwzWXuPXqpump,0,0,,
2J548qoBskwG9mxqnKPDqDUEyvaNyMZz1M8kEW2ifGfS,0,0,,
4SttZwB3GrEkFWnLfLSksm9fCi2tHmWCiquVEzmupump,0,0,,
J12B5NaWzCn57tr2UKdvVnYbiAN5iH6zxsxD2GnHmKcj,0,0,,
2TnxSM3Rub7cz5pLAzZ5BgXpPxmcPSawn1hS5PoGpump,0,0,,
9HjsPutyGGPpxnRn4ibH1hTfPvitAY5EPvtAwGFkpump,0,0,,
7DY9fEwtNLxQfc3SEUQwWvUou7fVWk8mRwZazXSgpump,0,0,,
Df4rV2AMLGs6vXPXqoDUCLkathMDAXbYaBg1XKaupump,0,0,,
5TAJy6JhnXpQUgRWyFJeQtZeMv3XkcWTKe5W4zDJpump,0,0,,
4YK1njyeCkBuXG6phNtidJWKCbBhB659iwGkUJx98P5Z,0,0,,
9GBByfZfB9MksLKBqs25GCSHpncB3PsikPkLuZMzpump,0,0,,
Ds4tykSf8vESCZPDLznadsfPXNgPzU5mVwc3oXXFwX5t,0,0,,
63LfDmNb3MQ8mw9MtZ2To9bEA2M71kZUUGq5tiJxcqj9,0,0,,
E8WwVYsWJzCFt9QPK3gMEB64y5WtPt5gxsK7c8gspump,0,0,,
2HQNZnHC5uz9duy3YMWAp75KXQ3nSCymeJR7Yh3Mpump,0,0,,
JDBxVn76VStfr4tbUbZLLy1rCXwyAw4ofZmGfWJzPRrK,0,0,,
pY6FfgosAdNAw8PktTy5JfTq4aLFuF43P53nrAjpump,0,0,,
CaLyryATQhnVZaau425zAJ9fNf4uNWVa1GKD6JN94AX9,0,0,,
HUBsveNpjo5pWqNkH57QzxjQASdTVXcSK7bVKTSZtcSX,0,0,,
BR75ur2ZK3ivXoiuh4uzho1pBzXakXjz1T4C2q7epump,0,0,,
D73goVgog6WkcsfFHGScS7qvT98ku1mvNNBqpjePyith,0,0,,
GSHfEbqXbUfWg7vHhQFHdPkyiQNh47mehGDh5NeNpump,0,0,,
DRTeDJXZYYZxmq3tmgSPvLi3ef5E51cRH1KzzwXvC5M7,0,0,,
BbQbAoML7FJTyk45N9hXdp883NzB8WvHFCesEeAppump,0,0,,
2qYuPd799Uz6QHGCDbRdsuM8Gb37d9HgY6HRHGV9pump,0,0,,
BptzzrvbTAEYQPX3d2ZAcvtCyhSeXEk6w1YY9nSCpump,0,0,,
9W1RpvZfbFde1JDoF2Fjtk3mcsRHmdjWkjrdq4jZqMdh,0,0,,
8iiovvmDpbsRrmbbTcLo565opHRuAm5cdtAXUFsepump,0,0,,
3rn5yGvTcP4ewkor9UtnxxHUruiJe3ngrXLYMyqEMrxv,0,0,,
HXqZPLyXUCVkgyuZTixbjh1MAuwCcErysRRz1Gw7SQiK,0,0,,
31i89o54vwDmsFTGuTVUcgkRntiJfz9znRnyG7P3pump,0,0,,
2XNttS6pkEHjz2xUL6MpTgsBXTAEMaMhjqiwKEg7pump,0,0,,
CFBYjzT357obRmihT9F5uyCY3kqgksRvXKM3RJN1pump,0,0,,
BkVeSP2GsXV3AYoRJBSZTpFE8sXmcuGnRQcFgoWspump,0,0,,
2hXcuLXuTe8u16XiKGijfMCWRAfCd9HV4b5QKFLypump,0,0,,
C8w46V4sR4yph3JajsdV75wwpsAoxncrPUfkiJCtTUjM,0,0,,
7pFRBUzRqEjyh5dPZVoNW1FFWjJzKhcV5rtVpSWTjPLT,0,0,,
EYwNqD3BrrmHYFC5xfEsELZmKapsQbjv3xHsNdg4pump,0,0,,
5GVsRyDAGo6ovENaxBx4HvVeDAxDpPXZmJgXoNYrpump,0,0,,
DGZTRegig4yc8cBu4HkbT9WrC98sadBtX7wZgTzfhD6i,0,0,,
EVKrXeQdYXypfcbchn1XNCEkMhS7Z9Q6sgRqYbCtoLR7,0,0,,
DB4aNrmNiNeSVeCwRKaAM9NxpWdPvm9TXUW8nsAgpump,0,0,,
2qWiTyQL4VHMfdhVLbbU5M89WqSkbHP5hdc7XiwY183i,0,0,,
9rFhvmhn1FFyaf8Q6or6qVWcgJPXKA7t9W7n22ss9oHw,0,0,,
418QJC9cHmUXYFDEg78bAZE765WS4PX9Kxwznx2Hpump,0,0,,
8PH1XWXyhvFWXWeixSbcWmfHX4uRJHQtcjnwkCgzfTkY,0,0,,
4iD3xPtXm2xbi6nrBMJUxM3S66RnzbSfMkFDECtk9TS8,0,0,,
HcisYtXpJ9r4uUjPadfaJQiKCyT21wuQ1hNg2NAypump,0,0,,
BDF9vxbCbsRZS2DBCSgBQvb45uA2wjKmTHNXcfK7pump,0,0,,
9Z3LF3ymEVwCPLd9uBda9ieySYKVK7MzukPRGHDPpump,0,0,,
FnxDFwUDzngzMZnAhRdBSefCKhahaF1e6xpH5oCHnSX1,0,0,,
6LJaNpynfDj5dX1dJ2sdGDqmUzkqsVGCza5WLr5Npump,0,0,,
BfT9czaPUvWyvCCcJfV4z8BCgJbbZnz3NyrsFrQmZf5j,0,0,,
AG5vvUrV56wgnR26aDrKwZ2joZ3NadXJa5Cifw8qYRKK,0,0,,
3UhxA8jBKYEhJQxG9VzNYFFGkZ5brZtWMuTvbb4rpump,0,0,,
DDxS3mzbFiwPgmpK7j573MDvD7EQj5stPHZ8K8Wppump,0,0,,
7XFXYYiqrEQLLkAGvvxaoh6iYkVYQ4K7XXtKoRShpump,0,0,,
4bj1v8h1AdRiLvpUBTzPk1pKDCB6eSTFyZ9G1c8g8ayE,0,0,,
EPZG21rSyYxV5dPPEgfSuFG11gdXds3w6hFfLSwLzY77,0,0,,
3rRKJyH9EFSKSS7uJSVteCUHLXq9kAKxFotQxTuhn2kQ,0,0,,
6MAWnfagDCzqmHQh88FVt9F1zzLqXpwGJpaL7zUTpump,0,0,,
CXfErCqD2ufoZZ7791sRetSiMkeFSH6oKAjW7ERdpump,0,0,,
DRJFMDvvrZFajvwRNe1F2hfZ7tm8gnGorP2WT12ZmiYY,0,0,,
64z4XnmGwqyMe3KeKDfGVyXPRqTPGsa1U3396dVBDGQQ,0,0,,
EWGhKWVET7dRB4Sy6gzDWT4mSyqknfkWhuR38JoZCnDP,0,0,,
E6N1aagrUTAqtAe6DnV4bctib37tCERbr2TPiHzrpump,0,0,,
4sAPg3M6bEHrNinqfvfdSTAzCvmaG5Ao799bAt3Bpump,0,0,,
E7jFUAn8f3sgfprgc2W2xSs1HXTimFxqRRJNKL4PNTeP,0,0,,
8YYrkf1hvL5aCacfLXDvhVfjWZ7ce5NdVt4iLPxYsmdh,0,0,,
5pQSTDfeUppb6tV415RWygL8n3ctyakBTV7QzBn5pump,0,0,,
2KgAN8nLAU74wjiyKi85m4ZT6Z9MtqrUTGfse8Xapump,0,0,,
AYhFJk9ZyKN5aCRwrG78iTvuxnrrLp5q4fGfyBM7pump,0,0,,
B32qJe3JDVxCD6HsbNpqx3BH5cxFrAuj9qU8CzhEpump,0,0,,
DAKmzcYhjXMHabqNdP65Ahzv3wJtvVqNcBXz8AKhpump,0,0,,
A9qkX2sJDZbpDK1NfNZVmwPKfTQjBXt1kpMuPpJVg5SP,0,0,,
6TvpcaTfD4KdSuT2hTQGdoeznq5rq77dNKXieWYapump,0,0,,
2otgtmYTXgYoJDSGctEimQLSviu7FwUwUcjERetGpump,0,0,,
BBn1p7Jgj1sWvAywVqhTG5mLtZQqRW6xF3r9seGypump,0,0,,
FLayaUPfFxmC1Vz3i4ebKT9uwEVv4ribyCqENnQ9pump,0,0,,
CLDmorzFpwoJXq4FNaY8tB3axYMWCqJyFNUosL1Epump,0,0,,
GreCEUHQvBQmCLkbnJ5csNmPQ6XKQyRfj1iSDcGGpump,0,0,,
AGshNAgkqR11sgRLckTFRAqvi4qBPoVovQxRzmbXpump,0,0,,
CZV28UR7oVe9XpJz1htqBGFtb7CsavpWoKGqFKZTpump,0,0,,
nJAw74J3EL4JgGvFDjqdquijwdpbykAivxK6g8ExmgZ,0,0,,
9SNVDQDmiFWWeyvrKHZYWHH8QMng9okkeMiictphZiHb,0,0,,
CBVyaHfxMrcZuraP5GfGAYkTSXmiNDs28QdXrpKvpump,0,0,,
hAYtTeaJLUZBvtS9ZpnrKjcLHUA44FgEyAAnMtP3EfB,0,0,,
W2V7FdzV5convBb2eVoCYFjyg3KW7KCLnMgWqDBpump,0,0,,
9KhBNo1FoYyWbU8WdrPVzA1z1MVSEZ9VCVBEqWzrpump,0,0,,
27tkPwt98zL43snkTFp7DsYVYiWpXNVsGzYTgzbipump,0,0,,
GHWoSDTbiXie3y3FqWmg7F2kh53W4UJWXRXHMbq6pump,0,0,,
BJqqR3AeU9XHJ2FwxGdrRSuPPzeJtwhjJHbT6WaJu9JW,0,0,,
ED5nyyWEzpPPiWimP8vYm7sD7TD3LAt3Q3gRTWHzPJBY,0,0,,
DqwYJXj2oDY545oAQgfh6x6cMKqEM97BoErdF3hSpump,0,0,,
uQpp5Beupw8xBev8WSxgyeUdgPT6hDBCEHjMjWspump,0,0,,
364sqDSJtJyNQLgNMF1PyH2kCuVDkwzW6JQzmUd1pump,0,0,,
EswvJvhPy8A8rWPdLJ5ATYW6cY5x483oS4QWWroZpump,0,0,,
E8F25YPZv8128TheGJxfa2XMAZZyTQRYBfSaVfszpump,0,0,,
HPmkxSWUisaiWwrPAMcqFj5e6n6839VNL8BGSbuE8KV5,0,0,,
9re5Y8fe9WgNu2MLRkpySJf9HQP85Kc3G2nTf2hJPTBe,0,0,,
33wtjQMGxjD9Afg4nccygCxRJrNc3U1iqGrsJQFMG6Q4,0,0,,
3JgFwoYV74f6LwWjQWnr3YDPFnmBdwQfNyubv99jqUoq,0,0,,
DqWbfzoFmZPrrQP7MdqYvwZbCkBNu2fSSaJqUrqEVYyX,0,0,,
APmLv2VarkC5yEjjutYkeK3byr9L2KwCgrVMWHWsgaG7,0,0,,
7ij5esLPHU8zprHAMUHR1Bu8MEJX6cT5hzG1bBEcpump,0,0,,
33aY2XDYFfbANyBKGiAGUb7kYb4sY9SqPcUZPrwRpump,0,0,,
5Ke381D44MEQg3BQarWhAwhj1xbdNvXe2KHkTiZzw7r5,0,0,,
Gwq8i3c1CMYdQibo4u48nX5B3jDyYnKmLNWEKFq7pump,0,0,,
9qEJwC56n9YjppaQLjGcuQ39tx86DnkdVS5R9RDtpump,0,0,,
BLUjEocxz1AiZ8aXbMh2Si1AaSNjF7tdyZWyDbc3Cbja,0,0,,
7TM7nzyhef5WJfsSjFFuoU2KnP3cocBcXpY1VP8jpump,0,0,,
TNSRxcUxoT9xBG3de7PiJyTDYu7kskLqcpddxnEJAS6,0,0,,
8Ki8DpuWNxu9VsS3kQbarsCWMcFGWkzzA8pUPto9zBd5,0,0,,
DRywkq2ibSwgoZEdfLTzSFshcBnLffa6ge9RPyGepump,0,0,,
86FMngwijeQhTGfSZqj1rNkKVsmS7uXJ3y13qqDupump,0,0,,
XANDuUoVoUqniKkpcKhrxmvYJybpJvUxJLr21Gaj3Hx,0,0,,
Ac15XvBjRFxsa8HP9fGRU7ZoCX9qyTUJTXVQovNzpump,0,0,,
HootvhN1jGXQk8APL2fD1StHqu9eWZJbMmfdutf9hnLV,0,0,,
6ogzHhzdrQr9Pgv6hZ2MNze7UrzBMAFyBBWUYp1Fhitx,0,0,,
9jso3Fzdp8xuLXXbRuMAzZqpnp9U2Dn5s17Bxr11pump,0,0,,
7LzF7BgpmXapBUMmJMwyP5o4uC2rr7T8keRc4R3kpump,0,0,,
AMUwxPsqWSd1fbCGzWsrRKDcNoduuWMkdR38qPdit8G8,0,0,,
2MQAtTdvcCJmdd5xdyAREZUsPYerWX1XSur5nFuVpump,0,0,,
Fof1DyVSYiQGCnT3uTbmq8kQMPdwL35x1bD82NaTs9mM,0,0,,
4AZ3WFnLtMt4XmK21Fsu6SWgtgCifBxPMWDKzxYLpump,0,0,,
6y9nBaf7YfQ9cwkNP2Syex2RdNo6xxfXXU9ei6rXzk54,0,0,,
4LzqcMvVM56wSDVpnRfK6VwLKyxJkcDCJuQMaEDkpump,0,0,,
D2tztvQKcmo7PUof8quQWAu3qXKwtiW1pLjvHLsUakv5,0,0,,
9gDMrHRfCzhcixMx56NS5J4RXGrrgZ7vV9WexfzggftM,0,0,,
E1vpyG4Yy7FV4Y1aGvGkRV5PH38JrEZv2QUm8PEdpump,0,0,,
FAXPPEUezwZ8XMWjDXRigavLB8z6Puc7tvSiXHTguBkR,0,0,,
4J5HoZWoKcbo2JQxEEVCKRBfUQtEroY1QdRrKtZFpump,0,0,,
4L4FU9jwtMdCzbQ7VLY8xetqVsJa8TBu5LgBwp9dpump,0,0,,
6PfemVoW14xgFywcnhc9zrAW9hV8gGZKCTSe3Ns3pump,0,0,,
GiSC3EA7C2kZwESb53cJybcmeRRExM4gqzV5UTz9pump,0,0,,
5pKzD7VCY27no9cN31dYvgzZMAWRPUUHL4xK75FYpump,0,0,,
9BB6NFEcjBCtnNLFko2FqVQBq8HHM13kCyYcdQbgpump,0,0,,
HcSHefAEHNtxbDASQEeMrjjF26FFjMFV7pqfifBXpump,0,0,,
8HuUfPXne3KNmP16XAh5Hh72NpGZKjWD9KBCMdMFhXvt,0,0,,
HYGHWnD61YqQe4saT2Ri3G98UPDHWk3GvVC2a8hCuHx2,0,0,,
57uaSMdHN2vyaKVE2fvRy9bzd8nrLzWXYmqtDaAh7Yab,0,0,,
F3yiLCh3TJVcXynip3orhUZvgLjKnrTcKaVfTtxqSMF1,0,0,,
4h8LjZWUfUQVgbEZ29UzTuGXNW6rwrJis78ZU66ekkPV,0,0,,
14mJzaZsFcdgHDB1njjz9qYbzgbXYAqzVLPJR6cLpump,0,0,,
B9pmGiVoXPyPKFViY6se32qtRGX85qv4mYB7Gp1os4w4,0,0,,
2wKnCWEVAXn79DTpn2Zdxokhg3vNxGUBARC2PD1epump,0,0,,
9ZEDrZLeCcpvEd8SUMsm4xeHoVK4d64qccC4dxL5JWQ8,0,0,,
HEYEkK75ZTh5CBbozwWbxJBsjUVygtzuetCxXUjmpump,0,0,,
HV2tLSVHRk3Yx76GsR6dGRTsebbkJJyY4ujhLAyf9T7E,0,0,,
CJG9TZKVtfsoNTGPEj6i3vYdxa9WRSRKuymkmHY1BUmW,0,0,,
7wUwkXo8Qjt3cYM8BaHHHeyfDY7ZSn7qvod92pNupump,0,0,,
FCT3H22FZRrVWK6aPomvKv7K3qU2i6pv5io77sSppump,0,0,,
Drd6JuPM9h6vSbk6jpbVoMbPYiBZonsEsHFSmhigMEgQ,0,0,,
EUNev5ZzXVf7WUUDEpyf3vm274XrHGchY57UNA1vpump,0,0,,
A8uSjoq6vqWQmHXuoKJPYNt71Wd25fFYAo46ekQHcyNa,0,0,,
3vA65MD111vfkU6mPVzhm2xgoARjh9qccnwph53wCxSA,0,0,,
8SuMAjoZeLGaaekNHP235Dv4soXsrcseFXefT3A9pump,0,0,,
D92hHTHhUCxmHZJgsdw8PksmrhSa6uaPhTHq37erpump,0,0,,
47ggo3jY4NzXHXRjZuNAFaf8PeP3aSXGkfvHphhgLecU,0,0,,
5igPsKHquNAYitDfDxwZFbr7iVPfuw3LVzwjX17zpump,0,0,,
9ssRVYXrkhWGfu4rX9wKyjyxMre2xa2LFYQzti66tshE,0,0,,
37qkWWsE8VZoy5wT6LXugHLjtDivXDduN7J3NmmpceMD,0,0,,
4y9E3tJpGNzRr1592oWTPECgyp2VDSc1Bf3DqAm5FZsK,0,0,,
3HYx6a9whu5a4dnzE62WNXg46MrEmu9LFxutR2YBpump,0,0,,
AwcCFuJgUYNYHXm6tHhr7DsXDY6FKvXUt2DFjmgHpump,0,0,,
2SbUMHVzAAwyK7wh4ZC335Y3AHXuNybDjruvktWGpump,0,0,,
2fwhLT85AtU135qa2WKsm7djbQJQJsvVxW6z8gr5geRM,0,0,,
323BzjV8QtikfoRSiftgXdnhGrEzWCh2Trtzgb1V4XQD,0,0,,
7fn6uNwdDopJAJsCfNPzscUjn7Gi5quTSxHoWXKrbrEA,0,0,,
5cdU1CWGFxcgAG3vLbrTi48AsH1ZL2oMRAGDJLrWpump,0,0,,
zGh48JtNHVBb5evgoZLXwgPD2Qu4MhkWdJLGDAupump,0,0,,
GPF3b1vrWJfpaNNAXqTDLLnSRHTMG6auWonK3LAWpump,0,0,,
Gu3LDkn7Vx3bmCzLafYNKcDxv2mH7YN44NJZFXnypump,0,0,,
BXNY4eC6eGpx7jMqnL6wGdVMDKCMQp73PgN7eG4ChEdp,0,0,,
7pmuGLLYdJ2mc7chZwEJAaxuWALAYqaVqbUwzzyHcA7D,0,0,,
AAXzWyHFErx9MzgiDKSxRZ14VAYjW7Pv6xEqpnSLXPL9,0,0,,
9FyvApf4t4BXhtT35LqHCeX2oewR1tcP2cNBbqkhpump,0,0,,
Co59UKqjPTJvDyDyT73GK6NBGqTzEzvYeHU6vpbK11Uw,0,0,,
H1bLEaM8znu1tVCi2xpqLaCRKWJMQuWqePvYKe3VZ5Kx,0,0,,
3dC8LE8veetshqyi7qwaKNtD9HvpciT89sV4QAuGyUQN,0,0,,
93RxvMPjnk7Sjg7U9h5iH7zcXGcNTZ9SPA6KVVqhMG95,0,0,,
E1HBsQ74vNvSUHjxeg11saAgjSpGCSQ3ukpy2Q3zeZj2,0,0,,
HuiVprCHCucHUb5bX6EXFJd7wuwvdASFzzge4ahXpump,0,0,,
HGyJdCggoistzH4Zr7pN8xkv6GCauWNSe4T1rTjQpump,0,0,,
GmbC2HgWpHpq9SHnmEXZNT5e1zgcU9oASDqbAkGTpump,0,0,,
AminyTTRX9HEMBNFdB7afYPUjZQJ4tpAGvv1VRXzpump,0,0,,
265sKc6C7wRcEkuLqzPCWUziHCqsp2Q1gXJo2H9Bpump,0,0,,
53zMq22mUzN32AZNqkLTaUNnKJx8bwHSi1k5aLXTbZwD,0,0,,
5Yh1A9FTH6WwoVTGzoFC9SzUr5SRRSbNsBJDjwdkpump,0,0,,
8SgNwESovnbG1oNEaPVhg6CR9mTMSK7jPvcYRe3wpump,0,0,,
9q7dTw5oHvwC6frzaphxYhRNTRivp3BJGGxaXFqTZgUV,0,0,,
9tfvk9yCRV2sjFmWJPsGWrKLh2kAxX4jka2oAnvGpump,0,0,,
7MCd54iD7wyEiwwFSnGcjyfBHU75US7NwxRd7u7qpump,0,0,,
HBNxaTX1xy4W7WRZyQrTVXfZbboWa7hWWXbUZ6SSpump,0,0,,
DRBb6RQySSbs9YPmD67KVUSgexM2sBWezSKZ1K1cpump,0,0,,
8E8ABwh52jx8nfmREyRJhPXUMiF1Z41mv7HwvwUdpump,0,0,,
SHNfd29uR7r5wRVqMuGxaWAgfcKXrEzhrnM6zZctW1k,0,0,,
Fv4mBAWRoaGQDbeS7oFDWQEPEtuGF6poeJiCgThoeDyU,0,0,,
A8rnTyqWyM6bPYqFTxA37YcwwXdQARP9AeL1XznQpump,0,0,,
FYmL6ssPTfQa5H4QHrVs3ggoERwKBJ4vMR9a3i4Qpump,0,0,,
J2XzFTMW4Pk72ktR3EScp6tjK27vE7oXuEzgykLdpump,0,0,,
AQ1ENvsz9ik5k9m6G8WKSk5qDRF2vnpMAtmgUSFziDtM,0,0,,
GoXWwvEDjTHgmcSBKJMFiZhDSNwp8AD2kXNHR4qmeeGo,0,0,,
73WeSq6AfrqXdjUenKep9YPBqZWk9SXmWFfY9d3aL423,0,0,,
A9e6JzPQstmz94pMnzxgyV14QUqoULSXuf5FPsq8UiRa,0,0,,
CCEmLiB7qJP59q5PbqHerP3th7bUAG9kPft9ePwYpump,0,0,,
6o22uYs8Y72xM3BvbbiSrz9k8PX3B2gNfPbf4FgJpump,0,0,,
FUGJmAeo2VoSdGc12oE6s2R1p7u24FgHdzfGUghQNLXe,0,0,,
ECutGg12PNhqhkvnH1s1FcuXgCDzKDNhSf5aLtANioR7,0,0,,
2ipxuDLZty5PsmeSE2dK8t8MDzNguHnbtaUMP7Uepump,0,0,,
2XrSqQTfxPvAo2ycGzfVzWmRjxjBsk1gQRCoy6rcETAA,0,0,,
GdiPk4dx3pFDrrxHZmbnyed8W9sL5DR6WpigrBANpj7y,0,0,,
saikqPR9EpFMoQvoS3Xveb6FNoJPxeL9da8MDQ2PWqJ,0,0,,
2yzdN3feWBSjyYJzEVBr5HBR1fRZxuWUJFVMhYpn9Jy5,0,0,,
BBTX8ZaLTEdjLTi8u2E2iG2enoBJBsijNuVzLaYrH1m3,0,0,,
D8Uf5HeqqJDACDSdrVTq262UDHZUppEjFEGsBXxppump,0,0,,
6jHwTzVcX148maKphVzE9N2BzvWrgDXN6hRsbUMxpump,0,0,,
FFVFgayuqvEnqN6c6rpLB4eFJq6KVR46Uowbf9fVE7fP,0,0,,
5cgFA1tTbWjGRhoGcemgCBHcaxf3G5c4wVpuAFTbpump,0,0,,
5bdHm91E2Dwzymy3z2jmZ8dESmuRpXmE3964F7WYRAEo,0,0,,
EzmGq7S9ELKy61ViyJEVoqCiXvvVZcKFRAFJddHrjQEv,0,0,,
FFUqMLqYuSjKr19r6NDpYSoHu5Qzg51cUmgwnSyipump,0,0,,
7p4CMCdETxQgSBiPqKsefFLVQgd8yHd1VQqQKEAzpump,0,0,,
71gSnDo5vqite4mVpbKnaqoa6FsuXpamn8jCYZsApump,0,0,,
4QeK5x94xw6PrqJE6jjsVhswXN8qvsgCeqVyfokgpump,0,0,,
DtWz93pDUZe5cYqBFmZjXq1wzZqZPygCeox5d3ajpump,0,0,,
ELxvQHpJnu7h7ic9pzqb4p64wkUqcEvcLrB7yBesGPBZ,0,0,,
Z5qTBYTgbK9nezJPSLxuJEpEhDimcJKLq9xN6MF2sh1,0,0,,
C3oZRnATgdb3TjPgveyWUREf9NB6DxxLwpsMqbYKDj2L,0,0,,
6LjL6RcXmvqApans6xgeVdELZMbiTtezPuCHYHW5pump,0,0,,
DVYtHdaDc77W1oYTtAYd6kz9QVTj8wPWwiUTbkqzgN4n,0,0,,
AbpH9gRaKtxThU8PHdEEp5iWyPKsXd2FPKCVim5saV3B,0,0,,
8q3PiifMQxnjs1NAETVXw8xMVN8q3Zfuoops9BSjpump,0,0,,
3T557L68ZgBvjvuSuNQXcxH9JkJZieSEggdtWDf2pump,0,0,,
D3qNh6p9uDc9LbnjANPADAZQc6mViGsYaoAnKpB3FH78,0,0,,
GLiB37nqnPDghvVHFS9CJ21c5BDUQxSJS3BXBWduVoPm,0,0,,
9WXNvkvub2Fvg88n8mLD3iywpLmfhRZHZmdf8CGhpump,0,0,,
BTdGTUjHz5FUSf91Ufo9L9r4LFMTRhE1qDtvUUfypump,0,0,,
6QaZjD1aRmfyCWS31r4GTMq5ULKNLHDkPudUd3oYpump,0,0,,
BWxRRwx2WwsJqihxoK8GVNRKKWD2Pp1DsmWXQ2NuuY3V,0,0,,
2fZTwhbLg3xPquk8CqS3KKYbrNMbhKj7Q5zBKuT2pump,0,0,,
HAYp8KzyD2sMANNouhKS3vz9fuqu54SffKkUFWZL8EYW,0,0,,
2xtF1kZQQ14dvVjTsAASPM5Jxax9Gpat8tMETegqpump,0,0,,
5k84VjAKoGPXa7ias1BNgKUrX7e61eMPWhZDqsiD4Bpe,0,0,,
DRQRaNAcNadkrAuSA28rp4Y7emEtdbL9LrfLnvGdbhHb,0,0,,
9dmRjKrzUGYnsfoEUUoWpRiKrwSXBKLK2sMo4qkBpump,0,0,,
En7YWR3qc7PyPeZD8KSaJAPXgNcm7FJW44b4hWcvpump,0,0,,
39qibQxVzemuZTEvjSB7NePhw9WyyHdQCqP8xmBMpump,0,0,,
HTCuXLqLsNo3tnnnbX1fBHNZWRMjMJ7ZzrkiVq77ywaX,0,0,,
54rRHktmCL8jKyMJxnBSSZ4zR8mxasR1CUx5qJuCHPze,0,0,,
37Yd8iMsC1zU1mepZCQnZRcP45iEdtHv1XVoxUm8pump,0,0,,
4yadMSaR6m7Zy2uVTFZafKoPM8SNFksye759QPvzFLix,0,0,,
CefZxozhhxK88XPJoeWBczYSaBPd35tsKnziTH6Cpump,0,0,,
CLLNTfuCHWAfRzo7utGPcZ6qjcwkDrSVyPVywCUSpump,0,0,,
G3JRUznfP4LrkXrG5UdMqCkUuYvKqQvthuTc5543B4GD,0,0,,
F9GqoJRPzQnGzvP7cQzLHB7C22DToHQYWfsPvhKwqrpC,0,0,,
HWhmEAFjtHK35b4CjRSbdbhh2muqUpgeW4vzZZcbpump,0,0,,
AaPGxxVzExCq8bDQSuVFLAjDPxNqdu1ntx1Sxfqnpump,0,0,,
Ax4muzksRoyeJehWDrqMTqNxbDmLVZznrPjvAaBww9QM,0,0,,
49EmPpBpW5v2ZsjEA1WA8XmTCRiMbFVpLW2CA4kqSFWW,0,0,,
3j9H16Fd9ikU5EJ1MJrLFJJyQB6Bsta78vLNX5D6ZkXj,0,0,,
FoYX6HV9waM8MoPfJbs8me1Z6RYE32uKYEP5zWZPhyR5,0,0,,
GZv3qcCmBXtdcwCe4j5ZrsRexxMbRLJdtv1dWXKZpump,0,0,,
AjXCV2HfwXEg7VprYysVGFCmJh7DACEzZXDPjjM2pump,0,0,,
HAKWDR85nNbf7gFdDGMsYm9HuAFagQn41CKEeFPj2Fr,0,0,,
F4aLcMxQy6CPcXAuER3J5QgB89n4fqBMs2bcrqQBpump,0,0,,
8UfJc6PGigf7yjdr5JhGX7xHi97MVvVreVJ7NYs59qjh,0,0,,
GHZEh4WFy1vkJRpkLBtaKSX9AWJADqEze6Sex8T5pump,0,0,,
H94XEqeDemXULgDnwYqmjRxs2puou4XyRiRgkHTBpump,0,0,,
4FRxvREccHA1xShFSn3Rt2Kq8snp7wujT7cgZ88ogynd,0,0,,
7MRj6QSPHcNVtxQkzxsVzfXvfT1tqEW8oFDDV2Pipump,0,0,,
9m4LPLR8VQsaX1kT1coRQ41ZMLAjjdnGocHifxLcL8oJ,0,0,,
mKsj3qEkfcrW88Q2bNRBUiSYkhSLpztinQPKRnKRy1m,0,0,,
DwDtUqBZJtbRpdjsFw3N7YKB5epocSru25BGcVhfcYtg,0,0,,
GPTmqQkwK6GCMhZYgBfJo5ckyUwUagPVZYMz2PFgbsGh,0,0,,
8jLVpUQDtbJNKAjq6XJn6dJFpMAQZKeYh1bSVhbcH4KC,0,0,,
AvsnRGt1Xdp2SehdwHWH3aKWUGjcqed8GMVosi4KgoZN,0,0,,
HR9yqJRhSCTB2uDZMX7x8hBSy5kabmKQqofdBtCsw8pP,0,0,,
GBw3yP1DvXwjn4ngZXeZPrJevPWJWgqBcGfiMP88pump,0,0,,
p2niQeJVj2vnevYnheBWujVyfzzGURpBTjap3gipump,0,0,,
E9cw2Xx3j23JnnmBZNFinTkmnFC7ch1xB4zJ8QPapump,0,0,,
F8tpXkVFBrwpsMmrpiFbjNJQAtttPj1QVYzTRcr14yT1,0,0,,
69G8CpUVZAxbPMiEBrfCCCH445NwFxH6PzVL693Xpump,0,0,,
E5GPaMSNoentMxkCyfpjVYmCND8btDFSriuz84y4tLq1,0,0,,
2JVzsQBe4SzHjAwpgy4reJquTxKEUMethdfBR3R8pump,0,0,,
ABSLrvYqSfJKhXJGnigaNaEB7rmgsGQH4VZY8Nf2pump,0,0,,
Em6JwNZN8U6ixHPAbrquXaMVSHHbYkfhcqVezoEGpump,0,0,,
78XLqFvnRAAsjPEFVMfzBeMy1qkxbzNRrWtLuivP6VVX,0,0,,
H2c31USxu35MDkBrGph8pUDUnmzo2e4Rf4hnvL2Upump,0,0,,
5GqjByiUWDYptsxGZAaggwKBT5YzZNxmDphVSA4rpump,0,0,,
Bt9tUAuuoJTihrLvgK1kWErBJduaGEeQbF2VhAPHtYm4,0,0,,
8oViGKb77HxMqFP3rrxuFbQHevyqhctERqxjMLDHpump,0,0,,
67VbHPNbpQy91yynyBejJxE9jh4iLcK9ZhbawCyEpump,0,0,,
794gBKfm88ch5ZgooG7WZRPkzBhLJxaTTUiSHGRmgdmD,0,0,,
HvWFxe8UzcmDS9nFGzZpuFC7RcxgT98N5rsEh6mDpump,0,0,,
4QzwA2AL7XnLy28rswdPaPV5ASh2cSLLLPbqc586VKhs,0,0,,
2E3qS1oSVbeLxQEhdSrVDMn5ruhCg5JQCqPXKpwWpump,0,0,,
Cc4sinjiaruP69C7Eotftsu2AjFHAaKZyGtpaLbApump,0,0,,
3Ei8SaoL4JWZv1XsWePqiAjVtb7QtpJbV2TSuURmpump,0,0,,
8PiWAQDhn5V7edNLrSjLgddP28gTydRayJ8Bv1mY1Rsi,0,0,,
7FS4iUbG1KpTA7xzG4Er7H6Nj22PZgonY8N9ERZbpump,0,0,,
5vrNnSXf2PeF4YMdG4vHi1WzU3hf42JKzV8i7jtBmRww,0,0,,
GHQw65ad6zVSmCfoYcEdAoL9hwadwnjW2qgU5VbMKpGs,0,0,,
FFqb9Cj4fSdDX3BFYUAH92mjP6Wqci6XqFq8u3Zqpump,0,0,,
7xn2T1x7xw5quHmzy2YvFWyFUNwp75fsw5bxiXGRpump,0,0,,
GEstgLtfTnsYqnMBMv1PJBkzGnudktTm9WdARxA3w7v5,0,0,,
1BMCNd1QQEpDVtkEfwsSfua4pzjGS8JogiWGN1En9as,0,0,,
8purxeMHmU1Uu1v1Vb5Bnq2JLt7dznoK6fsZdKCFpump,0,0,,
6nVs35kce2CW5bvnXjTNFVQ6Vjqy9DkDK2Up66Nupump,0,0,,
87frXd59UUotQ4EXEXjLMJXGYRboxAdbGEwYwfYGRUK,0,0,,
FvLjA1gxFgYSGdxjBgjJBchD5XRdrwvfZaCMyTBdpump,0,0,,
8WvwbNU7yuZs3Sg96Lnrfji3gg7ZTNf8vG9xwAQapump,0,0,,
39LeswCXKeEGESiBPNUUEkvRyMp5UeqC7dGw1uT5pump,0,0,,
DM2TN9JXWxKayGP2futiHK2Hvhm9BYeFGesi9uNhpump,0,0,,
HZs2NDMRVQ7i71CDq8XqC5JJcUv6HSeQ7y8hrsXsvDzJ,0,0,,
8r8xXP3eHgn19HYRX9Qe2AzSaSXrWCj6URAmFpvUpump,0,0,,
62HLoSVZniVXGiSdqv1NU2xT4H9UfBMvc8g4wsJQSXvx,0,0,,
ABHQGzXNoRbJ1sjUsCJ2TmTAo1uMx4EUpV1qYiSVpump,0,0,,
9wmYNWEHhiMqKZrYtyH1hCJZRob77o8va1n7EWdHpump,0,0,,
321tt4d8ZCGAdUB9PdB2cMtEL3uaJV4MaCzY2pTQpump,0,0,,
4FTrBScCobHYaKxDN74HAh5PK9brrN4BP3i8Kwv5Vi7B,0,0,,
EYAS69UsF7nh8jptB9366WCWpV9C7RdUMf9smbdpump,0,0,,
7uBPP56neXLhRyT5mWecRbiQNCpb9phqvnQqDf8vpump,0,0,,
8bRjTSp7mdoHgneFwAZXvTWnVRKUfb4Hr36skQKBpump,0,0,,
3p7eCgdQx1RiJUfr4t7Z8w6DpVbP7CMa9Z6Ff69tpump,0,0,,
B65Fv4wrnDnfBtt8Ryt8XoN6dMch39q9MALUYxAj3mHF,0,0,,
4XxruSLCtxJTfhibCKE2exW4fUyTgDKVDmzFKa3fpump,0,0,,
BMPo3jjLgAvXNeq1eVcXfnpBKstEPF4HLqqCuN71pump,0,0,,
Ci6Y1UX8bY4jxn6YiogJmdCxFEu2jmZhCcG65PStpump,0,0,,
FeYQWQL1s9kYVvNTb8ZnwamoZV8hTWxcAVNNfWadpump,0,0,,
E4PwDXy9p9dAfoV9xvWDSkHHDVPWFawxGhmkGbYfpump,0,0,,
Bybit2vBJGhPF52GBdNaQfUJ6ZpThSgHBobjWZpLPb4B,0,0,,
263mfzi1wXJ5NWGwq7fJVZdNNHnBmHm3CCoKmuiCx1hy,0,0,,
HwEhWyEpWvELT7H8apzCGyCPq6QtPMyxhNxB5Tgzpump,0,0,,
84tyNa6989vRCKuS3fWV5WjpUzhqDghMxiBSg8Tgpump,0,0,,
5aNnEzzVVV2Qb4afZSN3V6VD1seVSUhv2unMBKhdwWGE,0,0,,
DEGRZALfkV1KAPbV82Xb5hjsZYvwS6VAmGG1KSbc3KAv,0,0,,
CPcf58MNikQw2G23kTVWQevRDeFDpdxMH7KkR7Lhpump,0,0,,
CgLLkorh336M7odreKtSrYvDLuWwbvu5LJi6nFukpump,0,0,,
CN7t4Xxw2RSzEXpyYaG54fi5gKpdd9NTEw61biUW767y,0,0,,
7mXS2yjUCCzed8vAS71a8XGhre2d3hFCQbSnFx6Fpump,0,0,,
9se6kma7LeGcQWyRBNcYzyxZPE3r9t9qWZ8SnjnN3jJ7,0,0,,
3S8qX1MsMqRbiwKg2cQyx7nis1oHMgaCuc9c4VfvVdPN,0,0,,
82SP62Q6VL8Tuy5akaNVicvfJVgwDtjL7JqyBhcKpump,0,0,,
DryBz59g6orQFr9PZgEhbuJaXesmq1361fipSp4Fpump,0,0,,
8VJNVtvL5JcCrCgkb3gEjYT8NtA5rqen9YztcPhiwVCP,0,0,,
BAmHS42JqR51sZ6oqPhj4pcqi6dFFYDka77P4Q22pump,0,0,,
B7hx74SWaVF5wVDiFhxRPzR4iVP4tcxqUNf9SNb6pump,0,0,,
GYKmdfcUmZVrqfcH1g579BGjuzSRijj3LBuwv79rpump,0,0,,
3BeJ9zCgQhaqKMu2HgKJ79yQBChD1Pf3hPwRX44fpump,0,0,,
G1MYmjtKUPevNj9FFwfgHHKZGGyqNpJZwayDtSDApump,0,0,,
4994XJ88RjBS5SKv7qSe4fM3qtPRYzqYBQLe4NRDpump,0,0,,
FLEFfGcYNwbdXNcP3hyvEX2xwwZGEFrpn4yPHmAcpump,0,0,,
8co8HZ9Md6hjL3S2NoR8fJCLQhLTEidkJd18MhfaV15g,0,0,,
4NxnhKViNC3wJEdkWr4venJykFErjjUimbkEKCRopump,0,0,,
4ALtFjC3M3Cg8RiooUoqzDGXCpgwb9csDEHiRaT9pump,0,0,,
DbXMoGXjs5tXRJiMhjE5CkEcLF6PYD1Sam7nGhfEpump,0,0,,
Hx2u67DY8EgtZppfCYQyWz68Syp8xJsRX1nDAMRbpump,0,0,,
DFy12AkbxKnR2s2gaYz1AvxgxqGDrMEjjzK1GG3Ypump,0,0,,
De46TR1cNTF5D4GxVHMQkTnmZ6oUXHyXkxqWvUdwpump,0,0,,
GLd9WntuW8gvimpUtF2vbhB6JMa6MHe1w5Xu6sH3hfzq,0,0,,
9koJWK1JQRsvTCgMH9X3txrbjVfSMvzrzFa8uRyzpump,0,0,,
DKir2uA9LYK8htN699H7zw2WAWjofok655kFRULDi3X9,0,0,,
6HW16iKuTVyrSehq8YK3dCCTTvBbX6NuxFLMnJjepump,0,0,,
D5i9Tm8hUQPwBL7g5gzeqXeGdCSbBRgwVbWvK7f3pump,0,0,,
7rRfJ5tdUjFPCWZRyYM7UNnfrpK1dqwzfpMYDknspump,0,0,,
GiG7Hr61RVm4CSUxJmgiCoySFQtdiwxtqf64MsRppump,0,0,,
CP6xhCQw5x4KJdcD3WLnnqA6naMRxeQcfQeVTWBhpump,0,0,,
tK9hTbPGacU3gS8EkpSUZnQG51MNHmHM7kkYvDRpump,0,0,,
ErQa4H1JhXFfooaPnAFX3wiJucajzCgCquGtgbbYhGs8,0,0,,
4sh67gb9P1upzR8GxRXLHgNdHWWDxucQ8oJD7De1pump,0,0,,
2TobzM4NNpEvyVAEpFC8AkxJGBHz8fFgMksK1gBy5dub,0,0,,
8Tv8fcA8bDjCvUPMpcCgXHuwjBgLahieKTmeWBWSpump,0,0,,
6Rx89EvU1fNGv5htXGTUs3HPoQjcYSLh8KDd5RPwpump,0,0,,
EPLWNRkzRUuuWJA2NuvDnamgkFrvXg7MmEp7BowLpump,0,0,,
86DTwX1M7xt4HnDZNuVUXyMLTsdGKFwuLyLBpTpBpump,0,0,,
G1pKojoCJopPDVMMLUowsyXTaPzKPnBfNWQhraqvpump,0,0,,
6K8ChKN9UMLSTkkKCjpyDjZE84EpQzYRDDEhah1117jg,0,0,,
5ZqPs7FK9EQwXHqdygfqHCV2r7VEYBcd5qVH9vU9pump,0,0,,
Dogg6xWSgkF8KbsHkTWD3Et4J9a8VBLZjrASURXGiLe1,0,0,,
G7FFmyiJmdi6V5Emsijr15prURcmxz1nSvHVobXi6Wyt,0,0,,
Ao2Ra6QAM3En2ZVsMkMSrate88ovH5iATDvV8y2G7daD,0,0,,
2tH7vLSQ65iyqcnhdFhGGymkLLm5QpG1pqseR68FVkmb,0,0,,
Dt6vESocrRixuFz2taZunygpKcNQwxAjUMgYUxvNpump,0,0,,
E6hawBNLniT1S4h26wzvqBQhbCi1B1GvQrc7a21Hpump,0,0,,
4TcqMXdZBjxirf2vtYikWt1ix3YoHJoFAZwrqe39pump,0,0,,
GT7ksoBf5XpceDEitBNbay7U13zqwbh6HtDiMpU9pump,0,0,,
9rLGTvxXEhhdyZtJA34pFV21oZhsi3MRho9hv54vpump,0,0,,
Dvmw8Nq6SRoxFWP36PWRycuY8NfT7qHHGa7k3wPTbWWD,0,0,,
5eavz7ZaG74uKgPw8rwejGiHCgaWcrixAaTxaBpjpump,0,0,,
hf8aYwMK2cYv7t4uUhUAqpdwTS3sja2z9RJMQZ2pump,0,0,,
Nt1Ge7ek3HzUHdXJQYbg9jYkRbkJGH68R1cRL8Ppump,0,0,,
27HQU3PJmpLwSd4uAWvzHrMBLzxWYkALs7PxexsKJQjo,0,0,,
FZ2Wo4CRz1opufm7JK2JdHoFjjFB4kQwfw1kWDQ3pump,0,0,,
jupSoLaHXQiZZTSfEWMTRRgpnyFm8f6sZdosWBjx93v,0,0,,
6pQ5UgpPP5Ny1vfoxRRWVuFvkXAfNH5QgdWN975Sovc,0,0,,
7LpnYpTudQZbf5MUe8gMmYrgNkdrQBQXJqFdYhFUu5fQ,0,0,,
4qe5LzsmEJwr2rusq2Q4tvtEB1wdtpH6CokuCmAKpump,0,0,,
Bp8BJj6VYuuJYBhF8Qv3QyXCm78nQBoM4cbGHmG2pump,0,0,,
kyMRfTmBxLeUvYGM89zjP3Me8tfy85BQGAE8PRZpump,0,0,,
5pGEypcitpXrwoZryQcDjHMzFyBhedLR4F4YyjmskaXt,0,0,,
9JLsnxCqZju5ymLhMkTW6acnUxgrARqz5NAR7Acdpump,0,0,,
3gjfPRGYiTsMFb82FczXRZKfYbRJDYrZAqNUzjDsBQAe,0,0,,
4M9xuFs5rxVTfaEbBdRswxzppmb1U75BA5x8FuyZpump,0,0,,
3xckQouCi1rTmdqY8AsMymhFfkY4KEryxRDK6iaopump,0,0,,
BpqXJMguKsS8azKaVy4tZ4Ysm2e2f2zygZKHx8VKGKBA,0,0,,
7U7FZaLfJTt2pN9Canp1Njt3vbz6eiqHbxn2bpmEwtYB,0,0,,
AxpMnAXBsGfwX6LXGn221Q4ZXULUvTmMNfX8SkZGpump,0,0,,
AV7USHBNFJ93kNPQFEwHbfim55ZNjWFtCxwn6gAEpump,0,0,,
GUwiZNC85eT6BJzxttGSCjcBPstAmSbRFfBCMW5Mpump,0,0,,
8afnLWPRCjvNfPPT8jP3R9DMiwE89pizGVtRw36Apump,0,0,,
8WYMTECsRTfYmSyHFvEHNk7o9PotUdCLfLudtJTXpump,0,0,,
AwptL2WRgSKXYpgg7vkKKw5GmRr8SjW8vDYFoYoUpump,0,0,,
AoeAh1Cu2qBFVAPRuKxUkn275sTksT6nFWPrt8Twpump,0,0,,
FadDSv5xLKZLeQySkLAUJhD7Yc9E9rF1GhpR8qpdKJ7q,0,0,,
52cjsvhHXUvATHnpmVCEZsf5uJPsRocZJk6zJBuhpump,0,0,,
8mLZtMR5j6wVLKQf8V6cyLPsnXyomWmvAy3ckjvNpump,0,0,,
4qNX615pV1oufdodNoiBzUsrUE3ww57DYg6LsUtupump,0,0,,
5qCdjGQx6HCdfHTB16WvGw48LyJtY8Fx39p1a5dupump,0,0,,
cpArfMjGYkqC7iCorZ8Vgr8wyiqsMpHsSe5xhF7WANK,0,0,,
Bvx292d6oZFiGiWeyUEb7iLppMSztKRSRjLYp1z4pump,0,0,,
71FqyeLTgw6xushf7nWRkRwkm3pqqAsD8CCjcjaapump,0,0,,
39mp4M95uDVfRjzmiKxfjvcyviGsEUbBxqpUTPUupump,0,0,,
5LafQUrVco6o7KMz42eqVEJ9LW31StPyGjeeu5sKoMtA,0,0,,
3B5wuUrMEi5yATD7on46hKfej3pfmd7t1RKgrsN3pump,0,0,,
7RyiZd3wrQiMpmF7CY6prrTTKCfcHwMHqNakHPBvpump,0,0,,
6hRVWuLrA8g9SbVLFPMHmDTWAjYzHtcKKs2kjLMuYuGk,0,0,,
EKjYU9SbkK1GAbx1Rhi2htLGtK7RFBtDrPoqaoivpump,0,0,,
GvVctoGdyw3eGFq6ahEZXSArtVnjk7BVBPYxgi9rRaf6,0,0,,
359HwCxMh5HPghMAr5qwu97x5cS3p7USzJbqD7QiZkWo,0,0,,
BpkTfxEAKoAXm5YDo6mAqtTBpfZqhjRQnG76fJb5pump,0,0,,
3vUvfkqwe7sKnhkzxqb8acN89mZGPe65ciZM3HMuFfHt,0,0,,
8fgDWpQvDQJABP6fN7fDLte9hH4bAppPtxpNG2i3pump,0,0,,
FLcPDfEdzwB1Z3NgMB1FWqbiUhCLMXUzKt6i5C1Ypump,0,0,,
NUZ3FDWTtN5SP72BsefbsqpnbAY5oe21LE8bCSkqsEK,0,0,,
Acze6KGwihrzHPZS1RPYNvfUtm2MZ7YSDHiuxLuRpump,0,0,,
8wAK2SfBq2a6RMqm5Fh8BWN46GGD2g1DpvGuqtSrEhP5,0,0,,
3n1xUaWFVV1s8WTzpwSdn2Ku5MJ2w1uC8RXWxBZxpump,0,0,,
Fdp3GvvkJZkaKLF7DBwLs5Ar1xeNgg4sPR3LCoSgXn58,0,0,,
3SzByaRdsXcrEGUdK1g5HMmnhBLuBY2UMji2Sn2Epump,0,0,,
Dm98jkD9yAwJFdvdzc9bcVFEdJu7sznMoGGzWavapump,0,0,,
FsHk9DeVV3yL45KVdSay87qLRU9Y2zr6HZRfqhhspump,0,0,,
BXHPjMMg1w7re5CcAumtCfhAQ1SzLexeqeA7Mh4Vpump,0,0,,
6ZrYhkwvoYE4QqzpdzJ7htEHwT2u2546EkTNJ7qepump,0,0,,
8t2WMthVyBwuNUJzRxrv34bRJG4yGrfGZh99qP17cv93,0,0,,
38nBDcor3onWbxC8mjNN53xHibgXGrJmPBiP27Zhpump,0,0,,
2i2269HkF5ce2i8ExJfV8gw1MEmXkVYQNzRbtXZtpump,0,0,,
4KbbSacSGPBxs1JH7YH8dUERh1NQNJQytJUCnt5mxHyo,0,0,,
HaqNyHMwCP1YGCYgjY7kJNVd6gv4mz1Y75A4xKVUpump,0,0,,
G3yaz4QgV5CeyDXgWUbjDA3StSSuPLnfgu12sWnEGWsS,0,0,,
5KuqY1mu1sn7f2U6L53idr2Ht5vk4513H6o5T2Vupump,0,0,,
41upazdWAgLjfCkLGQwGDgj2knovnpPyr4q2ZVNjifLz,0,0,,
57Nf8xLJD8cmAfHaRdajjw4rczBp22jnoivbocfgpump,0,0,,
GHya7uShDtrZZbA4vRfkYfhj7NjAbEyvyJriq6Y63gg8,0,0,,
GfHbuqhdpgBE2taZxcGuDf81TSZcWkyKuRwTfTpRGz2f,0,0,,
w9kuc5AD44wFYuaaXBbxcMPwVLocMpW2BuxuAZmpump,0,0,,
EA7vffEBFg6Kc5wbtmRZAUjJ3BbH4diw1czE4BdNpump,0,0,,
9pWPUXoZKWNPWyaegPQeR3Kn8aFz9nrGtm5jeAFzpump,0,0,,
2mxUsLw1QeQcJf1pb1z9xdxpoW4aU3evztb6AgCmpump,0,0,,
7hkc7WD1DrPhEwhxFcxj8EDU4GqP4p3PXXJncw7BHZYa,0,0,,
HRjHS6FEyk7unh3QJ13Af3miSiCCUPv8h6ahJ5wEpump,0,0,,
4rd5adTW9SdQM2vmd6wREG5ZHjWaRJopBqpaRT3Co5NY,0,0,,
CGGp32gHgnayrxS6HVjfSvv9K5HQtYbpa5qGkvZXNkkD,0,0,,
891sNq1FJZGtHwCyCE7oJy71TYqch3Pqt6cPKaCUQKgg,0,0,,
2kaRSuDcz1V1kqq1sDmP23Wy98jutHQQgr5fGDWRpump,0,0,,
36visXBeLpeSFrkRfmLh4UUPCy9boGdtSEQa9MoXU3Yr,0,0,,
6HGd1fRw6MVZMRNmDPB9XAjvcaYw4SbXP92YhUfYpump,0,0,,
3pPHAhKGrtm94ZWGp3SwNNbB2JMnAZEZAY9ZtCmJpump,0,0,,
frYCZ4yYemUbvfYtdNrEXPSaRvk5y8rYmfnFScN4zvW,0,0,,
4zS6ZcLuNF3Ayu2gqKGLhnuUrwPkRCCGhtHggVxRHJDA,0,0,,
BAvoiwdv1TEuYxYZ4aewBCGNYfquh8z4boj6Svf6kXgy,0,0,,
7bTfkZoHiY2fyXEKxtfZ7TQqzVUd9qCXnr4HwFQv7ZtX,0,0,,
82zJt2MhzxHejfUDyubm8Qvhko6BGdgUcZnVZvKrpump,0,0,,
C75XDvzWLKvjMHUAAFPNsYMFsmtG4eCVpkseeXBpump,0,0,,
SdXyNu741DWage1kA3mnwnbfAd6QZtdZCjX1oGjpump,0,0,,
FQ1tyso61AH1tzodyJfSwmzsD3GToybbRNoZxUBz21p8,0,0,,
8t6QwoeAGHKY2bMu4zFDiXKr7fUEhHs9yGknntXppump,0,0,,
FTugWk3sqjLJYbsxbTEdbnenYRPaqGJAC8JXriUspump,0,0,,
3DFU4Z2N2Uyh5KxU9xgKM2u5LsPYU7m2DVKDoPYuFvEL,0,0,,
vZDndYjfRiEPqPQDFs56ZZ1uMSH2xtp3vzYYCWEpump,0,0,,
EB8uJb7PfZhEGgLxzTURemxoXMHAEvAnbNi48JQhpump,0,0,,
784VBrpFx9oSVZBuJaLWemmK55SMZEhLzZYjiMG9pump,0,0,,
AJczhLzrJn2mKV8Exkyz1L6pPGAEMmeY5KB7Tbf2pump,0,0,,
HG8WeppsuFdiEF27HGBzFBwGCMdFYW3oom8xsVfgpump,0,0,,
6dC8y49qqogktNvnYecEszwuDAgkVsj19UP7dziZpump,0,0,,
GtDZKAqvMZMnti46ZewMiXCa4oXF4bZxwQPoKzXPFxZn,0,0,,
8WnQQRbuEZ3CCDbH5MCVioBbw6o75NKANq9WdPhBDsWo,0,0,,
FWxreZtdirGdfaFuxtNso25Fw9gQVGjuvTDBhkWSfUz5,0,0,,
ANZf2jZuTicDZJh2Ca85aQQXikYxiwAG1JqTLqbx1EoN,0,0,,
BmhzXVpRX6nyF4fjBKZiaxrGybtcRHxCpg5d2NjdvBwr,0,0,,
3KDsuwo3f8bAd2mS4EVJtqBb5jzr6VKq2729DoNspump,0,0,,
BdZ166jQNf7dzRKf7ZTbwKZVFi2unfedjcJs31Tipump,0,0,,
JXL9547qPmBhutuVcFWownV6opuAkgxutvc6KCfpump,0,0,,
2e4hookwoJmyAReeSRcTP5dE4myMnwfVvPSztDrjpump,0,0,,
3vZDyCsPmQfinpfgPgjCH4HGTbLtzhhthonfQ1XoMuXr,0,0,,
umgcPr2uQHzmCerCu6kSPBiaUdMWZewRRQmQ54Apump,0,0,,
JUPyiwrYJFskUPiHa7hkeR8VUtAeFoSYbKedZNsDvCN,0,0,,
WENWENvqqNya429ubCdR81ZmD69brwQaaBYY6p3LCpk,0,0,,
FqvtZ2UFR9we82Ni4LeacC1zyTiQ77usDo31DUokpump,0,0,,
AYEwzRzekGr2ystv9sdC6g52C7xigFbd4EykYvjbFUA5,0,0,,
9KtmZMhDzFf8F1EEBGgsuPTTMSKNDtwJWJwgqzBABMMH,0,0,,
C5YWaChCB1FsrpCo6BTbx75yK5p9udTPJaAEcvxuFMAt,0,0,,
BgCeigJo2iY3dJhqS2z9w4pjjufFd4F9oKS3FrkMbmbJ,0,0,,
73gYTM3QVp2WFsarSSs5DNGQQXtTSvgjsqyFLyoX3vfa,0,0,,
FScDYauCsWC2AVuESABeB1mTmhhsBLPeZYBQxNnh2GkY,0,0,,
CGSq2mmt9L6oLVykwsvFNiT6T7ggeNUqPU77V7gmKX5k,0,0,,
BJowxCMNHdXzchdKJaVWHUrQAZekpWMqUUgMMHqopump,0,0,,
Nr3JLQT145YVEZcCFUQRUd4pHd7Qa17BbiCgfD8mTWj,0,0,,
L41viGAcak1JS4VRh4gfbPHhWf3oKSdkXPPiBQRGnkJ,0,0,,
BhbfgSh5P742DE5eMx24iZXNZeD2vNRFBZe3EP9Mpump,0,0,,
STRXzrUKLEpXTVN5oyXaSZgt38MUcWN8VRAZUAVFX3j,0,0,,
HLexNJ1BRRuBDA9gMvZWz9EY1Aes1wN1RMFE6YJWpump,0,0,,
9HmDcRMEVWvCYGGdeYDRJrGtLNqs7NSMP5MeK8s8nMLh,0,0,,
GdQXH3JT9DUNbEk7ygPYTFDf33CXGWy9psxFRBmWpump,0,0,,
6tVZVjcppH2BZ9Xj5yFU1Zt34m2rYcyDqqpSeMDZpump,0,0,,
A7EbRDA3SF7vEBFsuKrnmg5CgRErPpV1vrJFXFMPpump,0,0,,
3eG7vCWDA86j3Q1LR2pdzDEghcUVaKkp1ED5bAQpNZ1i,0,0,,
CzcQSE3mUNt21pgihYs9nek4Tjh6wyApKsAwej2uLhjW,0,0,,
GRpS5quvyxPCx3nARqyyNSyd51D8MwWw1Rb5GT6Zpump,0,0,,
Cq7FHAoySqFitw6GpT51173Wu1EPU7Q8Aa8WTY3spump,0,0,,
7J33TuoWgdC9WzamviRja3i7H62mLzcZNiCaBrhtZRRk,0,0,,
6Xx8p2WmY1Uk2GD35uxhEyuniNrVEeSu3CUThb8Upump,0,0,,
9hqkLZnz7MppSD53irCMP4NAu2ap5maUSy7SLv8qKUiL,0,0,,
4tARAT4ssRYhrENCTxxZrmjL741eE2G23Q1zLPDW2ipf,0,0,,
ARV3QmQhe2ArkKEZb5VSuEFm34WSvtf1rur8Ud2fJ8by,0,0,,
9RLS414pwe1RvCQDFNMU31jtPAnLUVULPqzSM1ipump,0,0,,
BGMcGQee1J7GuxvLq3cZisnzbZGPSrtsArHRR5Y6pump,0,0,,
GPrF7LXiQAY8Y9Fci7et2C7a9JsrCBDRvEAKLCjLpump,0,0,,
279QuFQQoBwEQEu9Ej6HMBdwvVxZvKWurzXMmLccm4CP,0,0,,
DcFBQ6YrmUPQzH63E6aYF7XqaMTb299NKoGAXsdLpump,0,0,,
ErUhvKtfeJ6M6ZepUQkzt4PPZXJZSf5aVim9LUp3pump,0,0,,
pNiRivfUujP5uafVU5oKJCLkHxQnt4jttXZKz74pump,0,0,,
2cBwLnG1jwm4B6yFGJ13mKJcUFvuZS8v3bq6JwVmpump,0,0,,
5Jng6jkLKU1o8BNrCzTEMXMFvPjNJZTpdWR3Hq4RHJb6,0,0,,
7PrD83NuMYWSUJG6s2BeJv2nRkV3giy9XkAMFfD6pump,0,0,,
9T8NC8Uouorwh417kQgvBX7NsasdFGc94cbzpEMCpump,0,0,,
4p3yhGbpu4KVdFeHKXvxs1cnaL3MdUAmWN7CgGJwpump,0,0,,
9YDSKLv6vAaXhKECNVwjiFrTe3KsFPRqXyd3D2Qdpump,0,0,,
376kKRPZf5uvVyxdjPdZ56oQtgkfhWHi2sCs9t3Hpump,0,0,,
H7N54K1TjCgRtRLanZaPaDczdKFBTAiA4grvcVuArQzr,0,0,,
8NfqNuQAX8a1HqxPJT4sp2iVzT2T8sGnNezqgDjupump,0,0,,
J7QoEcvcpieuDcuqrA9GZjunGQ3ofkGx4MzgyPmrpump,0,0,,
AHgq3ycUaX9FLw2a5Aut6X4V6KraoZHga3s2whg2dM2h,0,0,,
EvsqL9X9GK93MTzvJZjXQGhkHeS438wh5zC8ebEJEyLQ,0,0,,
4pmzgjkwyFdxbfxQseYHvpu1twBR8PGZNx2SuvTto7kj,0,0,,
HDfxXAX54yiKXWz5688N2JNUMJcXvCfDfAy9WtTjtGLj,0,0,,
BVG3BJH4ghUPJT9mCi7JbziNwx3dqRTzgo9x5poGpump,0,0,,
AYMwf7uvzTMnnDrw64zcMjLBGaqrVcSGP8eNKXtdpump,0,0,,
BEgBsVSKJSxreiCE1XmWWq8arnwit7xDqQXSWYgay9xP,0,0,,
7teGGyBmrCb8twtbwD6V7xW5DbSrCK1zo4nmGHcYpump,0,0,,
6f8sLoi21dJmo5d3Ju3F7mkKPmLKHt7ieKJjeJuWpump,0,0,,
14RgWPyPeRHsQqDdAX4pJNVhTf5m3kHRJ3Qj465Wpump,0,0,,
8Ey8hmzfjPRTkAzzMQShJK78RrKvprWXjfh18xrAXV6S,0,0,,
Hax9LTgsQkze1YFychnBLtFH8gYbQKtKfWKKg2SP6gdD,0,0,,
AwRErBEFGTnohzfLeRSBH9HddQEy2oeRxnWLrbvFFh95,0,0,,
HGs2M2x7iHYaDVotWUMWFMLoJGbSWp4MeP1Lon3gESC2,0,0,,
6gnKoTbsRqMXvUGzwyJygd9vGh2zzsEmtjqFXkFZ6Aon,0,0,,
3XT6Nggi6KbyB7W6nbNiqqMPaehTaEPAZDRDwhzP6JRK,0,0,,
2TXwAQ3jCicGS4SdoS1huXT3hEk64ybREaqT1jtkpump,0,0,,
FGB45QFSFhhu9ft58dWP3ygFAR5Q13Munu5Ks53cpump,0,0,,
79DSZnvKdTeyxVXKFYFxLW9fW6gB6xjCFUBoyRHWjK8w,0,0,,
9vtGCzgtZNR4DZFg9fZRX7146MJ3XBEHfzNpT3HHVoJF,0,0,,
HMpR9VmkBgY8AVTqMCC6uKEzyQjXaajpjQUafaz3pump,0,0,,
4rpR4A42oNs9NfQJ8JKEVUKb2NcUXJ8CZpBKkaJquzZ8,0,0,,
DMAjaBMyDSDCoFS3EcuZwARwTWLmDLbWooAmcntPpump,0,0,,
BxBReZ7gTa4HBC29A3KtmsjqnobvRu9g59gBMbTUpump,0,0,,
E7MzhPoCdDZuLUmwckqVkCtyWNpP1q3iEnn3vE3npump,0,0,,
8C5wsKz682s8ByYLxVpY8J3GHSAHTsT4fJPfT97Npump,0,0,,
GJAFwWjJ3vnTsrQVabjBVK2TYB1YtRCQXRDfDgUnpump,0,0,,
F68PXZMytvSvhq4QqP5VfonBzoSXvCYqhhACYjs5VDHx,0,0,,
E8cxtZH4ivfrZTHXKtVmcEqkyKX5EKKFWW9X8jy8pump,0,0,,
wpU56BR9qLyA9bxxF2uLtULERVZFvtuLtcXdL9xpump,0,0,,
CwynVmAW8J6LKCej7hFjEF6QyrePgNDHvJZfSdkfUYRo,0,0,,
HeCFQ5hiDZRKVYEuDF1LYBfbYfqAg98CQtbrTR7ipump,0,0,,
DDij7Dp8updt3XSCzeHCaAoDoFTSE5Y27i2EQ9qjMQtr,0,0,,
5GYpgqQJX2bFDFHqofMvTT9bWheUBnspKs9breG3yMef,0,0,,
3jg8dpbGd9bm3MELMxeu7m7yCGNgiWCn7JUeYTk9pump,0,0,,
5YCLyyUYUXqTHFBLTStdDhxhPwqQoaMbph2ax3HuXT4a,0,0,,
DhncHp7VRouug7f7D7PXGvZhAHDi7tuMbbmY24MVpump,0,0,,
FoeFu2gnaJpHXXbB4RKHTHAx1YZ4umgB7FTh7kc9pump,0,0,,
FWRJrFppbx6TxMtzcjDBkXMqyv3W7co7nvvHmD5Ypump,0,0,,
4QEMf7ZbZoXVk2DPSwZUkcxXazPL3qccfovxv6A1GfqP,0,0,,
FCv5k2rBYpEfu8EfPAa8avD1yfjYeVesPQCSc68Ghckb,0,0,,
GVwpWU5PtJFHS1mH35sHmsRN1XWUwRV3Qo94h5Lepump,0,0,,
8zFovnzXzK9JDiftGaw7wiRxARrRtvm9Lz12vJ8CZ5ZA,0,0,,
5PuDA2mZv5MMi5yLxL3vRWCiGADPg9zybb8QtbDeqkxR,0,0,,
34a8ALsPmbWxp7D3bQ6erERrCLz1ahr6u6o66Udmpump,0,0,,
3xv6pWP1oVENMkZAASxoiAF4dFH9PGVtDnVw8xrbpump,0,0,,
CvGtVYAVZzeZk1bY63F4wCMXwcdkoAzZNjHyWx4vGdis,0,0,,
7RrLheV7dSecVka3MfjYb4Wa6Z6uegNyzhpFeERsfFZP,0,0,,
BGaumRqjesfv7jHecTG4cZJNJKt4eJGpTPeFqt3rpump,0,0,,
Fmc9g6bL1Y8Szhn3pFqRnoEhaopbJNXHMdcxqHsUpump,0,0,,
sQFP6ER6XgSgrjxf3LUS4XZtiuyoyGFyaAjsKvppump,0,0,,
GZBwGGgmj3PGSkb8qgsLYkJAQexRVrxNKVZG8xYUpump,0,0,,
2tUS7AK6V9eLHYLZNuNkRiskw1L2sFe9Rvgo1Jr8pump,0,0,,
CvARs26ujuCphpnFQZ1Lxsk5R6YaHZ5uKUJoRnoLpump,0,0,,
82jE2mJaHvkUruxzkkyiVFSs2qWeHengLv6Qmycmpump,0,0,,
8FcdQWzKTCftkFaDVnubULkPWUnu1gYfyD7tuGFiiRE,0,0,,
FHvhdenKH315NDeVTzhH7GbRucbY1kV77wShmNwUpump,0,0,,
Be6BL1r54zDokjDEPhEM6AE7xD9DcDZB3Bc2Tedfpump,0,0,,
BZW215nxTGpbw87TUQJJpABGTBXeXqfjxjDYyrjCpump,0,0,,
5mZq6ViYsJbQACPCZqMKu7QdFrq56tABPVqeUM2Ppump,0,0,,
4B3NXEKgsT9hsadpCKNEwSXj6aDqwR7iqe5GzvgKpump,0,0,,
5Nvo3o9h3WQy1LnLUfPTMuNCSTssi1WaW6ZJ8kuapump,0,0,,
9zGjSYsr44zi6kjYbSoKsPx9YQ5y6xFZRhj2nignpump,0,0,,
6ankmURHg2te1Yv2FHEfTT6hm9DytjwwQDoMWWgspump,0,0,,
DyQKBXF132Tcp1mX7mXQw4R4m75SSBQWfDxKQjhxpump,0,0,,
A4xTTnk2XA58JC55GdcmZWhUDixFmEjVfLEmTJrE3mC6,0,0,,
Edic4yx8UF6zeDpGdzyzMjYrNqQWbkubJjEWfW3bpump,0,0,,
8QxF7E8QFnacBy6rhBEo9Sc3ZYY8rhD1iQShEcifpump,0,0,,
J8XFfJgS1cs5WVGxGwZb9Rt5rJZizdyzaLhidtvDnYjC,0,0,,
HGYB5WJsFbx9C7Fcub2bhbNxAjwr7MXcgPBmajGupump,0,0,,
33rVymHHPxfMvg4EHKBRF3h8a37cG7Et3eQWZzAkpump,0,0,,
J3VhxNgkv4MNrbWSyoa2woy2TMToiFcusR8ZyHDNpump,0,0,,
oJ4EYgeDfviyFYDNmyXSjpMqjuXwq7wpGP1rm1Hpump,0,0,,
7FqbUMfC9QwR3uySiXjhkPSna9oDgw1NisBY4e7Rpump,0,0,,
HP8y1qAHoG3NzUL6GPLy6LTsCi4oKouV6kDAirs3pump,0,0,,
Dsfm3ym1jEUUiJXD42jqmshRpVnvt887XzGntHsipump,0,0,,
4n7AbgC6WWBMBqLa92vC3FmFQti6am17KS9jHEKgirPF,0,0,,
6UaBXHo66aMBk82hR2xzB466sv4vNc9dnJdHtrBmpump,0,0,,
GPrkPFgCvo6cBzPaPWMxPSmnTrFfdTjMSxS4qUjkLUHV,0,0,,
AoN2z7w7ccQJQiWS7rjS45dcyYkVkBddXDcrzmj69tqf,0,0,,
7PLFUMueEkMDc9dNoCnL5kG3aoLixML1iG5nA9ojpump,0,0,,
H5ctunWZubsvHRh8uqmPjwHRBuMEwfuZU2kD6v1mpump,0,0,,
N2jAJu9ymjNwvKuSWJ4EvmS94MsxkNGL64g2xPPpump,0,0,,
5JJA6obpeSMwnXB6jdDcgKxVDScqp22baPVobnbBntKV,0,0,,
CbMP7j1vCybSrVoBZGCWXMtjFdq6dHf6Y1Ave58jpump,0,0,,
6ehL2VqmPAtn4c3pLkAJd2ah4sAzKEL4nmwxh2b7pump,0,0,,
HtCqD3o5aF1RXcyGi6AW11PoB3bZmFdA8kvVyhJrpump,0,0,,
2Z9QVQoEEURGgdJb1gDADNhrWH4tEGVmc2wxVq2REnHN,0,0,,
4FdqyFg3rYs9NRjC7shGmSH7YG4iQgAPSUyzDkWxpump,0,0,,
D78HeoYCwchhmx2Hoo5nkyMo3BCX1saoJy32sYipump,0,0,,
H6QvmSwAEfpG2r7K7PJK7yCM2b42oWnWte7jZP6cpump,0,0,,
3cKryQr5NfBD12gE3r3MAiGvARUY7SA9pWqtyRb1pump,0,0,,
5LgNLDTvjV6nKQHBEZ783VDoYN2PqGNAKDWPg8wCpump,0,0,,
EDHrQBSssKYGNht9FZMhB9zzf52MZaBe4N35iyRgpump,0,0,,
EfNuJ8BqdaXk9Pa3kUQR4Bjwjtn8VKPshVfiqZ9ppump,0,0,,
8LRpgKZU7e1ckqo6qFMCVmhHNRUAAwu1Nfkc37StXCRs,0,0,,
4FXm3uodVkE5Gsm6xFiCsuhx1yhCixszVypraeAfpump,0,0,,
451zhKaaoX9jt68s5rWpmSKp8uKSu9LZwNmsj5XLpump,0,0,,
LX2mJPsutHkUc6iXNFgumSC6LVKyc66xpy2zDTZpump,0,0,,
7hSutBnh5jeuy7usk2m5iEibzkX8U4p8UpTkUUT9pump,0,0,,
88MoAVbA6hj2By7uH7wQ7nYz8qyVY4LUYc2QhARvQYeT,0,0,,
oWe8AAAeXWjkitAEFo4GNDKXEiLYCeN1T82eLmoQm2U,0,0,,
5H76n6pgkYCmvpWoSvhSL8yeUc3bXQvRQB9rJdb1hpj1,0,0,,
EYrci5wDqErWHXjKPLxeWtbXq36JcFKzCC7JoMi1pump,0,0,,
8EhBnXiGBP284kfZfiWrQUqX1WJhohGDxytA2uDhpump,0,0,,
mmfkyTYJS9fPnWBDfbayi5zKYtioYM7mbGUSLPQk94U,0,0,,
Cy4DSbZW4CE6cG6HDqQFhXxpHTdm41SY9hBB1JG6pump,0,0,,
ErRNM6LhrSLVHt42m1FpMdretssiMaN7j6YM4hKnWcVM,0,0,,
UyxePRUUd49g3brGkZzXFR1moYzWZ4dVLj3QqU8kQCV,0,0,,
7LRwrLyztjtusMxCknD4UXMs9f8Cvn3GTobjH4ctt8AN,0,0,,
5nZTEtgd9pyehq7Yz1mtf9EJBrsLwqoHqS9R9by9pump,0,0,,
6rzxx5bCej7aB5WQnDsvTvPxgpo5LENimtkRy5FL5xKo,0,0,,
Eqpzipvwv8iptjvm91rebVv1g143czCykL6uKVZypump,0,0,,
36G5joeggQSyGnVEjSa1h8eL7f9QSdLQzV4XRd2SSF1G,0,0,,
6AY9rvbPGufhjofUPg3Qg53pN9xqDYKDP1gEzM7KY1Gn,0,0,,
4mtLH4N6HbYwyHsSub1cJrnf1q8aSR38nRdmcqXPpump,0,0,,
UwU8RVXB69Y6Dcju6cN2Qef6fykkq6UUNpB15rZku6Z,0,0,,
AGaaztvnEw2DkTcB6AxybVSnXJQnrbAyBSoEMEttRb3S,0,0,,
A8h78muegtuonUxqAhpmWcM8pJskYsTW4Xp5C33ipump,0,0,,
32i3VKoMrkY1sszZSsYF3o6zejiiTs1xh5jgqMHDpump,0,0,,
Eoo3LNvzyMm5K1jfwY7PkSdxBSBgXYJJ7DERTdFBpump,0,0,,
GWRUv7ptKpsj42PmnZeUoLBLfyx1TzPTx6oAZ6uKpump,0,0,,
46KirRwaHxiVhLCapkqPj1M7urYChzmkGLRNyuuzpump,0,0,,
G8aVC4nk5oPWzTHp4PDm3kAuixCebv9WRQMD93h9pump,0,0,,
FiQSxRdBzBgskvWcxFYZUrYdcZ55Qzci9dtrSH54pump,0,0,,
7qaerHoLQkBp6neMnqHDjWD2aCixHfFVgKKLAPRRpump,0,0,,
3afCLrsso6rzuG8LMqUy5edGdhKnoUcZEDYpodUTpump,0,0,,
F9bMHjS2NqwE4wi7VdHtfs7Eyd9xQV7mW5quVorVpump,0,0,,
79yTpy8uwmAkrdgZdq6ZSBTvxKsgPrNqTLvYQBh1pump,0,0,,
BzaRtWPmHNoapxmU67oNzDo6oWNVTr4UneYUVLJ6pump,0,0,,
BoBj68cWnCvzMNUKzJyR7Jq7tLM3v76D1pYL1E8rpump,0,0,,
3fGoNjPohYRVPk9iJuwEW5WuURU5gmAdSRgNgeaanexQ,0,0,,
5v4w5ifjtqidU45FtX3kyGBdXZ6ZuXJ8Vc35bizgpump,0,0,,
5kds4n1KZSNhWprfNdSbYqkTt5mxzs1ieUNZvCWXpump,0,0,,
DPvS23fqX3rxSUHhWojT4aK9MEoUyKF5Bx4nEo2tpump,0,0,,
CoS5LWSuKjzBJGnpT5cjX63mFe3v26PRVwJV3UVHpump,0,0,,
DUnooyhCmWs6bqKZSijuxR3SjKvx2BJ2f1KDmHTtqFP6,0,0,,
H9D6zuYzL35aZZV4MxRc3H5nAJb8M4kxK38HCUGypump,0,0,,
6APnaLJaNtmXzqjfp8anVTYyG7ZVfuHaX5h3yR94pump,0,0,,
94bUcqLw257VaT8CiezZ9EUoTTtXApT615X1gY2GmsSP,0,0,,
3YojKgPjadvaT7HWnzAZssfiEFMKRzNbLWx51idVfs1U,0,0,,
AdKzRJoVKdJ8BNwPy2DiYiujimLr9GQQdc32sQhHpump,0,0,,
Ck8tgTCQEWEmJMrmMBUZHu7me5TPpve9AXR1hKvTLG64,0,0,,
CZZSiF7CpqZmBrLeV4YbcdwDFUnf4vUF17PTTKuipump,0,0,,
7fhoevmQGrLX3RGE7GHEr2aDkZ333LBsHiwDBaAXpump,0,0,,
C9TK5usJCVHr6qLsic1Mex7G39FJa4HT342LJ2Z8kuye,0,0,,
TEboeiH6F81WKHz1vhryUzhTsvi8Nnn3HHg2pWGcSV8,0,0,,
EvNBoWwZFF6pPpjTnNSzrurxkDfw1PGUmih1eAStpump,0,0,,
D4N5vcpdxysThXZqT1VEJYcQzvp59Eff4fHQvbL9pump,0,0,,
5Rhy2jBoWjbHoZfN5HCjBqPNjf637FuVnscSbq3epump,0,0,,
4NJg5b3YSyj1rapAmyqmJoT3eamQFL1AZFiH4Wfrpump,0,0,,
7M9KJcPNC65ShLDmJmTNhVFcuY95Y1VMeYngKgt67D1t,0,0,,
5GfEp9kbyTC8M5SB1LhqH5sHwDiX2LpKpZu1TzzJpump,0,0,,
D7MWcrgfDELBM6rJW2bkwEqKrGbiSRdASUJ8epj4pump,0,0,,
Esuk5eMYourEFWWXfFAWm3oSYPbpUJQe1XLqjAeQWmP9,0,0,,
AHtBwbKYYj69Mo54QXGmzkroA7S6F4CGj2MCi6z5fxhf,0,0,,
HTPHknF5rBNCuZ1qK3muJA6Yo1HEhZj722oSESJnPBiw,0,0,,
43b2WtokZQTt8wJ2Z6xDvq3uaBcZPdp2bvxBXfg3pump,0,0,,
CQ9pmqfXCtRT5SyCpk5BxPYjsYkjyQZVrVfHX9Q5WTTB,0,0,,
94zczHm8beQ4ToTSCpngqMxEDvvwpxk5EnAt7cuBpump,0,0,,
9dV5wyv4U9MHtz8r28JNmkVimrE7mAGDiddyK9e3pump,0,0,,
HJgHiNNUaRLyaviSUQvaYgXz8XhvMvGqCLfkyw3FSJeP,0,0,,
zatHUKJXCvgYBkbDMFn6Q8FukeLQkywroBw5Uv4pump,0,0,,
6YNwKwYPqgrCSyo1bUG3jj3kpQmWgnhYYnutoJDrpump,0,0,,
6MQ8D4XgoLTPGgkz7sbJdFzA6F6iuepFXE2BtV9npump,0,0,,
27vMFjJerzLd5iZX2tRWL4eHUTr5Lfh5YWdakU3Zpump,0,0,,
Ggy7gPHjMWQWia5kSHPPx7SEUtm7r5bcyTYhmVT7Fu5Y,0,0,,
G1QGzMf5P4LPocefdZw6MwAYbUwq2K4b1fbdWuonpump,0,0,,
7HiSM2hkmqzhZMLuKtGMWkhvDi2LpMBepWRFYjXXpump,0,0,,
FpsQe6AZKJjdFepKJGBPD5zWmxtaG9CQUma3xy8TLwS9,0,0,,
3DkVGaNSMTcxFkgGDAm299FaVxgnCw2411vxZTmRpump,0,0,,
DiVdD5yfwQ3v2aHwUU6VUQEaLn89BpPWXaveMY1Wpump,0,0,,
4gDCHK6jsPsdZi84N4rY6ACecxBJWsYkcfHhf8bHpump,0,0,,
GpzTUBLEPTFL6S8L8rDY2ABXS9FaXq13cy8UtdYppump,0,0,,
8AS9yeGsAwvTs9gCDKMmB2MgX8NiSvv4uppH61yqpump,0,0,,
44cdaSsGYWAU1HxosBzkBRVcq22TtAQ4windjxr8pump,0,0,,
BP9uo1NFoh8dh7TeeDswyCwj2BUaNL57U8tPCCRFpump,0,0,,
9NDb1789b6KNEiyJAs7P9Fw2KHQHtn3fdGjfunRkpump,0,0,,
BxJ1rwhiiLfWQ9DFfsu8DVUHLkfkW3VH1hnJQP1xDcpq,0,0,,
5uSx4M8MJJ4Rsh6jPu93Tx9eyUArVi6p8fFSY3uspump,0,0,,
7WdDyHa7GDuAvYZAGFGEbDoBUka1S8YvbPgTW2WPpump,0,0,,
wGVjXYciac5tNkq1sPreutUTYwTAkkwxnsLKkjTpump,0,0,,
HPbifkeq2CDCz3qQGC5xWzyBGD9Zie9t6Abs1GAgpump,0,0,,
5PBmgX7Y6vBxCvPgxBxeL6bzDdtrvUgsZ4wUSaPDF9Uk,0,0,,
3jik9c8wcB9xLJQyJJqNnabcRsbudZzFFYogaAaupump,0,0,,
8zZT1wsj1FusRf8BqdJj8c8Thp1ZN1HWEttz9Rtrpump,0,0,,
G3s49agBGCXqqhLXGXFtasQgAAMPvXQifyWL5M2Wpump,0,0,,
FAJW358HjJ2mHXSHbHyxghfVGzX5SBoupdjRr2y9pump,0,0,,
AJASqFZxU8Kw3Sg4wQTAARACgfhsJoZGMMmHgYigpump,0,0,,
eK13LJCuB63XStKRNQRxZQ8hFZNFR6dJNYQRB2oJne9,0,0,,
4M79Qjv2Jfjmcq19M41V8QFYohBv2KrgEn9dJhVtpump,0,0,,
3JsKWXZ5rcjq8BkjuPdeTpABVSJgsCNQGe2iNBBtpump,0,0,,
EGqM7DqRdfmQ9DA4ouu7msq42m1wT1begMZZB3tRP9Tm,0,0,,
APntf6qxwj7tMRVhjuviEitXyxy6RwXJJYP3j2GjruvZ,0,0,,
BfK4D5JzCtxA65WCfPgqRdFyjJ2qrxCqW591FXydpump,0,0,,
CEv97t1Qp7FB6XX1PH5ohyrzUCeKAQbCpAjxegJq9HW7,0,0,,
HRiALt5uPXTHe4YRVeTSY7ngch2HUNzksVDYrcGSpump,0,0,,
6P39BjBVVAGtG8q1uwTrPz2ZmXWuXqeVT5itTFNgdiDc,0,0,,
28tVhteKZkzzWjrdHGXzxfm4SQkhrDrjLur9TYCDVULE,0,0,,
J1S1PVUr7kwAXtn4hyc9yMs4kUzF6tYK65pRSzNvB7NT,0,0,,
94FnQNcFR1BjaURLK7psNPR29TF2En5zpA2HUwo1gKee,0,0,,
6wz683m6jDumpqpPb7LxET3xCtuJjfgyXKe44yG9avsd,0,0,,
CS7yXAs47Y9MhfQK5aigdu3P74jGLLM1a4NQ8d51YUf8,0,0,,
BfdVHnbt9LSNAFCZU9kvTjbrH3jX78sv2siLKGQ7pump,0,0,,
5tVLEXQWwAfMX2M8i7B1jopjNdNqJJ3nFS7VqNibPTtu,0,0,,
7D7BRcBYepfi77vxySapmeqRNN1wsBBxnFPJGbH5pump,0,0,,
5ebKzU2pNya5QDjqEcE47zc1EuMiHs1NvJomWePkpump,0,0,,
B5jwKLqAX9x8Y7AZKyEJs9zmSyBM2DotMyRYJxpupump,0,0,,
2ho4cNvfFV9DWvw7DzCqrN2HMRdvzYJFHTR2Ts8Kpump,0,0,,
BD7jNnt6uYDp9rVRBTjJhkweGxYQppRe8CXLnAJspump,0,0,,
65jY1botppeWYuDmr7wrWFa2VJSo4UHau3oypAdFpump,0,0,,
73JGvPswxTsz54M4CLXkKxL7yQ3zDvMfXCmzy6SRpump,0,0,,
AU6z1iY7Jt8kLzybWvSzj6jFEqVvXBZaA8VJmK83pump,0,0,,
8ATm1hGfhkMhm38DREUQPiWU8mhFzAupqkNv7nhmJVNF,0,0,,
G5Hzh5MUdq2Fs4LEpzZVnjX8Z9WtEfqaTsxDWzqPGWGq,0,0,,
9MnKTgwFyXJgnZumHGT9NdHuzm98ACjkNwpLniLhpump,0,0,,
AzC1u8NPdpS6DVBs8Mv3P6egZ2AhN9KaGaY64xVMpump,0,0,,
8NNXWrWVctNw1UFeaBypffimTdcLCcD8XJzHvYsmgwpF,0,0,,
CdxpACLD8yfHVpkYAuVdXnRMbnAdDtP2qeMeJaNbpump,0,0,,
9jZgvgS2bWtQiYzv48GcWzY4tnkeRSANbTm8Kp1LmSyS,0,0,,
dFVMDELpHeSL4CfCmNiuGS6XRyxSAgP7AwW266Lpump,0,0,,
9oswXoLd3iWNM3ncyqNaLtDTSyEaj8mZR1Qu3SoGpump,0,0,,
2qAx8nkVedYNNff19N4CZZJT66etYgSyWcYvNasGpump,0,0,,
26KMQVgDUoB6rEfnJ51yAABWWJND8uMtpnQgsHQ64Udr,0,0,,
94pVRmm7DoRcoGuwRPq6QWdqng5EfxbC7jWPF48KqhnS,0,0,,
9odTJiL7RbBY3EDHhLs9iTsDu4LB81oFJAboLFtFpump,0,0,,
26LDHcthoC5jeQtYJFyRJ14yFVYqwsrMDznAUhWepump,0,0,,
HzkBrfPPkqk6mwNNSYhjkw1AkfNZA6zwvKzQMacapump,0,0,,
Be5PqfkmrYefd4Z6Raqf5DmihNdRdFmi7L4KdTGQpump,0,0,,
Fr4b7WRHaGiuqqVvn63aiACibYwCMMRvK7LHQY4TGWLS,0,0,,
FStMfWXryYdA3aedDRXfXrBVWu4tbHGJZSwPyT6upump,0,0,,
4f9Nc1vPWvcbGP9Zfi6TWD9tApyMgBrqmXexNZnR4Wmo,0,0,,
HcD1UJc2KK48DfuYCi1wh4Ccn4d7L19gt661SMgQpump,0,0,,
HkoUKKKwSUCT7DZJEtMtkKapduyWxbVhBjyiAdY75wx3,0,0,,
C3YBjaivX99gzMdeQ1PCpVP3o5kNoaKkT2yAKFqRpump,0,0,,
HAnwjuZhPE7aCWtdVpahtrACgV9wgQfHBvea56Fypump,0,0,,
GmbDvrr2NVEQSycbudpcZm3EZDEt3Sj4VdhTQNkLpump,0,0,,
9BrGJXPhiZGkQKG5E6PWcbryy4Awj5RymmGKE1uhpump,0,0,,
4HEN6QcmzjGfhSgpyyfTsE7ohdamb5jMPHRg2RXapump,0,0,,
8JEo82gbnGwQre494d4rqP7R5NNvpmq7YiuiKDdupump,0,0,,
A7uv3n1By5UNEa8UJqeCjGyLqHkMnkS1NP6K67VZBqd3,0,0,,
6Bk1QK824tfYM7CEVNRB35gS7Phe7AjGoTMEiBWXpump,0,0,,
HwXDgyG48WXStacHU2KXfqM5huxHmGJhyXUNY34zHqmp,0,0,,
GhuHvipwZHuXVcqjuC7XDpCGTpuoDPcBCT2NgQfrzFUi,0,0,,
3xhDkG9BgTBnwM5D3PACpJxwtmJ1Py9LzpvmkD67pump,0,0,,
strng7mqqc1MBJJV6vMzYbEqnwVGvKKGKedeCvtktWA,0,0,,
GuwRqNESB6rjuWJa8YsJzoc9WinvWiti7bz3gqUqpump,0,0,,
jVV5Fo1zHF7Sbw5xqGCGGoNDLej45DGBxoqvqrfVSWg,0,0,,
8Z2h8VsYqUoExZNwrtGQ1LQiHru6nnUsPSpvCwNapump,0,0,,
5n6LSP5zQcTrd9eyQDmZ2RHCxbuHK88SzNmkGJkypump,0,0,,
8SJHvukeqYDyGi64zdv4AM4GrktUtaB7wPMgM3EHpump,0,0,,
HD7Z2NZNvZepaLkg18bA2GUAytyHfuuBoiCZFoRpHpG5,0,0,,
8QLTsTnPN4XxTP4ZU7osE4j5XpTmJWRDNQmjLzncpump,0,0,,
7XJfoEjP1S2T9uBvkYFWUYymqa8UxtD5ypCEgYpCpump,0,0,,
8JrsqS5H7gcCKZghFFT4D6KMwojeZebt85E5t3KKpump,0,0,,
D5BD9DGd95cqop5MV1Ph5v24MLTSB26RYcwUizSpump,0,0,,
He2EL8hzZKZEQPZw3TvHCRoBeuh4rQzCBxvv3uCCpump,0,0,,
FQpynoaNTHckHZaDvziAKYU3m3vZjE1hvYB7ZSUaXkat,0,0,,
HMuVnkNdVGwvZmRAoABK1FewvvQMebJHoB3xYkkjfbck,0,0,,
EwwkULTPVuVSrZwup3x9JyGEnAaNPZqUbxH86qTpump,0,0,,
G3Kzy6mbETc4AnhL32pLzyR2Tu2U7fRCUdDeBqXJpump,0,0,,
G7YVLUYbhiqBXFt4uhKF4Ejs1eC7yvbDhr2syFKWpump,0,0,,
C87pFhcH7Lu8pviaE4pHSWBjWjKiaaBE5WRRrJkRiJCr,0,0,,
14CP721J5AUw4RAkydnFcY6PyvV8vuzuBiHAakWSpump,0,0,,
GU4yNA5zbmxTzFfUNv1bx4VfhxQ7nWb6Zs13LCgFSMp9,0,0,,
X8szRJUVDNKBegUsJbE2pjkhNbrZFHFHvuwcbeZpump,0,0,,
9jGc4ToJFzkDBzwFrYmbg3mNNFptUXP27zTx7DdEXwLv,0,0,,
TrUPjEqGpUph6sMJX8C3yYja9u4RcVUGTCkGG4xLrjG,0,0,,
26s3UGB9hund1qspApy1zYgCritxAooGg7o63BMn89Yq,0,0,,
TtrY77Dyp6CbGYUre25Y2mgDT1uGAJ5i7CbpVHEpump,0,0,,
44xU5EtqPdHkzuZXTFzFhFYkJGrPu8qVmhbQWCe5pump,0,0,,
62qAVEW8Fo8W3HpMpxfsLpGjyuJe8TSHrjueyTw89nYg,0,0,,
FzH7ZaVk2ETEK5J6PuvkWwG83E3dGEVAP8JKinf1tAUn,0,0,,
FzvxgomKkbgijYqct4v4KRaroVPjjq9RfBeUL9mLT1P9,0,0,,
G7whDtx7WD1wZT6Uct58ebrKmuESqhxCrkZLMnZUcez2,0,0,,
EEXFVvTdHYV89K36UDnmdh2KgEYHAcYT8Cgu45rgTACZ,0,0,,
FAdDY5y9LWFBTY3pBHJwRkKGoeVNMjDjzrBJpiX8gfzE,0,0,,
F6s6hxSW6yWF4h5YBbW28JHLFEGXKYbEmungaTPtpump,0,0,,
5cXZCTJzJ232cgixESrZn8E4rgZFCLR26b9mfWtipump,0,0,,
67ttyDFSByfxGjKm1cjURpzt9YtbJw5NmpiKTXH8aJg6,0,0,,
vaBHTJ4SF4g4LKVF63cywvbxToZqicGhNcW3Mggpump,0,0,,
CJ8oT6dHzyHsXBq6JdhRHiRto3Le96pHyPchqfYdPxhN,0,0,,
4DUMGk8R9YXCmuv22AvFTDRyusrEwj3bKcVzfajwpump,0,0,,
4TJ34ipu5fNrCfCaRkw39LSCbuLo8kwSGaKKvAtamkyS,0,0,,
EPtGK4deG13EmxhkrM3uQFay5txx3hRT4ipQpKsfpump,0,0,,
8jv1q4Z1jbd22A5MSWruC77DhHESwMr6Er3D8hBXpump,0,0,,
FFbqksm3oVZjJGbTu794gEp3RybqR7dBNQXBHv4X4oVn,0,0,,
4LmvdjiWHfumC3Q2xGUVco7XWSyaNYPgsZDNKzCTpump,0,0,,
CEajNSM4SBDB7PkhpNAVPhTWnKPaaqVnW34NCW5Z2NQt,0,0,,
FXPn4kM8M252tbRXV4mvdqSQvY6jrg3J5cuRCphXpump,0,0,,
BoTqar9bsJjd1aroqYvAimxW5ADy59VgfBpCFQ47TRet,0,0,,
HFHkPuirz5Wz6pADpGzwijmDByAU2vrPexrcWTwmpump,0,0,,
9Lzee8WAod9FA37gSTqj6DKYPaJwebtFMorgYr5vUY1A,0,0,,
AwYhiv14QMvcptQREpcsLteMDSfBdtVXmw7f3gaQiect,0,0,,
6gpFQodGDdWVARpLY7fcXKXnj7uNs7eC3o24HhURWiSv,0,0,,
DR5zpwxyr3yLkWM4mmpuRPC4qWQPcCtmppT1ZpuREr2M,0,0,,
57Rj3JNFin36BLmMNDkXDEYBCs6xK4KWAgxMrNCbpump,0,0,,
DMCiRKtyYUc8SDvzSt269PftSXakSRJGBTqUALRoMdwB,0,0,,
8x9c5qa4nvakKo5wHPbPa5xvTVMKmS26w4DRpCQLCLk3,0,0,,
AbBEjBdz31yCb9gTFfWgEi7uprCzjTEKL58xqHVbbjhu,0,0,,
3F4aTvvQBdtWj672kNYRenMtMG4jwQE63redg2cN4tCm,0,0,,
HodiZE88VH3SvRYYX2fE6zYE6SsxPn9xJUMUkW1Dg6A,0,0,,
914FM2PwGjufiUiLvbNS3ip6VJvk6QJ5VKHL4gmubYU8,0,0,,
5dQTX95E4QEFcbCcshPitGQKjTjzHUyYxd4vGMNKpump,0,0,,
EhJJbVtcZqRgi7mUAnpeDiRP9CExRaQ78vcRFN6jxrct,0,0,,
5WkoGr8UExZBtKNwdfAs9Zc7qbZSSxww3dx59EdJpump,0,0,,
DPaQfq5sFnoqw2Sh9WMmmASFL9LNu6RdtDqwE1tab2tB,0,0,,
82Rc22mnyHrmBGwj15rhYhFzVrU3bgFkjNtV3iHjpump,0,0,,
6G9UoNmvtpgdwzwNQuqCrTD4Bz3j8VyKVJPsjKnrpump,0,0,,
5s9nZpYW4veb66FektvzTQmK3fp2Uu9De77xPB6ypump,0,0,,
2oGLxYuNBJRcepT1mEV6KnETaLD7Bf6qq3CM6skasBfe,0,0,,
9w3ACAZdjV3r1vnqArEojkdTEVc1ZgJ5gLaxLQATpump,0,0,,
FTpuDeBSeSjimDYeXVenqot18PZ51XvsiYMzbLXHB11g,0,0,,
4H8dWE9AKxzR51ePpj3VjVmqNr673BM1zjTRnJxmcvo6,0,0,,
3Y2Nnu5EDAQHurxmiv2sgpxtZtYV8eNnKNXacWgDpump,0,0,,
6tUyJyuc69vHyVgthzu9KhF5gFofufEij9hUkZTjd1QN,0,0,,
3CgSutNze3m4WzmDxHCVrvqLd8AYkXbgMyCigsiUxSc4,0,0,,
CgaBF2AkhhV5oEA7bM2ffF7Hstf25e1Vw8D6tu1mpump,0,0,,
26uNcuX5wR2kxA5YiE6GPK9GWniB629JjK5RM7cWpump,0,0,,
D29DeYpFHBH9d95WusxPnbUoAdkfcNBz1fjh2ogBpump,0,0,,
5XNUYaJNgaEk53x7mLGiCB47WtgRaHRHoSVUn9hw5aXv,0,0,,
7s2E3dvrniSxaPdfx5GF3JKw7ingn14Bpfw9jA76pump,0,0,,
GpLF6vGzZvn2ZPdVxP7m1LTuAndbiKrpAbnFNVSEpump,0,0,,
3UMp4EGfkjGYFD2urQfNEguN2PDJhVG25DfQNELLPSQy,0,0,,
EatFKq2zwzFfrG74YQMjhusKBEcUwvarsXtPKLf3Kjdo,0,0,,
J9e8RMXoVgtbEoK3PXZUdY9k2VRy4XvVEWu6GNpsNofW,0,0,,
PeSuezqPQbB5k8F4Ew2hWoSjZxf1qKdEbri35s1pump,0,0,,
3JQR4DRn9ao1fPtj7Kzr4Xs864H96HVeQh2D17WUpump,0,0,,
EG4YR4KAyvhGdhHD8EgJmPMJ1ygWvyoXJkkRjzG1jZCc,0,0,,
H5yfyUKD9FhxDyFedakt1ujZ3tKJEM7YToAhr8DJpump,0,0,,
HF31Ty2DdEZkTWYTpwX4G1YQEkACbV1Weikvg17Wqzhb,0,0,,
Ex5ufQUQYonAkRg9xaUndAyBt7NhefoTMQdoU6YLpump,0,0,,
9FJWwXSpoaBJ5JXRHJQWbgxw61Ja1Eow8YDFEdxHSnQk,0,0,,
6exWvYNnTbn7fAqZDPJ4tpmivVzHr4Jz13vc1yq7Wnus,0,0,,
AjbAxhxWKDHa5ZpFeSPqgi86QkfRPRoVGH2z5DiwuGTs,0,0,,
DuLuUb4QegcAEbDYgnuaz9BJhJFTfvDbJDdJ3q9Mpump,0,0,,
GDEuw8cG6TyAE3hwbFYmTEGVSHWHohLVPkQ3anTBpump,0,0,,
47F8NBNSJ3XnckW2XW9eSD658PkVpSk7XJV5LCZtpump,0,0,,
C65t4Bd52R1ZdV1GVzzSyLqphoPrShiajsK5nJBrpump,0,0,,
BfR85571aW39rkSwLgD5yYHApyijDuNRFSkGuYogpump,0,0,,
2DaRskQszyrwYbyapDUMwDHdeQwgPZzTfNUY3C1smQ42,0,0,,
CzDm8v1kvKUhMdmVTubiku6MhEwdBzMSo6fHE8UgxUki,0,0,,
BoAQaykj3LtkM2Brevc7cQcRAzpqcsP47nJ2rkyopump,0,0,,
CUzSRjBvqFFq45mg6j9oyQrDxyUTHEKM2xqKzDkZpump,0,0,,
A9xbrMNmpKfoqwNcTRmBv6NXUukv9ixKXhZL1iLCpump,0,0,,
bobaM3u8QmqZhY1HwAtnvze9DLXvkgKYk3td3t8MLva,0,0,,
4TC9sF6NTKFjUiSzojWnnRZ8peoxUjNePJrnTid6pump,0,0,,
EsQH1EH1L8HYzargwnarSA8AwAywWPrGNLWbZQ6dpump,0,0,,
GtKaxdf6y2Rj6cYDg6QEJzP3QPkSdcs65D8e9wG44YDH,0,0,,
6SHQdkjFUiXMbpqBSLUCQ7cVy2xDi4gHFA7MfpCxfReG,0,0,,
8uVXNsuqQpZwPV2aKdTmSpWwyQ9UesmwAPJ2xGJxpump,0,0,,
2UKzhMd2bL5cS6YSF5kcxgDm8mCYi4PYWFzmdfThWdMj,0,0,,
oreoU2P8bN6jkk3jbaiVxYnG1dCXcYxwhwyK9jSybcp,0,0,,
CvaDW3AKURbkKFSZ9UCrNCvRgoLAPFfAVShxVpd3pump,0,0,,
9M26M7CxkJdaewdiH8v5kSiiXKbWBBirTE1QmXHmDvVg,0,0,,
9Vwhq9ayoxkQiki8oohLHNsMdwtSnXiPkWctx4d7pump,0,0,,
6yDq43NrbnGeVChQv9iPqcAP3uNCc5K459nLeMYbpump,0,0,,
42rVpDE4bafataiidy9HVSJxukdB7UJNhS7STJUmpump,0,0,,
DAGSe6vgNDw3n3aHmd38AtePooK475FA3YnsuCN5pump,0,0,,
7CCCwcyjrNv4mHjgv8fVx95MqpV7224CKnAQrcLwpump,0,0,,
EyVpWuxegaFCpHBXbXLwK6rTL7cT6VyrfteJrnSspump,0,0,,
CAZGLWf714aUHm2nb4QC97WTfxiXkp2oFrhL1WnnSMuM,0,0,,
8jeRAaH2Ebon1cPbEJMbYeyi4CEse77SdCEmnc3pump,0,0,,
2E6SSuVKVrQ6113KpWvzvhfY9yQ647E83V6e656fpump,0,0,,
6bbATbj5XDYBoS8LFzQmDSRoGwfZZvNaAUA5WKuapump,0,0,,
HYTWunEns5k3CBBrr8gTJjNqA93avuEPB3RB1Kud3MWg,0,0,,
CQSzJzwW5H1oyWrp6QhfUKYYwyovbSiVDKnAxNfb1tJC,0,0,,
2qrPgmRXeKV9AQQxAVhQBq3i8TJiu5isL3LwysDMpump,0,0,,
BfxD6YEm9nNMyAZNcW6MtqLzbwKQngRqFnv5eTiZpump,0,0,,
5iyHX9ocokUZot5naHSSRCNkaBGp9sZaJmqSKZz2K8un,0,0,,
F8xiBdLYJGjxadREVQ7xrL2kxetmao9F6DQ6W5Rhu6A3,0,0,,
FGSheu4NuiGqf8zjP9Na5BtdQTmd1SzfcdYZAHHNpump,0,0,,
8UrVveYPXM2Zbc1SYTcWeG3MHG87bro9yseJAFm6pump,0,0,,
3hsvag6rzbTo24m6oxRyWaMK8mGbgQkbeE7cjUQteTSp,0,0,,
42bdcz8oEamTEq3MrEtBuFQcg3vjTtkgx7zYfdFbzYGH,0,0,,
3mqSi6tWpykS1Tck58eWwrJrTtdsm8fjMxAquEfSpump,0,0,,
3mJq67c5wJxS4QHaZ3mnq9jbMcNVtSbLm5QLbKpspump,0,0,,
D3K3ejgSVxfEuEsSCiJMJz8mx6osQfriMZDmomBRpump,0,0,,
BfmftGM7W7nVicF3ccBTrGfh4RzS6xM4gQpDwJDjaZCt,0,0,,
7RSwX9BqJFpEh1Qz7bu97rwHE8XhwofZ3St99pH2pump,0,0,,
6KxH7QoHnohpUjWxuGzCBXCR1HhbEkkTAXyjhddvpump,0,0,,
FANE3jKJrqC3edxUMzh5PyvyWnpEM5SMVeGesqSypump,0,0,,
GLyHmSSoN47nqDXzj4b5HvvwGRXj5UQzhCZXrFQqpump,0,0,,
8zVrSVErF87k6WLdJUK2JyTyDzFUN8mBvK8Hg5cYpump,0,0,,
BEk5erCFDjoVEZYUJV2gJAVrp6CERSEgtY7CsWFYpump,0,0,,
EaiD1TvwaFavVTi9eroMDcovp1ok1dpRpbrKJmzeHfXM,0,0,,
3Ns9ZzFUANXw6CZJfpF9Qye322oWLyuZHQADAzT8pump,0,0,,
wxmJYe17a2oGJZJ1wDe6ZyRKUKmrLj2pJsavEdTVhPP,0,0,,
HJAEw4qyhgzwk7YzEtx4UXYJ3JLQoGqTVD8fGbRSFgZ9,0,0,,
7L9M2o26R8G9poY8PQD9GPhiL14sabsFk6MVeW1opump,0,0,,
6SAS1A4zaCYk879p63WLJ4KEQCuMAPyET93NvrFMpump,0,0,,
3bkoFDte6yJdvCYJ3AyiTkwKhEFJQ6ygFAkVrorYjhyL,0,0,,
5qV5LhkG7QDdrJCjznWUhHUALqeueUUGn6fYYH4kronb,0,0,,
D8Ju97fPab1DNDnJ6Ajq34hNhTYoFuRNZezKFo3bpump,0,0,,
4ePaK3CEZTdJbRGAZ6hRRe6jb59bWY6PvRNG8KX4fC42,0,0,,
9pJ2SaBgN4k3pH1Ygj2Tu16WeDaptVcTcqqXfDNDpump,0,0,,
5FxuFTWXBoFiG5DeRqLHH29bAe7p8z4up8WSZC3Nobqi,0,0,,
q8BbQ4bFssfpCra5krgAp9bFELTy1ZGZawLrsT9pump,0,0,,
6iGLEKZzQLVwv9C5WAnaXtzTVMKNs4L65NSFMiw2gsbc,0,0,,
8jQ6DKC88JN6CBHCsRYGN6z7VgBBZF5GHzg88okD5ACH,0,0,,
3xCezjFxCdRniVHaRhGGUMbKbDu7WkHMLsWGuG8A3nQq,0,0,,
reAZwormetQAZ91WX1iaLRCYAKgKKu2w2uJS2qCpump,0,0,,
AD6StJzK8sFJWUetQdsnfHWrmmEs1dtSYuuZLrYkQUy8,0,0,,
AqJjWZZ1bZNsSQ2dzKwys7oduy685Q5avDSx8DzW8pPr,0,0,,
9qGKumCjK4iNuY4je1nxpt7xb3q7wBa2NZSzJRvEpump,0,0,,
38ET4sqkX8p3H5fvoMTLUSsdzXZ91447xqHHmLg3pump,0,0,,
FcuQPrM3KhwEKzr7ppjBCAkg1Uhr7cxFEiKRYX1ipump,0,0,,
4sx9a8c81cPWYPy3QVptKcgZu87ncixZp5d2cxeVpump,0,0,,
GdUAYnK1LZLZi3qzU17Cz5VRtf1SdFwmnFhr1YxCpump,0,0,,
FfhENRtsudrPbWaJhuMnYq2fKchHqU1Erd7vK9Gzpump,0,0,,
5u7g6eFmmYZuo99beKxpaEeouYtDTeB22Wg7zez2q5C7,0,0,,
3ukzVXdDBwyPP3vDFMq952iGZC3B792FqMsE4WXcpump,0,0,,
3fTP5njhs3QtnHKGM4E5pWyhcBAhREuEnSzqC7N7n9hQ,0,0,,
hntbnGZXK1RR2tLsz99QHaHQV76d46QxuCoWqsApump,0,0,,
72Mxi5AsAQ6fRqQSrqfRbtctib1XHQVamkhKLfP7pump,0,0,,
AKMuEQtsYBqD5t9jq3GvTsnEMfrTRB2PFNGtAxHSpump,0,0,,
74Rq6Bmckiq8qvARhdqxPfQtkQsxsqVKCbDQL5PKpump,0,0,,
6GQTcf3D4srcnjCcdpEdpSKXnT9qR8gYAMjK4QLppump,0,0,,
5qmL9rCSfZ7pBYAsaoeG8SP76ZELeRCK8XtMmYZvpump,0,0,,
CF3kPSRHCLS5w1M3aU5o9KJnv6Uww43wkS2L1FGxpump,0,0,,
5SVG3T9CNQsm2kEwzbRq6hASqh1oGfjqTtLXYUibpump,0,0,,
BVoFXcjNSQ8fHGNc2aeS52rLXwag52PHK2aQJsrkpump,0,0,,
EHb5aQHohcYNaYQGGCpEGPktrkXH8ppuputvdD3Cpump,0,0,,
322KA6w8ahzms91d8h1gBvqorRhjbZ9dagcUd1Jhpump,0,0,,
HBJDBpnt9EttiTqzFgBwyt4C5hP4R6FZmNVpwv2MhWmo,0,0,,
8CJqru4XL2y9eZ1nN6MTeEiN31E9649bmb1DMemupump,0,0,,
AuVmmmxYM8vGFyJhFcBnuysbCjhDpSx3rv6YrSCvppFt,0,0,,
H2JhZFaw447hsSG72jhKykwTeARaF9hB1tUJtW2MMt7Z,0,0,,
GLNzbbd7zskRVsVREju1xnDZrR2sECSPkWT5HfwafsMT,0,0,,
4weXPAD4eYv9tPShCPnRrKUUdaEUTzomCRALZsPrBBGR,0,0,,
FMVNN2E4jMU6CfcoG7TgiEU7kuga1sKMbTgZkzqUpump,0,0,,
AcAMPMnf7dQy5sQDgSakshDwLfYf2jHffb8Tizb5pump,0,0,,
Cocouo2otHPBSov5KCjqGmqQC4MvxY7iZ9qWnu23y88o,0,0,,
DQ9ecb5Pxgz9YTUBaB4PyhRkmM2jSK4P4j6kTZUFpump,0,0,,
HyVb7BwTGbSr8NAYwpPRhsbJnW1jSGrjaiQutKZK5bB,0,0,,
66irswy3sn6ueuW48jW8PKp1iumqKrD6U7tgCfuywm4,0,0,,
BZ5hNBbKrrNPxVwKFmosuLwpGDFMKUJ9RiWrCXBTpump,0,0,,
DEJiPKx5GActUtB6qUssreUxkhXtL4hTQAAJZ7Ccw8se,0,0,,
EAn8ByQ2b1pbMRzQg4jbT2yz1nPB8m4tKC1Q9R2Vpump,0,0,,
GNoQoERgeG3EohxScS2GmUF7iUX82AGTxMSTRyza2bWQ,0,0,,
2WSnZiHwJiV3BkdCRyDt1TrS8qjTNDnRmZzDcbZKpump,0,0,,
Bz7vVzQhm2KMW1XgcrDruYega1MiwrAs1DQysrx4tFkp,0,0,,
GCR7qAeZxQ2CaXUgm859ch6X4pprG8pP3zX4uEhiEGLC,0,0,,
G46yFYDNPDeHsmnJhaZfsYnAm2VEcn6tmPTMHhFgpump,0,0,,
7kPBbZGbNqp7crNYjWPvJ4m9Zf6joFPheGWJtQcU5K3H,0,0,,
92wuGwwgHHNCXMCxrPsWHsCsECcDAdxQzXeLq5rNpump,0,0,,
EvyZHV5JCszJujfj8LpvCsk4wmzeLCfGZeUgebB48YXv,0,0,,
F5bi5jLoLEUfcPQFmCjSFJfDPLC2CwZpRo4bjSEypump,0,0,,
36zN53i2sBUZV1SuUtpe66aC8kh8WbJTanhsBkRJpump,0,0,,
8sj6CvKd8tZttApYFpDKfTrA2osx1eemhemK1YMbpump,0,0,,
Gfcr2oLwtZefC3tCzXWDBsuRFdKZWtbwsei2WfjMpump,0,0,,
J72QEFLp7ciaW1o6bK5zwLGiBGMYxATeW5uHvNvyHZxB,0,0,,
okDFNbhRWYi1NpQyFrR4Uzx2vR1RAMnW3N4VHs3Mint,0,0,,
FAVwsjCnEvSDTCJXmvyeSBX3RrYH8dTYSyFQH9SApump,0,0,,
BmnUU9r1F9PJm4N5z9Pv4Ev7Exp8DxYiL2NVQoKSrsS7,0,0,,
4Hcm1TfA1MvVhCQHvJCcKL7ymUhJZAV7P439H5ZHnKRh,0,0,,
7cUW8pVLSRFgGTsmrBXTmdZ6HpPQi2H6R6CDFPH3pump,0,0,,
4LNrMuRPi7MV4BF6Hc2yWotAyeBc7GBuAaAt9AzQuGcJ,0,0,,
AHf7kfRnDSMMNxZBq9W3SRMznsLH7NkbfrvPoPpCpump,0,0,,
C8kBaxY7s5on4rbbGmfowK37JR2JB7mvJtNNfVDho8wE,0,0,,
GXPqL1SKuv4NrTgd12DfLj6KZnDVEmdhoZL8sN8Mpump,0,0,,
3UMLsPgBfd4DWZBnNWGiJgNPXCcFj8CByHHEddvtKdmL,0,0,,
5iuHLrJ6cx1UHGhbiEomsqUxDNoQ5ytdbU8aC6tZvAB8,0,0,,
9iuj6ox3EfGhXFfGvEWY5C6PJK58fc3zGswoMD2zP2V6,0,0,,
Gnugby3qRrBmyuACyZWJbRfUVWYzFyFZabDrAW5xpump,0,0,,
H8eK75hXWrZRtUSuewapGQPbyHhVKHppErs468vcpump,0,0,,
FLqE2TsdNMgRNDaVJ8jp3tPsKZL1XJEHjA4tVHE67WrB,0,0,,
123evkMohRQw9X95RpyfM32m8MG6VCB72BhHBhmGpump,0,0,,
6T44rfi9BDUdZbEvVddZWVfsGrpC6N1sSSKYnCsLpump,0,0,,
4NfBFGkmfeETJib72T8tUWoVBekfwhRXDsmVNACgpump,0,0,,
3367MdSa5As8FJUq2c5pkNwWjGtB9TMN4dvnJVk8gFbH,0,0,,
Novai1RwmYooRNm4upDcRJMqgxVDwe5V9XLkjgdehGG,0,0,,
DxsnK8wDQJMAzd4DYtJkuGQS3RXeporY7RTK9pvUpump,0,0,,
4ZDFnVXL2ED9htVnLTNMwCwVttp8TbBJcwzFePZwpump,0,0,,
6JGSHS9GrE9uG8ix63w3DPMYHrgrJ6J4QyHbBhAepump,0,0,,
5Gw2SboaCeKWPE9YErGMkoJ9eETq13EkeFV3ee8rpump,0,0,,
rRj71UGE6RDHpS3hiPij7yGgipzGtGj1XWVjkv9pump,0,0,,
4ALKS249vAS3WSCUxXtHJVZN753kZV6ucEQC41421Rka,0,0,,
AgHg9Q1s9aUhU7YNMH7c5pvCghFVSFcnCEJ4ePKjrDZg,0,0,,
8ZperFA2cciv2rN2YC1QC3YjkuGcTQYiq9vc9aKmdoWM,0,0,,
gVjogZYnqBd8jxqhKdV64TcAoiFDcjH1iYZCPfCpump,0,0,,
78zzUAK2H4DtwFEA2QKjeFTuKGjr2NbqTegphktVf8Up,0,0,,
FueRQG7Pe1EmMGtcevu95YwtCKNMQg1zRbreLsw3pump,0,0,,
Ht87n1WHMpHzyyWFnHYoH35BGCaxNTLd6aJGNLMGdJSb,0,0,,
6Rwcmkz9yiYVM5EzyMcr4JsQPGEAWhcUvLvfBperYnUt,0,0,,
8pVMgoxBa2fECBNZ2wBnyj7NHcECZMcDGSFkxaCWpUua,0,0,,
Du1AQPxZjWQRRjVg5DBcR6ezfHU7RMpD7SsSX1YLpump,0,0,,
J7tYmq2JnQPvxyhcXpCDrvJnc9R5ts8rv7tgVHDPsw7U,0,0,,
CQaVX3ZZZxHGG6mKtd6XNEkGDDsQ6vcYimBbY27uJT7Y,0,0,,
8Ts9fXQdu1iPdFukL2x5rs6dPLvgzzHPCe8XtHLXpump,0,0,,
Fair3oKKbcrGjcka2tTYQdyS6sYnyyQqbCTTiNmE3WHK,0,0,,
HzezmX8bRGCBKThgjZu7ZoBN3P825jHk3azBMGZAuTuo,0,0,,
HLxHyQ3WMbjK5ZpdUFSPgQje7omxZseQ7sGe9DUTpump,0,0,,
EWy1HPEUq4Lgm6H4pQ8augEuJ7WRwJgENZMTAUzrpump,0,0,,
rjyT9DdKu47fsX9JfozX4z6Qk25y12kFaVuV7cFpump,0,0,,
2RmKYZQe3dsQGFpSMJ7Qd7vhz1kPzZxL25q9pLTkpump,0,0,,
FsA54yL49WKs7rWoGv9sUcbSGWCWV756jTD349e6H2yW,0,0,,
GQ6x4duENNVqALeJv78MShAkbJzPKPe15VGnxkpYpump,0,0,,
CaLKuP9Pbf8bQHVQkgEQZqoh56zsScYJCPMA81jn4yHa,0,0,,
2qRbtXPMx9LGcgk7TTEHbbemEr57ABdKsLbjxUSwMbJd,0,0,,
BMpFQJXd7KBLJBp174fKCFcDxyrd1cTXaFvcudJLpump,0,0,,
EZDwvexi9tWuduXTsqCNmgQNPpLPpXJySHCX3PNrpump,0,0,,
9jp36vFSTq3mZB3RZH7FGW1m38KgNe9DHDfeN9BPpump,0,0,,
BDZiS4cnQjMfP2gCiMMYB82RWXUovYA7SVvatxCS3JYq,0,0,,
C82w36a9CtjYeHJqMPXNwEMFwtuu43kpnjym6dBApump,0,0,,
Cd9ZNLQQGDqTfih7HC2X9i6CQs9qE95j8GVTa8fiERhR,0,0,,
5TxQXG1d2RCkkir4x1py12mWEo5KWodDEBSica8VsEbT,0,0,,
3TWgDvYBL2YPET2LxnWAwsMeoA8aL4DutNuwat2pKCjC,0,0,,
3JtfvzFVzkPh1we7DPDGW5xPsrPB5nX5dbAVgTeVpump,0,0,,
AGLsGEYqNHxkZomHMo1jESRGZ98kfuaLGgNHgT92pump,0,0,,
GFGSBt8NUqXa6w33dScPXoJQsq7iNpjLXaB7FNj5pump,0,0,,
7gxrqnVYAhjCwgRXeJKhiDjeHr1noTzKSNw3XfiQsb9d,0,0,,
ERABavKbzES29B3agpcviqMXCZmzBgFtpMLoMyuRXVzA,0,0,,
8ZBkHcrPdmd3YfUqSpd7Y6x1EhG2XyZnrWvKLnpLDFeA,0,0,,
DvcUihZoFL1diNvYyAyysfz8s46rnw3v9UADc75wpump,0,0,,
CauybpUD3sjHVC5UEUXVCwxpMTXnrgn3AEF9bE3xpump,0,0,,
GfQxiVtfKUKpP52sRQMR1hdYXGCnPMdL2NSBJp6M6p73,0,0,,
7DptUgc1aRY6geK4WnauRKTTfVFWmLsBWP275sD2Bg9r,0,0,,
9iuze1ULYZhfVyBwuNu2B2opAWphD5XYsyrfWV5Gpump,0,0,,
34yMiN5XieYwFUhxcELj9BvioU3mLRh3Vu3MHpUxKC5f,0,0,,
98JbJ8zzca8nwsM3Z9Ex1Fz6zNAbpp3LM5vA8Tqrpump,0,0,,
Ck1t6BZxAoHP4L7xvy1kvPw1ceFjnUMxwqcaBu2Qpump,0,0,,
VaxZxmFXV8tmsd72hUn22ex6GFzZ5uq9DVJ5wA5pump,0,0,,
AmSBmrWPRuHB7rvShuHEMD8yi7fPsnh2yRCGeKK5La4m,0,0,,
553zUBdHtVNgLLNLxjeVbES1PNrv7r1KYRAG8BSDpump,0,0,,
7WKV854wEXTPywYE9UTECtVRLkH9Cqf86PEBzRfgpump,0,0,,
AT7RRrFhBU1Dw1WghdgAqeNKNXKomDFXm77owQgppump,0,0,,
CUots31KNMDbswxamS4fYQD3g4L3i4g2smT1djitpump,0,0,,
D57CP6MA7G5idNmxAuigU6W8uPeiGvDVuuwh4z2ypump,0,0,,
Er2mtAhfbZUWbLhxY3ShN5Prj2DrnGjy6d8FYoMXpump,0,0,,
2LCabMNZpSRxhXDFT6tJfqWrLmwnhNgHisUaapk4pump,0,0,,
stacMUJ1gnBwu5tdKB1xtSmtNu9xNqvBQXoDB8eX92n,0,0,,
8BBzvmonS1vPUtQLMwVa4jL4v2t3XNY1NUXG7Ub4SDHT,0,0,,
6vc12DnvXPaaLtWwZdQ3AnjChjYvhJp9dNY466XVpump,0,0,,
33ihhsv2zxE1uxRQTpKKkLzFq1gL514G11brfgqGpump,0,0,,
8P6WDZ59qwMrTgXWaxFN5J19dGwvY2XEavCyRdA25PNm,0,0,,
EJMNLsLodt9ytfE5E8oKksdgnkDdU8gGYCKFpSUMpump,0,0,,
BjXnXhAhXAtuqJnU9ux3RGHVXTnBL9sdxqeYoaJKu56J,0,0,,
BVJpGbQ5R5DhZCZXdtx8gJaXDKuuMoV48ZJ4U8Z7pump,0,0,,
2CsJHNyj74zK6Jaiq2UayPAXFEjmL5UKhpeLNaH45Fud,0,0,,
DhHa9V9HaEKSksU3qQup1LwXjrPEhc2DU1oRLsRbpump,0,0,,
Fch1oixTPri8zxBnmdCEADoJW2toyFHxqDZacQkwdvSP,0,0,,
EJVW44osC4a2ZGtQc4BZGWvPr2K2AiAJfCNnCpsHhWZ3,0,0,,
6iB4CZDBAXxGiGuVuo2e1sa7cAHbfB1dpWVi9dmiACrs,0,0,,
739DL5AH1EShT6jRCifbkPRBVfDiwhR8BFYATmWApump,0,0,,
2aZGrXhBbWmeeEKR9R3uUBQFjiHbo6i3MPyk4JkGehiF,0,0,,
49vyA6aM5KYe1JYceVWyFKUh2JiA1h9uo2ob96WJmTF9,0,0,,
CFzhqSNqYZRsUszCGwZ3SJ9iPHLvSumffaS6gWuupump,0,0,,
Fosp9yoXQBdx8YqyURZePYzgpCnxp9XsfnQq69DRvvU4,0,0,,
ENEzymdC2YAfBCrPNVbDLm2xG3SGAoKjHvCwvUZxYtje,0,0,,
9NwhafAn5e5FV5b1uCgZKG9N3YwTRfgPcMFsFwL3XVsf,0,0,,
Fk9vXoeCj4EBdJpZ4buartPsSrgoTitXzMfUNxzhpump,0,0,,
7e11cVvr7sRrQF2bPxybZe6wfG6quJ5Via4Njo8KKjdR,0,0,,
DWoUx3k6WXk9FqqFfF1YqS2XjA2263MyJheLS6gvpump,0,0,,
2X48AX2SMgMaGd2ywBARjvEqiuNK3NMsgCEQpPSNpump,0,0,,
En3kViAo4ezri6eaA2qVdA41SJJn6pKJuxA74oPvpump,0,0,,
9JrtehYV42oA9RnnUV2weZ2g6EF5ThpWsiGMPAQVzf2H,0,0,,
3eBNAkyuehbMBP5j4qpdhnMb2wqswEtaCYB6tiwJ1vyD,0,0,,
5daFaH3UrR2dV3yQD9Rv9BtTmfqxsPjZ4Rdmfuw6qhEg,0,0,,
6WSppYPevaDEZxdmW2WoHLoSnJMeVyqz8Rqkm8MCpump,0,0,,
BbZZrREuSL2Z74JpkJYHNGcLpVWGW8wDvqEqNXX3uzGR,0,0,,
46RN3PxRWtoPhu4jeA7WxWR5MAaLh6cm3S1kYmu8pump,0,0,,
EBPD8hHgY2nHztmgfvzm7oeyPXvh1jpRAGBGets6pump,0,0,,
EomytuA2t9F14xqDPexwRsVtehv2rcCne6FhqjTapump,0,0,,
5mXAnC2LWxvNF6und1Mokrv4WnPDP9uxzRsyWATYpump,0,0,,
9RgifmY9mQMM8dTKXGSbquppGqrRWCEqzSzgH871AKBo,0,0,,
A8vJzs6ygbZQyYLf9FKund8j3pDfUzxBeje8rJiypump,0,0,,
8HXGSf7jux4Ss3xf955HffhEzCJWpDN47RMKM5XYpump,0,0,,
6fpy3RstqTnMZYqHRaSXvjoMGUyEqBEsFs9G6j1opump,0,0,,
EpjnacHLz2t1L6b1CUSk4xhAo4NowyFSjc2hSB3VZ7N8,0,0,,
8gvpKuHpvUWWerXH8peYYaxGyXCTztchqVjocbFT8rT5,0,0,,
22tekTgH5gP8Cvd5LcwKfj1ohmsgPBqFHrFrmCQtpump,0,0,,
PD11M8MB8qQUAiWzyEK4JwfS8rt7Set6av6a5JYpump,0,0,,
6yjNqPzTSanBWSa6dxVEgTjePXBrZ2FoHLDQwYwEsyM6,0,0,,
9WPTUkh8fKuCnepRWoPYLH3aK9gSjPHFDenBq2X1Czdp,0,0,,
Dy2ki1Cj3GTTxxFdyWwAFzngubr4est6kDgqJkbGpump,0,0,,
yJcC48AWnaFQxb4CfZY6U19aQr3Pw6RKVhuGCLVpump,0,0,,
EN8YG7UW8r1gt2UXecStgVyjigm9neDAJnBBXoX5pump,0,0,,
7HcgDrtZPGBPVdC2cWSm1oomuX8Lt9JZAuq5jyyRXRcN,0,0,,
E3HZ6aCjLm61L7tKN3C9MNktV8fbj77PRurgQxv9qmTm,0,0,,
C52ic7Tf7HxJcv6K7U2UWMJSngofZWQ7DXtpWU4hpump,0,0,,
8DD3PGft7BwZv2Q9NhtcDV2qfuCoTU1xs8SvpHxAkp38,0,0,,
YQpEKHWAYrucHBHHtg3NRLGgP9x651jZYfM21NvCSMd,0,0,,
7vDJeLVtGZ97uKuSQXx6BNNVn8dHgUqUs5rsK5KNpump,0,0,,
EEBA6E69rhvGgLSs633u5qVeNjo77fp2wY3yj8Aipump,0,0,,
AsyfR3e5JcPqWot4H5MMhQUm7DZ4zwQrcp2zbB7vpump,0,0,,
4ytpWfVCpJ2nSjahbioPkejnLVBsc7FGZi2hCojppump,0,0,,
Ea8wZRzamzLwPHyfeLRQsx424oy4BDSGBsFA3YMHpump,0,0,,
G8Vy25NzjRmuQtnN35xF7j3X2Z1TrV39XijZu8Mg4w8n,0,0,,
7v7jboXjWghbKJivFRcz3Pix5pVrsVFuEoAkUzBSRA2B,0,0,,
DknbGnV1coAMAHznQMYuEN7FHeYSmu4E3ZnFnUqUpump,0,0,,
4F62j1QX4uotvMihctmMPNe6NbLnnZUU2dAv7yHHpump,0,0,,
7Ze1tGUjd2bM1fduyS3zkYYmVN2AHuZZkdSFioU28CFc,0,0,,
66qku7XnxE3yb5WjTmfKEpL2wNpPH7gFPgkuiaSvpump,0,0,,
2fUFhZyd47Mapv9wcfXh5gnQwFXtqcYu9xAN4THBpump,0,0,,
3GyVzsbk9242z1a3tDKuwVRvq1RbmWWpQkioTNP1v3JX,0,0,,
6cvrZWgEUkr82yKAmxp5cQu7wgYYBPULf16EUBp4pump,0,0,,
BSBu5icVT1ynAK4zhMa6Rma4uNR56t5PDjJxpsaupump,0,0,,
sfYDFZJguyF4YLZjje7qwwh41NRymFfZ3QXZbVm7Eyg,0,0,,
579t4FvQQ6JsWtoGrAVHWSK6AgRcw3XBJGaDefVL92e1,0,0,,
GLmjXVSoGM273SixJkiaaXknUePRAqmCvVpybmf1G61t,0,0,,
zezJya1acNmn2VeyvUPc9jFgUzk5Eip5h9TDVQxpump,0,0,,
8uivuMeqjQe9i1Acdt8uGLn1QwwZkNxsHJk37Cd24Thw,0,0,,
eSKEaSVP4fZRSbsZD4yVoRKbSWaTbmpMDq2dUQ9pump,0,0,,
BMJKL7brPC8dNf45JYCuh46ekNUkygpKMcen6xAXpump,0,0,,
D6hSj745KdWTShL6PrEjBfa94wx2oXnSZpvo9wozWkbw,0,0,,
4irSWbZoW1FJZ9vUJ9AoNshFhdNASZadDNqhMBcepump,0,0,,
BeF4e5FRLE2jyrLVERyAF8UJ7VMpKCNDUJat9pmkpump,0,0,,
jasQQD17WWgFhiCZVZDyik35XEd3SVqza5godvopump,0,0,,
HTZ3sknWbgZRH5GLBfrcNjV8CHdwvnxCytjrDGzg2FRU,0,0,,
4Eb7ReeT936hX25KMBfYtyP1RWDdd9iixEwGJroACeLC,0,0,,
u98dJRgCerasJMHbUmx2N5QkEc5W9bXaV1yQS7oLdN7,0,0,,
FwVNiTVWj4dbpX4UGXDJzfubpusvXSRTLPBCdZ5Kpump,0,0,,
Ev447YSTWX3P4dD2GnHCgRnvsrpJoCEjGZCrRVSVpump,0,0,,
CJJbVYyrX92FjZGWn6Ckg9SnszxGF33C6okcKsmFpump,0,0,,
D6xXCFS6nSr9m1fRkPkQR8dgbXpqf8oaADZNN3xpnh7u,0,0,,
8nQK8znsxfUdTQajfHKqFcLiJwMmVeMxUGgRG5oHpump,0,0,,
B8rewgn27navW3tBXuzErWPBHEb8gKZhrGkx7NuUpump,0,0,,
FQCaSWADj6dwHqyWTba7DKfWYwo5ZmQxQCSyT5nypump,0,0,,
6SNF42gEu3WkEVy7JgmMb1wTNxeGWY5UXfRjQKUzpump,0,0,,
CgFdo4U7Vd1PviMM2yvbhVpaZDVtaxwVA6m8Z3vdArJx,0,0,,
XrJs9cMt48poHWupQAFUXNGuzy41qt2hVKuRktBpump,0,0,,
23sHHHaQsEXJpbjuVmZhpM9CQTwfpeHXFWXEBXQgpump,0,0,,
75GuNrwxQPdeLRuiCLQavjZvHWQY1yJv5aAZcMBhpump,0,0,,
6AnCzGMAbEzKq3CyE4DvujNgMxk9dyJugsdmkEPQQhQp,0,0,,
Eb8ozUCXMY6ZrUToMiFR7iueiNiDSpwkHMAG21tYfSXk,0,0,,
DNLsCFrQVof34NFjrwGwc2YvCRxyoNh8oyLBaU1RbhkU,0,0,,
5EubiTc8xd1VcFJWRKdHarTaqnK2HeuWusCQmGewCepK,0,0,,
6KKipnbLSjrYX66kE9JpBRrirbFpjR4W2U9AYY8QKnqs,0,0,,
BTv8PTWJJkn6pqvyjBAF3GMSXoXJVqc3EiFyagVBqnpw,0,0,,
5mqf5ePgBTK2DvRcBePqXujpkKQyyFAP1xPn8Y57pump,0,0,,
42e4gxpM6Gtc65dyGjxSb3DvzW18U5WiarHz6bVudJzb,0,0,,
7M3ieFsS397J924iPZUHZT4vkX5mVpueoVB5RbzTpump,0,0,,
2GPJhV9jNrj7TaLYMRgWkcy6sTKLcwntv7nZ7qDyMRGM,0,0,,
4Cnk9EPnW5ixfLZatCPJjDB1PUtcRpVVgTQukm9epump,0,0,,
6D7NaB2xsLd7cauWu1wKk6KBsJohJmP2qZH9GEfVi5Ui,0,0,,
GUUAGFq5hszzeA3ef3j5WEKd3aKLCMY342N9WicWcPSN,0,0,,
7U96oPrX7PwwdnWTQvScDatbd6cZgoKzb4T99Pjx4Bmt,0,0,,
BBhmss7WDYaBud8PWyVAL2hEpgfLmxRczsRPNaNHpump,0,0,,
DTh7CuuiPHfegmbUwkxVdpWbdSZsnhJTsmbnWcqpump,0,0,,
EmkXdycmczbm6e9Cokav5rCTY6A2FiFQoCU6YvweAV3N,0,0,,
4UTEFQjNMvfQF5NT8mVfXdMAKoL7hS7i9U4mMVAzpump,0,0,,
8BRa1dJxQt7MQ7gVKBNzXm7LuiwrnNkSdkDbAkjU7PiC,0,0,,
DvkPFEegFqiAxT2q8dqrf35D5sB44QUsqAEKZyiEp6yz,0,0,,
964ssiZnVnZJrjCDvCbBuwgsozW13gmGtJdPWTAwpump,0,0,,
28xPA7ZER19fNTWQpZ8xHJUMbyoxegpT6mHxzMdtFZCW,0,0,,
425uGp1Y2zs5RbZxz6LpZktwwyyP8fkYB7spFQoxpump,0,0,,
4AKXNoAQVLSm2M7KjD2gdodw1qrDowt8wGMU7aZ1Q58o,0,0,,
C4u9GYmTvtaGa1a7q6iijn5DK2GYe78fqEeoPwrpump,0,0,,
FkJDv75u37igkb7safRWV5qS4cpwrTQfpuiRiihepump,0,0,,
F7Hwf8ib5DVCoiuyGr618Y3gon429Rnd1r5F9R5upump,0,0,,
BAmqiw5XcKP4ftEwxJC4bQicmXHjJgr9USnDryxBpump,0,0,,
C2LuB5y5AJ1pZvsPihwfL52x9q9MaVQeWB4bQacnpump,0,0,,
Chp9pGGSDAv97mdkCGC2ZMfgZYMwFJrTR4kDReTCpump,0,0,,
C1aUK5VpDoEKqsvDpc7gQf1HVdgbrw3kwXE7KEbJpump,0,0,,
4FbXdkJ9yuuSqstcqLAM1VTpJqaxd2tMwSDMTsFYzKYz,0,0,,
GGK3zaEBMDWdpjS1EvsXUQZdbDeLhMvhfFEwcvwQpump,0,0,,
6E7NefV6gK2fQhwheSUeaqr1mtRVgFXnT1vtCEL6jpcg,0,0,,
4AKYKa4JLKQau7m8B7hmFdN8ur1SvqUDqJt6D44Npump,0,0,,
GEpKxmMkeXycPkBV7AnTozVhoSvAha8XggRrPnzppump,0,0,,
FqnqT1GKi8S4Gyk5wnSKvJjXW48HqGtKJt9WS4o2pump,0,0,,
E5txbNkMgc9jaAwQSWjJSfdqF2ES2Q1n3A2GfAcaHDXs,0,0,,
H2rqCXTa8rGQoiwGcKUy2yJ7sftpgWy2oYyE1K5Apump,0,0,,
6P5McDuhznaedKjnCvfe9iEjtCfVLyZhSqe93TZtawky,0,0,,
3VdRBYt9Uz2yxgLnnGcHmPCgmzTLcBkHwQ7SGZBMgL5c,0,0,,
3hvm2ZrRTJ4az3J4T7WwwpeEdxSTaosvSe2HN5gdEzUL,0,0,,
3pnAHMeAqgXYk7yEHfSevDBBa9Y2EKXafvUn7mHRLdv8,0,0,,
7rHkp4hUV7UfER7Ng7m6FqKkq5oviFcijsya79tPpump,0,0,,
C6aKMB1myrBMUQYUnvsvuUnhJKVRAtiQ7EVgkkBipump,0,0,,
ENoD8J2J6wNHkcJkvVBkwq5JMiR1oNBfBZRkoHCQogyT,0,0,,
FtMfCjxV8tnPuuxabzLhj14jgtYojqqqWXtBaqv9ox1b,0,0,,
CLmkmdeeDqZRciDPrpVS8JtFj2g1hh8U4XQmQishpump,0,0,,
A6U6PxqQQrUGQA8L3qsnEHq4iMpYEYToFJfRebuzpump,0,0,,
8dzscL1SQzS3WEckH6MPdhmvPTfsaQkmEepNnAEE6Wx6,0,0,,
JBUq44EqPxpM6PAZG8GptpUBLxE9okvd4BFgns4Ze5TV,0,0,,
BvqEDCSnQG9N5muFgsgds5w9M9m8ow1WeZ4XeF7tpump,0,0,,
GxQ68pxseiiLByZSRkckWU3XmzqBrvma5nipC9d2G6nB,0,0,,
A1VW4WZVQxBvwyxMXdaXp3vYez9ULfFBiTHCVLHapump,0,0,,
Gf4RNrfLhLiauTdu56hF9ijo9od4xTkekekP3WervQpH,0,0,,
6R5HByjbShg3VX2dbU9b4KeWPvwxxpXWypJAAdQTyzQ5,0,0,,
DBRiDgJAMsM95moTzJs7M9LnkGErpbv9v6CUR1DXnUu5,0,0,,
DhqViYG2T1N3B4xziTx22aPW4rwGKkvpcF5shrD8pump,0,0,,
FPAiMbTp5Vzy5i74u5LyCrFU6Q9uZny8MjW9gUmwcVMD,0,0,,
8FgiM3v6AU27pZZmMVD8JRhfTcZFxgkj5yWLE51vkyj4,0,0,,
3or1p8Ev2gKoCzGXQHAngJ8vTKGDiS67yTTrwhWmMftw,0,0,,
4y5fknXiRc8pJSTiNAzLmCum7LmzctRjxZWc1qtmpump,0,0,,
DHoadXCbf6TcadkcMGJ8kFRdDa2sXPQ1KrgodUDRpump,0,0,,
7C3Nk1WBkqoSNNeQxcaYbfpJLqsNrRFo1BdAUGpUKDEo,0,0,,
2xYwDFwfw5D4yvF2JwZ1hTxQXY589jtsfWqxJxNTc3em,0,0,,
AdeNkKMDrmSKdTa4bryxQaip1HquwmLZ1Nx5vaBSCQd,0,0,,
7C56ato1ahVtSZeU2jccq7ank4NRAeEXfPpBWBHopump,0,0,,
G14jEshftiEyTdYxNNBr2HhuGHvereYbr4qQSyUuCFZ8,0,0,,
2QcJHi1JquR58LC836swpkmEn4bqh2Wifhphr2XxkLDT,0,0,,
3XxvmED354933DwSPJuzB7SE9uiWpD1ErydDuhmbFRMk,0,0,,
Eimb6wbKx8fRf6K6p9JWHyzuQaaEVEyUuf9Q8RooXmuV,0,0,,
EvWn7oQnt22kSuAutjX4AANMprbJBVd8FjBDCg8ppump,0,0,,
7gFGAkQDNpMnptAwLZdNJwEh6DRhH8Fdm9H3hMcvpump,0,0,,
75dh1aVyE88DiDDqN396Lkbcf4Kxj2KNGJRCTkcUpump,0,0,,
45SbFRyLqF4ixURt9LEqqedPHxrnh3VbGdVTmQ3zpump,0,0,,
H2zb37x5nyW1yeCzVn2RecQFCdt8JK9ZioxqSNsFpump,0,0,,
6dDdaqnP5CYD3rNRRu2yq7guDh2WXJth5pgaXzX1pump,0,0,,
FnQMnE5aC59t3obZK1qfDKHVYKtU2tCPHN63ovuypump,0,0,,
E75qcuWFZ8eHxXhgY55VEQC7dBdkqwjVfkQizRBTUyh8,0,0,,
9vqsBhx1jPoKokZfCY8JMU7ob5ZFm7XtkwY3T2hapump,0,0,,
B4TmvUkvWQjh3GMNm2xhQL4YbaVfSJxFTEg34ZTUMx8b,0,0,,
4amstKcbziHCqwev9esMtRGDTdjHSviiNXT7WtajgjUq,0,0,,
7W1NXpH4VfT1W3jjkXJKeAaPbPAJySotgBhtXCaapump,0,0,,
Ek8aqjHte2Mjam1LDUBwamVvre7p8NBdwik5vz6hvTBC,0,0,,
A6ESv6iKrhwPPRz5aXVbHSronBxZzZhAN6bu3rASyCgk,0,0,,
CoseJDEHxsfjjQs5CaXWGd4PH2irHam2FxeuwN2jyAL9,0,0,,
vyPu3cip3jEDPqkigX92LcLdwyaFxmbg7UJmSVipump,0,0,,
599QcRGqpAYzTNBkQu3jVtgzKmYWH2DbuCEvtqCnpump,0,0,,
Do3aZ2zeTYFVZg2d473PvkEvw6QtmYc3gUUugoQQEMbo,0,0,,
EHHAKzPZJhQy4fc7CTaJPFsetPgKnC6JNCdv6pqsQ7Ma,0,0,,
29ZJ2bWof6DFLUKbt2aApUBXe5LDPsuo99XzWffo777j,0,0,,
J6hDgsfN41bL1J3wN8RJkEmNvLR1yExFDmxvK9SmR3dF,0,0,,
f4NMCNnGR7qiCxDfGgFoXp6B4JFTHsHVn7eDYJ9pump,0,0,,
ACv51sJj43UmcwaRA976U1p1uELs3Lm8TAsRheMRpump,0,0,,
FLuxaik9EoUh4ZwTT8ZhMmNh27XbTcabTMRGSXHvpump,0,0,,
3Fa4tVaj7HNTMbWVhdkYGJ26FXDHmpQ8CTiPgh5R69oU,0,0,,
GteVVzxDV4zH2tob6eqRnLfSrUZF7idKJUfdEi199yAZ,0,0,,
3kFoxVeGjLNb8472WgEZ2iXmenCoEUraXtcXMPQZgoSz,0,0,,
4FxtVVjQSkwKghNXnGBxx3iSoN3XQcsZ4fmjAbLPpump,0,0,,
PkGtNQ1WtLj3sYYDcg9GtPCzoQtyvF6gaND9SyApump,0,0,,
62CGp1npmxMTuUA4p8kKrWeNj9TURu12MVgPPZwMpump,0,0,,
4RdyA2XGc6v7RW1jcKG6AYDsjeUWZqkLHTNp2ghvdg7f,0,0,,
EcLwiJG3tvraFRG798JaUADgHcCn5zSVreHqxssUPCHd,0,0,,
J7Cf3uxG8nW76VfUiRrRkM1oy3Adm4obtpM7hd6opump,0,0,,
41revsxLUZnoiUQoMT9eBVCzi4cs8Xbs48rp53gcpump,0,0,,
BJWyKVWrBxdwmn9vPP7HndJTQa31BtSYX6fXivTJpump,0,0,,
4zdAbkyoYoT2F8ZSt6va4WZrmAwgFCfQsTEUo8zNpump,0,0,,
A17gzfib2UaxteKXzMK37G4AtVqYKRqRLT54aDjYpump,0,0,,
CzNeHKSn1JKpVRsU78HBFxHzqKmbHmtjxe5qr47Epump,0,0,,
4uDHGPzjW3rwgtqTGjNhMSWs91AH4yK6CG8BUaVSVkYL,0,0,,
EHQzNYCetupwF7e8zutsWoqYQBvsZRqf93TfWZxrpump,0,0,,
EjYm7bAPPkeYQoUBRf2HF8xEqNbztahJBHuPxGPkpump,0,0,,
8dyNLpSBgb41q3f1YiENecb6PCoVDMjVZdtb91WKpump,0,0,,
35gUydvujQtcBGJN9bQDDzyt6dtQfTBMRTpwsakJGhm9,0,0,,
52PS2g6oQP6z5Mjk5HAzYJ5eGCUmm6P6Aba5xKX37QFu,0,0,,
5oteiV3YZ81aJ7ByZXJzediXrQRQV6RGXS22DBhtpump,0,0,,
EH8qsvapyvN6WKGDvpaMEPD78QogYafdYEKJiqaVpump,0,0,,
HSwR3tZuxQKq8ddz9YxR4BX65Znm6MNdWGURw3x5FJQi,0,0,,
3wgkW1MEht4UwD8wJPqUHKfYiaum5V7GfikgKMWDpFx3,0,0,,
FNBgvWixFbyESf1a6zaCw2CZvpLVmfuma9prmZ5g2Z9c,0,0,,
7HmMho4GfXf6Q33f4Yt9tAFFnMvf87zKTAHyn4SUtV9p,0,0,,
FDTgv4LG8jRea2DFNNox2pNq6pjf3LbtFbW3bJ41UyT2,0,0,,
H6JtPso9FsoWj2ni6XzhT4dhQxADxkRsHT6GfVfwdGQP,0,0,,
7Yx4EvHKMEibU845WmwhqUye3wB9M7dRrbaztyGuvfRY,0,0,,
2tBPEZp3uChtKvdKhWgaA8AsqK3J6Mvt8w7XQo39pump,0,0,,
wNBin488A283DxTJkcyHhsbUtZXFGgZmuWTKVmkFpkx,0,0,,
9jtHb9ucz9S8i4oQrKE1srFPTmcv5AEzRuEnjmLyebcb,0,0,,
CWAUGMQayY2PwZ4NDrDfQr1NRU4kw2fTVehKnunQhb35,0,0,,
2ekjJfpYaPuj2nuxFqnS7BQg85FPaYVfK24b3Fgbmh9b,0,0,,
U2wZP8TsYAFc3DWR8fjYuvbPRHsU9EsqzNZ6jw2pump,0,0,,
n6XPDMaqYXZXzn2jFr6qn6TxZeJdU11ojqRFehYQeL9,0,0,,
2szW59JjYfZBzNzjpD3gnwGmZz6Y34qJ3X6hbA8cpump,0,0,,
Hp3WCQE2gfVBYxyXa3RMFeiudSM1KMANnqQbmDLVpump,0,0,,
GGHga4iRCxEvq9Ky4MNwk9amTbLLg53bBHcSjpJLpump,0,0,,
3qq54YqAKG3TcrwNHXFSpMCWoL8gmMuPceJ4FG9npump,0,0,,
7NBC6jAf2d2oSiA8FhXj4qv7buZLoM8HGu7arz3Lpump,0,0,,
4zaxeXgdAZXcaYy9TPxGx2Kn7FF72cyom9tRCCKeUY3C,0,0,,
Faf89929Ni9fbg4gmVZTca7eW6NFg877Jqn6MizT3Gvw,0,0,,
GRkAQsphKwc5PPMmi2bLT2aG9opmnHqJPN7spmjLpump,0,0,,
Awif5iQnv1J2x6RHJrh3cNyaH2ghu47DsJfRgFwSpump,0,0,,
HoCunqcWb8b3PtuX8aPvvF3R2nCmfjmTj32zSgSvpump,0,0,,
AZ8UMtPVewZHy6gGSc4myXuVoGca4P7UUKur4RErhAtm,0,0,,
HzhhfexEbj3dnVr55mBhiq4Zzh7kSQdDWdjxrMX3pump,0,0,,
Fcvn3f5BTChSH53ixtURMmF5Vqj9yGsSYrRjFkf3wCX2,0,0,,
CgNMpt1Q9tnsS4DAv5v6jYDG7HtvJh38yBtspB75pump,0,0,,
97y1UnhmnE16h4tT2jKXC3Zivr6Fw1abHbrYXQWpump,0,0,,
BnyK5ccegzrpEcv9UH5GPF8fZwV865m33pGi2Uk7cXQ7,0,0,,
J9NjNX5Y2mH8uaEa1JLgGGcfoGjZavcnvw8bQGidpump,0,0,,
DZSs9nHSr9BBunLNWd6PDstesJ4PBLMFVK1GbZ9urYNZ,0,0,,
6mv5U2o8eZvm1stKkujmQ3yg9gEGyCoNz7AK7mLSpump,0,0,,
GJdjmbZ5utrTe8Zx7vP6DLw2WrC9X4ZzJJfRr1N6pump,0,0,,
45F22Qsvn4qvRu1mYC7jUfBEQbSshN8tySsCkcz2pump,0,0,,
8k711mdRNxx5hYuUCuofyNmYtarmn2zPY8d25xHdFgLX,0,0,,
B6mhinGX6EGwhdeTjAsSNhSEFPoxeM2zSEZYTsyHpBj5,0,0,,
6c1dUwKi49kbEQLubirFgrPLfcRbF3a6tQmESsXbpump,0,0,,
7sUVSJYy2AZKcqgbb7QEYhUgddC1mCtj6a2rDSKd2kNv,0,0,,
CkWg4cqfFWrWrxPvtP1Rw3DCMY9j4BJV22oBoVacstjh,0,0,,
CQo4QmsiuoyzPKPpwSXYfG9yTu3PuTgzGj3t1xDpump,0,0,,
Ew3UL31TFcXWJNLJREPXfvU7JYhK7vAiJJ7pdZU1gHrh,0,0,,
6dJAEzL1oD3249f3fbc2Hv5ze5mXMzGVraobX6ZEwNYB,0,0,,
BgmCnJMcM925oHoRW8ogwDcTLA87Pr11ymcwv36Vpump,0,0,,
CZRjWZmZqovS3aCxezPTM1BraGwYTNo22ixf4uxnpump,0,0,,
5AFpf9H8CPpmHe9gmwZYQPtup3MDZ887PUxvY1yapump,0,0,,
B77WDWdC7SnC4BJCwMWjdD1rTX3U57qwTg77utN1pump,0,0,,
HxxM7dF3hoN5awdBahtdaU4jGzvt9JbMB8ahUifezV6N,0,0,,
BJaKkbTMEe7c9QiPwaWymApeWvY3druVLWN9YQyRpump,0,0,,
3xtHv3s5E83mgEa9BiJawkeBqPSU6FEizXAK36ZtsD1W,0,0,,
mchXra9PGqbMPuJ5FW9YxkkoSVKWAhyu5xP5tk4pump,0,0,,
BSzjf1amosFEHSYHs5tNrW9kqUMhMRVY5kNdc7cf3Nfx,0,0,,
4LXL5F54cuKnjx9qGNWfYuz3vX5eAYqrwYe5X32bpump,0,0,,
BsQvDWQ4mKWarKAG2HWfbGa9aM25KagUsBhyDC3QN5PS,0,0,,
BoxwNxUYKMV6ZzcKArP9HVrJq2gc4MLf6UGg3PitN38q,0,0,,
JEHYnb3BcTHT62iJhNobMgJfuGr4LCdpUz5nMQsNpump,0,0,,
2t9rpZEeRkLJE6QvmKjdosoxVPk67TLr9PASasP513gJ,0,0,,
7BgPsAGkLuEDSnJA2AtMBxiYtTwMFrwwBirFPr4jpump,0,0,,
EL8tDCUCCkcYpfMQKVghcc8yWSRHJFtnRYBtfJjgpump,0,0,,
BhokrYnFbB1Qrrn6MnxBWYxkRnsR7kKZBoVihAQDj5MZ,0,0,,
BAsnXPVYuvZDfEFR7tmu9sG9gPyHy58Jpjs2AuUw1FLx,0,0,,
2Ns9bfJVEMZTCmzfcbwDv4pNbSsSTBkeNJQoSsb1pump,0,0,,
3einv8VqfmyqESXFYDZahupJ1mSCZdif2YRSqdTgpump,0,0,,
9FqBJP4ssUd8tX461EZdq9LconDY8UBZrhh7E5xxks5f,0,0,,
7VQnrD2345cCND6t85AqtZkpuos5xdjo5qbP88H4pump,0,0,,
2JcXacFwt9mVAwBQ5nZkYwCyXQkRcdsYrDXn6hj22SbP,0,0,,
9TTUmf6fJwjHtD16KGyujVixme8Qs9uNuN5jsb6c13Bd,0,0,,
CSEkG3mT5P1GUf4HZTHdVk1syKFN6gQWokbZ4jDWpump,0,0,,
Gqon2k62PD1uVJ9f9pamhPSrf2BeWGEAzDfxkWdXpump,0,0,,
54A7rix3sh5n3hKpZ1VMABLAqrnod8PUCs5AXVsGpump,0,0,,
8XgSvP4iMbBeQDnC9i4odSGeG4h3QoLJ58avjLBnpump,0,0,,
3Vse7Heee7Yb3U95vjQXDHqDBor6ERNQrA88GjeSVVj3,0,0,,
9Za5hA1XFyGBNbGNEJH7v411AXaW19WMhKaAvamUgT7T,0,0,,
3wyefqfAQ5b67yQbLBJfhmaLqNiEsBEHFum84uCgZKnB,0,0,,
66QxijqyVcyvfrjnqajm1Y1ud3sQUASStnwzav4Tpump,0,0,,
DLMbs2E11UhHhYTbjzPypFWDnUidFXV5J3Wo7EU3pump,0,0,,
FMBKDjA19kqDTikh9UPTeZc94j8ZGSNUTFs2pikG5Acd,0,0,,
31n9Do8vj8Lu8EFSPGo5xBK8AAcycqTYKmNSM4bQpump,0,0,,
D3MnPf7WxkJUwNWH1j5gwTjDPL3QTEJTS897mACXpump,0,0,,
KBFs8Zb1V1tT9x7Ba3AWQo8jSNyL6GLuXjBx6kHpump,0,0,,
2VBxmJ8TAstNNFh1JqyS87nnrxzjcWw2zEW44RpKqkac,0,0,,
GQzbqwNPkDNT4NBmESkAbXszjAZHsevD85iceZq3Djjq,0,0,,
DP6BvFws5vn1e44SBjJw1SXnAKc6PEQ8DSaT7PoiabHo,0,0,,
7X19KesnUtZtme78Km8pm4cN8pfRRLT2SXNsubfipump,0,0,,
FCGDDio5DuhujHcRQCDbXHnrcSA4pUGg2haNt7S2pump,0,0,,
H9SvgwsBJxK9yHVcgMuvhauvRntkaEvuLsCb9yNvpump,0,0,,
ETZDTrZp1tWSTPHf22cyUXiv5xGzXuBFEwJAsE8ypump,0,0,,
45EgCwcPXYagBC7KqBin4nCFgEZWN7f3Y6nACwxqMCWX,0,0,,
7gbEP2TAy5wM3TmMp5utCrRvdJ3FFqYjgN5KDpXiWPmo,0,0,,
9zN5dNe8K1372i6U52u4hQkdYg2ZsQfxsyRopUNrpump,0,0,,
DAGnwe6AJykNPENi56csn8xXzF3BPTufJE8GHTUcpump,0,0,,
8jayusxKifrCnx1b5hUAyxyyPhXQsyxpNN62pQsZBGB6,0,0,,
4RMsDuJmkthitLuGMVCsQKLec8EKms8G8sqh8nPspump,0,0,,
mpoxP5wyoR3eRW8L9bZjGPFtCsmX8WcqU5BHxFW1xkn,0,0,,
LoafdJ3WSAvsrx3zppSGKA6sRvL9GrRrU1iRV7HkLkm,0,0,,
AdJYM1s7vdTpBKx4c6LJvH4jWUXu4qypuzVj2Nw7ZtWv,0,0,,
HmfNGq7kxE6ppMDGW87xPuMU6wnKbeYBZf76K7t33w3s,0,0,,
ArnkQEXgemJCkHanpffqRKA6X3hza6PJiVoDMekv6FR,0,0,,
9qriMjPPAJTMCtfQnz7Mo9BsV2jAWTr2ff7yc3JWpump,0,0,,
jZ6iwVk5t9znbdMwna3gt3LdqRJaQQ49dfTmUgDpump,0,0,,
jucy5XJ76pHVvtPZb5TKRcGQExkwit2P5s4vY8UzmpC,0,0,,
C4j7kPx9PqDnfvxe2uycJQRTAeyGwmU4DyGf21Xgpump,0,0,,
4AM2LPxSmDxD1c8WyPWN2i9dKo87SaYHP1fPSdCopump,0,0,,
4L4B8yru6yfvpKngjxd7q4NxDBdpBFimGbZiLoUJiHqi,0,0,,
GuVXESR6Lnfc9h2BShcsTCDfgJ45WWcJJwr7LzgzrSob,0,0,,
GbwanZf6fp47iEK2HrmFQWC5XHzy3G1dnXrS3BJYpump,0,0,,
DKxbESuFpvGyXyhBhpEK8nhzKcF9X6eCAdcFg5YYpump,0,0,,
BfUfnLMCNwKYamhJXzaxgUmFjrGFHdkjRLAxeaxqpump,0,0,,
NmpfpJ7s7UBA4dLbrHVe8utkZqGjCEf2w552uZ5pump,0,0,,
9GpthvTPDpN19HeyvExoyazRhtq3agtg2nbcS7Topump,0,0,,
3QVfZyLUD3iidbdcs6eSUJJDgnZBY6c9G3L1qtLiR9NS,0,0,,
9yWwUwvEskTVqs8MuaLhXzRwiCzcfoUsco8LSaDpump,0,0,,
H3wrNNCUkjuKfqZEyXipU8Dw9DAoj6RCazkRgMdz6giM,0,0,,
AoXEBwwGfwHxjQmBKKTADYLQXRPm8MRBKbaSEyzppump,0,0,,
Fgn3y5zLZTfi5UxP59yHbLmryWgWnHS4BFJHcsuVpump,0,0,,
DPfhZt2wjTYTsA3JjNEJCDyX3Rn1ef8sbje6AMGDpump,0,0,,
HF1AGRj4c4Dr3MP5stdU8ucEjaLUNmqYm1SWZHJEHxs5,0,0,,
6cLLXCTW48EdneJKWhc7vzE4VB3XMcJVEjsocQRHpump,0,0,,
oB5bh9FZm55FVToZABkxn52w3iaZdPSN2arGPyZvxmc,0,0,,
7dGbPgUxKpB5qWiLRKcTQSC3om1fPzUpgGAFfwej9hXx,0,0,,
EE88dcuJmLDfHgvzQE4RE9i5a6CxCs5htVx32h3FZmHv,0,0,,
3Rcc6tMyS7ZEa29dxV4g3J5StorS9J1dn98gd42pZTk1,0,0,,
75vq3ZhQZmkdvZZi1a4xS3Gs8muifwf9AXn3q62Xpump,0,0,,
7jRiBQL5CkiXybo5cJWTeatmJZ5ffka8SpuVF5Vhpump,0,0,,
E2Zmd6LyiKLfqoaXoumzMShTrj4y4QhR6pE6YdMHpump,0,0,,
EYtV6vqtg5mtVdZkMBcpJ96w7sVjyNqK8sQgnzj9pump,0,0,,
Dw5f8NZQ2knLn9PFwEynkC1fATWXrXb1T3rrKY1T9AsV,0,0,,
HtEUH5zMiwpTtCXm4f1H5SgfpMeAnTobG4hnrDfBqqmv,0,0,,
92EcDYWSA9YRhtmPWzUFqPyzDfkjF7AkF8AxVJt5LXYM,0,0,,
EpmYw96bUMKbemkseEtYt99Wc9p2a2WJXHPzNn4Epump,0,0,,
HvNiAvQNhY1rDQzMh16bY99VFBH5oiYAk2KsriqFpump,0,0,,
DriFtupJYLTosbwoN8koMbEYSx54aFAVLddWsbksjwg7,0,0,,
5xTuYGzLY4BZgPDn6WYNfKHYMuEj4J7giBioTmDtpump,0,0,,
6jGTDVvJS3N5URLGPsdnzjcKkvtj8u6yZPF45s1SR7wL,0,0,,
4EKg3PQGK8Y6cTtd8EdjrkhKf597rARppFQ1AxaVjyp6,0,0,,
FJCHBGvNRMqwwy7sbyoMASzk8EiC4Fi4STAFxRvmis1V,0,0,,
6NKqYaVGC7H5cyKekgPMeHrb1REEXGEeBcpxqWc2g8nc,0,0,,
4uk32tLebyCvR6sHFC63Xrk7PW5zXoiYHimGcpc4Gh48,0,0,,
85P3YjhphrVLWxyf8MyYdjQbFuNB8qzuDPcm8Yjh9PyY,0,0,,
HtavxkEN8XVRJqJULTUXSCkTNJM8vyKwPAuJCs38pump,0,0,,
B78DSFahHE7vj82JRjK69zNWsBvuKe8fWP7n6mF7pump,0,0,,
2Z6TocWzKtddxVe9kxCB3j3A339Z6CDiut5k3a9Apump,0,0,,
BQgBNEnu3hXq3UWmvzu694ctLhbb36nnyU3SHBpKMaXn,0,0,,
5byKKEfBZP3s1TX2DurjDNNscbtWPBe2DXm3DW7xj9t9,0,0,,
H5onnRVYn58wr4Uw74NqToY5eTuCv6dP8AohxE5Upump,0,0,,
4t8cP8su2yVDb7LhYvANMJoDTTXCFTxrFTqSyBRapump,0,0,,
3QCf8rb4bjQzSKC58wagLK5i4SaM3N27jE147mw4pump,0,0,,
6NS1kovudykoKqDPFLrE3nvMuvtoNDCq59XyJW4pump,0,0,,
8LRZGbQjvZdtv4BHLxZraK41Fevds2B3MhdU3PMBpump,0,0,,
7bgrGrhPMSS3QCLLoTjuBGvDGanHvdyEdz1LctyKM9ew,0,0,,
J5tXLKfpQtGwtpkUfgghmtvfMbcAairCXR8KuDhipump,0,0,,
HB2pjBPuquh1XGEVC1GCKepdh4daoJnkJiHFmaorfBWu,0,0,,
exRqAuXs967fDkymNXo4eqZEQihEubstBCXPXxwpump,0,0,,
7HrbVYY8C3woaVPVtJpoyY7CjorZP9eceScjRN85duok,0,0,,
Ekbyfi9cfZwGLLmqKoX4hnMRHStM3ntRGwEzQ8WTfGDo,0,0,,
ADcBomijtxfBJBwvyYLmLGLVZEFt74e2E3uoXiTSpump,0,0,,
J8KoJi7LFNdJiGt8qavfpu2R5jXfiZxeKukhHGXgpump,0,0,,
FsdxPycbNXJ1nbWPKQxootbBMDfxxDUhSYeCx7pppump,0,0,,
6gx6Ph2ek73kF6EWDrG4GQ54pcLJB6CYpATuRyxKXumo,0,0,,
E3pU9piMVEubx3YH4msN826cpaKdAga9zjTQc2dxpump,0,0,,
FLrgwxXaX8q8ECF18weDf3PLAYorXST5orpY34d8jfbm,0,0,,
G33s1LiUADEBLzN5jL6ocSXqrT2wsUq9W6nZ8o4k1b4L,0,0,,
3JXq16mWyo1uboEK9QCGcjjgCB3DXKWWcF1yySC7pump,0,0,,
BXscgzVQ8nisWTDGftNcnsYm3ceKEpE1wJVWnubfrzMu,0,0,,
DVrnYnddfVjrjZFiHEZ94LvhqVETSuCR8qPYKwZubU1m,0,0,,
EFKdhXHkNPVZErGo9vjDGLkJHck6KpRvQge87Zt4pump,0,0,,
CSGB1SJtMtzFAKcmMVCnACRFBwgExnRK9F5jpWSDpump,0,0,,
3oLQN6zWUQPZsR99ujxtPgDtF5BxfCvmygteR9iaoPBs,0,0,,
2fxnqa2WVS8UxKwcs7r3xLhmxb2inVYPD8sRJUuQpump,0,0,,
HE5qQiUNb83chT79yfeiHhukm7NH3WP9wCLcTDAVpump,0,0,,
B8vV6An7xFF3bARB1cmU7TMfKNjjes2WvY7jWqiRc6K6,0,0,,
AfR8kzgJwJKtZB4A6JzaVa1bmfbQfXE4JJie1aejpump,0,0,,
HUyAK5iVYU5tk3NpiPVH8vpqcUxNfwqvmoGV6uNLrgHX,0,0,,
JBxJtmLhadopDRgJFSKfQ5wjYLMzRry79tsX574Rpump,0,0,,
GdyQVBYsgkVw9EBK57uPokAzJLs8xpvEgJiaLrjnXQr7,0,0,,
C2nLP9yRnvFFqeWdzi1Qh39mMVVKy8qDP5oS3dJRpump,0,0,,
ChfogjzeQhKn5BR5U5BjzMD7qE5cLBT8rT4irCCrA99G,0,0,,
8wZvGcGePvWEa8tKQUYctMXFSkqS39scozVU9xBVrUjY,0,0,,
FPpdiR426QsQUy3hsUjcGchTRSoEXwvxDfR7xS5d8AD6,0,0,,
RT75LDJhUkHbW9Gv4T5Gd8Foos7eUS6i99tqqocpump,0,0,,
5TVBhzrpJFhisfi82Qo55oVZbb6AbUXAXDk68AJYpump,0,0,,
2ymAjUoJdiNZgKy6vKfJ2WQ6AExck3cZbAX26g6Qpump,0,0,,
AmoR3GBKZew3DHFXF7wTDa9YSeZtXBraiufKgb7spump,0,0,,
BwFLAzM1syXYCN7AjgAcHWvtsUzKjsyFGm7osxgXpump,0,0,,
HAVUrTHqHNs1JTdVdXHAd2LKWjoRC6pDGD3bVF9Fpump,0,0,,
6QnwQXPe27fUNSnEc19xzLb7oKpcefk1zEsbY1bXYuHR,0,0,,
DKQXMuHS6iH3GFNGU4Qe8dyWUomoQdXDcojZ4ub7CygS,0,0,,
CgsgaAyDbbqQ34zffEwqw7HStpAStGmBzHdBBGyyLthF,0,0,,
BQCexRWggJukVENsvkb7AmUBriVqTEA7ixC4GPE1XJ16,0,0,,
9RCKyTV1szNARyqPpEYhifsQ8NGY1WCYT932WtJAKXNZ,0,0,,
7e8sgRNUtg9A28c7CNpfhesVv8NRY3AP7YFVcYyUsg33,0,0,,
8VgVR4JbpFBABRrYeRmaPKr84FFAK24c29FXR5fk3L2Y,0,0,,
6ioNApU9hbW629au4GU1vAzS3WHpxhsVLz4VF8VaNb5J,0,0,,
6rVy5oRuLzwgJP82KYHKaVNvdwCeWAa74WZrtKUSpump,0,0,,
HU3MwE852ZkLDGXturPx1UsZBjvJ3iTba2nzecUcpump,0,0,,
2kqUspv1YT5yaam4cLvT4Rqj8F9w9PzuMecpmBYyzCxg,0,0,,
3jgcY1JWh9ULfvdD7iDfapaneWs16MgV9VK8jZhopump,0,0,,
HgBRWfYxEfvPhtqkaeymCQtHCrKE46qQ43pKe8HCpump,0,0,,
45rpJUMN39M2QfjCJsas5iqmdF61ByD4Wmn6oSMTpump,0,0,,
5LyxWFS2qTKDnAHoSenhQiXFuDYZxbDnNpsXhdDWbjLa,0,0,,
2UkzeUkuMSJhzvNBNEopNhmbaw1KzX6dyxFqCiAh8ZoC,0,0,,
25hAyBQfoDhfWx9ay6rarbgvWGwDdNqcHsXS3jQ3mTDJ,0,0,,
Fg4TfyY9WEp75QLkdoK936xNz656iEY2CHM6nnompump,0,0,,
7uE3R7baMgNVZEmLvmCu4yW8fJuxiURJrgPGquT5NQB9,0,0,,
4qNojxDrHngeAyizqc5X8cUGjLSnub8ymN9xpfDPiA6h,0,0,,
2GMEDWxPhdBicySMjUky49UHgXutxQ8SJjWyrcKPpump,0,0,,
5Wd2ALxQfnpgQKCyH4WL9giBiiuuLuJs84CJxfQccvmN,0,0,,
D1j21tsJRU9zhVmC32et7JBKVJ8kkCqPJvAMH1WHH5B9,0,0,,
LVCQ1YmeK6DECKqcwmscyDRxUYJpiGth9ppGKtopump,0,0,,
CPx6vEEAsk4NTLau19LC2KqdDwvs2DAwnjEYUL6ypump,0,0,,
41nQNFKbr1PW5kFAKoEoj6xLQCCbeja2a8VLCY9msv9B,0,0,,
7wU64AbsCqQKYqvdGEZsdyLRX3zrtwKdSNw1Ze6Rpump,0,0,,
EMor7ZPQiB8oFJqHvQftywNrvHexQC6LCMc3MT2dpump,0,0,,
CRr63Uw8ZhyXGGXji1MfvcLPWcSpgecoAGqJE29EDT7U,0,0,,
AXgfmnMwnkbfMdpXqXMn6oJCQ7sQKvX2PmkXfJSRpump,0,0,,
49ztDWXk7qEfz8Y1t8owmhLhewiA3ptVNPpRGAjRd8Wh,0,0,,
BHneEj79vQxb2vF15883KH8UDSkoudxk7DS7QYE2pump,0,0,,
9tF4vuYRQY3d5GPnE9pjUevukgo6vHiepe3E1w8Jpump,0,0,,
3gqBzYggchmzxCBq5v4BGT4TfmZcm8agsaRqv8bkpump,0,0,,
6qk8VKL699mVDcpG45z2ANszBv7poZHS2yFjiBsK4wCF,0,0,,
2yVqniy4uZeQxYyb7KstbTmbAMgV7ttkiRxCXmBuCvcZ,0,0,,
7HiDGH8eBf9NsjCAM6Uuu3MuwkH92xvfXSk3MyYk5zjY,0,0,,
9f5QDyUn97SVpJkgYJNip5qyNJAaZMLZKE5Kiq1cceM7,0,0,,
HFL64wqHKNRSqpcQbWqHiGjaquBqMyQotHNAaAVjAp5g,0,0,,
H6Bab6stFbyVAxU4nvEZ67Mhp6cJZmGhB7B9BJNqTNsH,0,0,,
4KxDJ9rrS5Reh5T8VS9JnrcrXEP5VTwJeoEcMwMopump,0,0,,
4JFkjjTtjLHXSfista2WewXEHWhTurpQBJYhUc3qnndF,0,0,,
9NEBKAp5KC7gGkfwB6Nj8KzpkguML7kQpzhBXLB8fEYk,0,0,,
4AoUaXuSmTrq8jRktFkubqWkxSWXR4DqH8xNgek8pump,0,0,,
Zu1wntdLK8e61JMyX6BCTYBMUKDdbkwtFtwLABepump,0,0,,
BEBYRLLyevEsHbedBy3VaMZer1g6JwJb8bxeX9dBBxGd,0,0,,
EQqQVg2kp7kcvydu7xYG2DJFFZLjwToWHAq7JZtrpump,0,0,,
FA985wpgwfPvQL7SVcDjwt5WdaCkbt1pwVyWkrXXuq5s,0,0,,
BeszmLqyszmFVDBt24txKvqMASFst6JNjZ6BWjhQeLaF,0,0,,
AMzgo1nUni2rDwGWEaWSFVtQdAB3h7kD9zKMSXNK45aY,0,0,,
HZNtC28TSNcsftjYPG6Fg7Z3sh9igSVeULg1RNbDAhUc,0,0,,
7jsyhDTWHpwQaJmZwfzDeXuGfJcF7kXHhGVPZ3KhTWBD,0,0,,
6jLRzB2RFKtyTK9YDxpY7KXkm284e4Eqwce4fqPapump,0,0,,
F2GVoAC48FouHyk6dNYFJNJ8Cxczi6nJuP7ZpYQJpump,0,0,,
72qG4mReLpR3Z6pRXX8pYTgHK4LhdjFxtiBqQT4pump,0,0,,
H8yTNoEFiPa9WBKWHxBUC9gRCYufdmcwafjccKLupump,0,0,,
J2iTarJXDmci4kfA8ag28sYv7UiDQRwcdqmrD84Mpump,0,0,,
6SVQk45gZvmzDxXLQ5NWbaeNegWDVQiuEszUX7Fppump,0,0,,
H8HP9WqvTKUe4HGR2HQ1eS3ap5wdYtXr7RLdFEiAdB7q,0,0,,
bJmXXAMimj9VfbdM5F9q8KSho9zpXRCZSsQz3ojw8Wn,0,0,,
7WMh8NGrjgqQGUF8UX6GRwAAAfVJ57EvgzvDsgEmpump,0,0,,
BRpiE4Ubo6Di4BvCfGmDJhbFYNVawZ7YDDTnbhQspump,0,0,,
BYmt51oZ1UQKSMdTQTpUXL1JZhyv8hAfWD9st33tpump,0,0,,
45Av3UHmjFddNAFa3b3XZjnLSXvAnhxuTJnmt7jhH4qk,0,0,,
8sypxKdP5j4EJz3dAjtPN4soeWNGLcoyQbZ77eL9pump,0,0,,
64Rfejs2UVPq53B8uKHuLotTcQzoh36UNqayCy2x4zC1,0,0,,
Cbw9mS82baza8iNDqPxeDS54ijD15dzxV1MLCmokpump,0,0,,
4Fja9vH5HaSJPPfj2dD6zBm9sMZPMEmmrXQk1xRVpump,0,0,,
6CgqwJZEJH7Xerqj3utx3mgFt5X9Rexu5Q97ewDypump,0,0,,
HNEBhpoF6US63G6qFNRaBrNe8DtVQJxM7Z2gkci78pWU,0,0,,
8AoWUUc7Kxc7mRfSCTbN4LtsbJ5gysWXbY3UVhoEpump,0,0,,
GCpHRSMFo2i9hXN7n59Wvith2KZhSqFT4MDek1Cgpump,0,0,,
FUPkufDzrbE8egNEL9mqEpSBu9aiiNsdBxpokLNopump,0,0,,
vZz4CG7njSwnVHCh8neWPY6tSxXHXvAwL5U2J2Epump,0,0,,
6PqDMmqJLEMXfWsQD3JBgspJKmgXjBR9taZM3JDppump,0,0,,
Bg4ogLJ7ScZRMv8pqhJnwajnDJ21zva4ZMDwZVu8pump,0,0,,
3aSnAfNmqL4WM8esAjRw61q7X998VqhFb5k97EY2pump,0,0,,
F2xBLb6jj39LJ5rg6wh8VaTq9CLEvDqLFL9gxmEapump,0,0,,
CNbTutidA7Bsu2qx8j98YYDm7zuxZNTAJicLvt9Vpump,0,0,,
JD7w2RzHH3qM47DfwPgmE4PWsAQoPDkTTyZyYaLhpump,0,0,,
HeHUfWW3EJhyK4uCHuE1cmzGJTUVrAMYb2i5upQvpump,0,0,,
9Q8BNPzujkGcrGnybA2BqB5xh3Q3cYUGYmfnz2bYpump,0,0,,
4YZaJh1hVDsFSrjvrcs2KrpjP7yKtfeXxPvgQW6tpump,0,0,,
CMzgnMfq9uiq9ZpemT6HcqtNkD45uTo7CyWaQCwhy4rd,0,0,,
7Xw3DFSHGZHRwyY3qnNNcHiaV9a5Up942j5hDK6u6U42,0,0,,
C2Tfxi3qhAHKjUHWG5TJCkavZ3DwzX3RNbPja4RNpump,0,0,,
7pnWCK8S5mDYRvxKbVwULzfKZezkxfNJ5xUeYN68jiSg,0,0,,
DDx5JAMUxeLFx6u28f8FmxRnfdQkYVBYhqipPc8Kpump,0,0,,
AFNwwBRGcb6BQRVQfreTbSwXZJe2qegspjFE1xL2wSu2,0,0,,
4AmRnkeg4ZjWjWQQsGxUnEHEZcHsLXEKFCXx4LqZcLot,0,0,,
DncJvcLAbkcp2YMhHaTfkWiTGsGsJcstyGzAEEWmqNff,0,0,,
H6M3nycmXLnVWuXjX7rZv7MPSQ3Rhkp9AeFG7Jo8pump,0,0,,
EVgPUtiE6Fg7T6RY16ACmydX7uucpCaqsK3es3u2pump,0,0,,
BAw9sA9qtBKd1XKDcy6UJeEDk8cAMc5tdECNG59bbKM6,0,0,,
GRFK7sv4KhkMzJ7BXDUBy4PLyZVBeXuW1FeaT6Mnpump,0,0,,
EGVw28uTh2MdFXAGE3Knfw9TQMC4czm59Crs6LmnpA1T,0,0,,
6y7S5kvWjBBVaofHFCa147nvdBgyYSghiP5weS43pump,0,0,,
DKdbGGFKzoqfjjMKoaN8gzpYsDLXRUw1hP4oe3dL9w7B,0,0,,
6iezmEdeiUCzGGq4kjgyWvFDuajTPNWZqjzV3G2Qpump,0,0,,
FyEUKDB7DjfANVJTwSWPkta3yK8bRjSn2nB9y41Qpump,0,0,,
7DHJrhWBHfDcMZqZ1ua38FZXuwBt2se2vSzT4p4Tv7d8,0,0,,
r4QvQGZbKHc4bLxGP6SueRyYDzuvMVdTqXeuWSipump,0,0,,
BdYqxVbfofR5SrwwDdMhf6P7oGWQnbydFjY3ySpppump,0,0,,
Ah7J1AqAHuE25JkUJns6bk3gTvn4TQzV5tcLnUX1pump,0,0,,
AtWEnWFThFniM4orXnqoUna4vfBt2JDUhxe5xkqh7mm3,0,0,,
2cN9KpYY8RDax7G8szsNRfZWNNNejSVTHe7SoA1ipump,0,0,,
HrYww9Q3xcraCfgNi9NYc5gmKEcV6rKQa8GYq2WSYyPh,0,0,,
jyaaBzZatwE2wrBuwRt6w9bsnKGEU3KqefZx5PYpump,0,0,,
FqbvHpe9eyxLfXfGfVYS9Uc7mKBZMNPxQggKsxgrVUVJ,0,0,,
G3SnTqYaYon8wovMzCXKT2cBv1VP3ConrEDGgU88w2Ff,0,0,,
29aVHUKGUNM3NKoGbfqVctQtoxpz94wFKi9AsMDQ2zTV,0,0,,
3TCoCK7xYK7jSB6S84uvYpJXQrJXSUMCQ1cXtRgepump,0,0,,
2Se6tpGxjBPvuvk93LphyvUKVk7M8J5LMQkKEf4Gpump,0,0,,
92FHj9ALFWBH6vvRG8d7VUPu65woAgFXQANTgeSsHXht,0,0,,
GVJpNscYfEJvwyfXV811aBoFeTRvN1FT7nWx6YoBpump,0,0,,
54FeSp1Sy9jnNsPxKpzVPiKw1fVpSKLb3vZ5rTJTpump,0,0,,
3qSfQvYdSWh7hvZxyHM6ZPd3aMBLMTm5AFHeRoUypump,0,0,,
5kfLwZrRcHee6oM3WhzBJYDH5Zg5qzYtzJmrjgGDSkNs,0,0,,
BdXxaajfUtSb4ZQYyxemow7PJfEPphX1xDNwiFwHw6ND,0,0,,
DR62qNTkq4t1BzFMARsvs2XyvwVHZwN1oh9sYshLpump,0,0,,
CGvA4rngdetvEVDsuyRUWsYAxU434cqfCRRLFrgJ9gJT,0,0,,
BFsTRqxajwAwsbDHKREP4yGCABLREvqcTKFxXg84Ek83,0,0,,
FRsxjugMST57bepDqurKjsNZr7iTW4RDXYXtSFMHpump,0,0,,
EHkBE68qJx7mepNSDe6nccz7WpaNdzy9x6Pqc6C1kTaJ,0,0,,
4zrWJVoPFfVrSs6Bt7YDm5Lbwt86FeHZUJJ8p9GXpump,0,0,,
GLW2LG9uZnYPPFWnXUQH4pQvkZssKWqefpEjq2aDpump,0,0,,
69kdRLyP5DTRkpHraaSZAQbWmAwzF9guKjZfzMXzcbAs,0,0,,
2GWUUYJgaPRXpKCgGRZZ6MzWzTPKx5cyw3smum8Bv6aK,0,0,,
4gd9tPAekf2EgYTVw258h3FGBkf5foV7qz4JQEXDY2wk,0,0,,
3a368tqbVCJC6oosQrwzEubyjbR7SeJ2ymnEbPJUpump,0,0,,
HgbquF3uRNXcNNcuQPEQrbCfQfGFDCJDbWustK96ifHb,0,0,,
2G8LH53fcr3aCrEsmAo73eunbZRbyjKrGH5qmur6pump,0,0,,
AA5CbTmXERJcqHw8kDgH5QBrfjnArZbB3r95DkBJsbuP,0,0,,
BykkD9369RvXuEDbR7pTRz49b7cfLRTzHgSVoqK8gc15,0,0,,
EH2tRrNn2TfD2c1vNLMrNaxa4wskzEnzb1Vo5YDRpump,0,0,,
22xFvyBVYwaVLHkYv1u6qmJ864LMrx89JiLZ6YXXpump,0,0,,
13DB6vz6AVBnPkQdA4GbRTTGtpiZutbM47N1arKhpump,0,0,,
HSWB9CmZWMpAV6ZE6awghQxC3i1Qf2xy7AHN9c1JCQeD,0,0,,
3GcumwM22ajcYeoyHx657RiATjiGsvbCb12qAgDgpump,0,0,,
CPQrnufa2gzApfLP3ifwrzjsYs5dQ763vm8u8Y5x5ohF,0,0,,
BDaNXFW8NST4yXps7TZuizRsj194AeH9tnzZfUQtVuiy,0,0,,
FNx1jtsNgRxnm231zKQx2xK7TLFmLEKNR6pbdNNvpump,0,0,,
HLNvfiJ4KMYqCeuojY3qLW4zb7Zwd1TfGaTHgqKbpump,0,0,,
CcTxy8iD42BR4PGA3MV3SdMfa8snn2rRgvXJfdDypump,0,0,,
J9RY5NrR3i6jxJctdy955Dc4tjCF5PHyh7BQZb6Cpump,0,0,,
DWDwufUpkwRNDtBaViW5S48nmS4MeaquZVQf92YNpump,0,0,,
14te4wEuZa3rjDmoToGhDcfK578aLhstb23SoGKWVw7b,0,0,,
GALu39DTU13jfyYQKiCcJ8aoyRofHM9Ed4CkrcX2cyky,0,0,,
GTFWEVQy5BwQsZJWS4Y6KaZ3or6Yhysh2EEUp8bgpump,0,0,,
8uM7N5X1DJMLwSfD9AV3fPyPKgzqquL2stKFeThiTnZd,0,0,,
Mkinsw832yk4NVj2WahEXHznFgVAsoasgLze2QYpump,0,0,,
3uXQfdYmUkTBuMib2Ecd6XbZi7BPDtmW3pGHAv6iMfx3,0,0,,
AsmKCysufJvzLiMu5BXPn2ENsLx6DKsRSxstDk4Epump,0,0,,
EffRNu6PUxqBCfWQjKh8CXBLjrtXyoZRUQgWRsgZpump,0,0,,
8ce4fcpJZW2cd8TRkwcQBrfikjpLgj2j3nwc5TG7Rjvd,0,0,,
9o81cWB4kAWZ1hxxpakTsCTorJAwehPtxDKxMA564poi,0,0,,
GegBq6qGirNSVPbDcHNbG89xUcFTqNDwfSKt85T8pump,0,0,,
589ecTbfVJP14H3FmQj6eX5PhLv9iB6uAuPB95xbPUsm,0,0,,
7XJiwLDrjzxDYdZipnJXzpr1iDTmK55XixSFAa7JgNEL,0,0,,
Ck4E8bAkMrPASoeCMdGCoxpeJxcrzDMJbcf9t2rgpJSx,0,0,,
4seLXr2ngqsNDSGT4Ke9n23x64zdaNtMTV6fK8t1pump,0,0,,
CdY2ZpZV1Zy2oZpdAt6LhC6Cx7kr92mUFkNbSYtRjfg,0,0,,
BChoWYmBTCGwJgESZ1VLrZHcM7kP7JnzDPQTpBgYBA3i,0,0,,
D1kWoYYgLk9KLkGUh2MUfDFzpnTTyixRqBZX7a1i2MEz,0,0,,
9cC36bMZCt9fF53eLBQCago1czw5L9GRHZBL5adWEyAu,0,0,,
HJ6q41UZYYYQYpK9X8tn6p1yEmb9T7MyqfrECMveEbJa,0,0,,
4kHu4VktgzpZW9i8LEsHZrNLJcTV98nGhyZE5JSEpump,0,0,,
A6My2f1rwcjevEgHGsr9jv3wtp5oiDyehhMKdzwqdbjm,0,0,,
HgC5U8D7oQPPmy2v75578abCCVSKz93gwAYZ73H82ae8,0,0,,
zZZnYd34JnnmCAzWtZFNWYLDb1VGsWGxtrxgV8mpump,0,0,,
BKKX7CQ7vbRViqn8TKoM1MWGcLWqgpjZkXcWjZrisDai,0,0,,
EFyv8v2uMCQYGGZHuiMgegAkfH2Q1MessfZc8MuegmBx,0,0,,
4234mVWcfnuecjndDjah4fw5a7Vivq7WbGeLi2TtccDp,0,0,,
5PHGgTLR82QS66HGbRrJDr6GxbgNFHLJ4fwJD3rdpump,0,0,,
4ymAbAZ1C2s4Ky2h7Fm2otkVD2wHdWA747gMRkrXpump,0,0,,
BDCs2xEqzXyRpp9P6uPDnAvERpLKBfzHPEzbe3BfCxDY,0,0,,
4ikBSmzBLKS7TkxyRccPGerQvStymwdaEbPh3gbMYJ3v,0,0,,
C1jXwDMkaLEpFUAJ8yrr7tLavCeNdZgbHC8rvcG1pump,0,0,,
6UmMAjSYeA5vR94Bn2qD7n2jWpQdd3nW22Vo95RSpump,0,0,,
7YvfVcDeE9xNVnSRiwu9FFkm2W7BKjxvVkJQhKdmpump,0,0,,
8Bn864F5AkghQVLxthwUz9N4HbLgYf7Ei7VSY9Fipump,0,0,,
HQXwjVBUU2fvvrM7xNq6gfX3vsACkqHtZo7mwKwUpump,0,0,,
qiaupfns561LJPudU2YL48S2mx1nbekrn8V4RrpyJG6,0,0,,
J1RKxbpFA8LG79eBZAFVvnjbX8deLWs4GQ27qsbppump,0,0,,
6q9P6CtD2naY918DFj7EaXk2qhHwB4gZsKPgrp4kaioE,0,0,,
8wThJ3KAyGWKbZMUg7Pna9SstayjXCvfiwhf75WLpump,0,0,,
CDA3CFpoJgyu8Zg4UV94G8nXeveGTHaSyquaK34fpump,0,0,,
6rykXnEj9cjT8zDhAyMKyfVZ4cYiXmCX5sgoPeVupump,0,0,,
FRCncx8MiY2QAVj44kcsR8yD1QoF1WNuokKGhNj3jPeg,0,0,,
J6Ryr2iLNRPRvYbPkvSLvQLKT2nnkbmdCj2VimrKw7Q4,0,0,,
2fJ7RBxknS14Dz5BUjo5H8EtmrtLECdDcJrtP9vMKmc8,0,0,,
31iDU7tkgzY8qbWnxT1LmZ7ZHXrfKaBUx8yGETiapump,0,0,,
5Pbbcu14NJ1QVnVoyUPLeZQFvXunavL4AACFaXLpw47B,0,0,,
4pffVvH1tM2guAHxQkNtSrC764Vd56PtZc2KGXsRpump,0,0,,
5WW62msDX5zWTEiLXw2fNMiktCcoztzq68CaEeT9BGd4,0,0,,
AshCp63UfAaagrGmiuuMTAotvNeGUWwmnPSsqW7mpump,0,0,,
GTiMaW6FNPLrWNVLYk5KkLApxiHvCwbGr9KdueGypump,0,0,,
mimiR8NUUF4PmBh7YSjcgnpqkKCZ7NsDfEasvtj5FXj,0,0,,
FKpQJa9bAsaGEhWhcuNTpKmU3iechaqnNprz6Ccjpump,0,0,,
3dCCbYca3jSgRdDiMEeV5e3YKNzsZAp3ZVfzUsbb4be4,0,0,,
DvLMNK6nLeqiJQadZCFZDNyQMjXKZ8amSMQ6sFQhYBvi,0,0,,
6kJhG826LGowg7zG6PLd6tg7mqvVSdq2WzHhsfc7pump,0,0,,
9urNDzEULJYVsU81VVZ5MpsR9X2oCHiEximmoZ7S6eqP,0,0,,
8VyyhCLfAnUk7WFpYpMCYf4z9XU5vajNxcpLMe2H1ySj,0,0,,
68hkN844WXdcmJdw3rVj9eN1VGhxoCm8Bg1HJV9dpump,0,0,,
BdhskhNymvECsP3QqpTcyMBNrLmQLGS41Dez5aj9pump,0,0,,
D84woWAcMSDTkw1JYsiZymrofbjz3zFafYYhZdJuS8r1,0,0,,
GdwKNaMs6PVpkWWXdLu8NyNsaZA2gbGnWiWMzbhEz7vq,0,0,,
53CNwZZbP8WfnA1oTnX4S5AcGggvJignK2QWXtZ9pump,0,0,,
GZAnrzjEysjQbhpwfCzA42BPAey8MhEhziHTEe3zpump,0,0,,
HXhjsbFAMvhzFB1aajzPtrDhfEGJKUParWeg2GLnGXiV,0,0,,
GjjDzSuRzbzf8bQbcZR1RgEpPmmHKyTMqksQJhx5pump,0,0,,
GQaDVLoi9xe2eQcKqC5c11vRxJWu5askVty1dmzmoy8k,0,0,,
ALVRbKh9CPysLJj5NpBSmdy8pxZrsGqR5iMMRBMkC5cM,0,0,,
AWLbawaGxCL5hJk5JDn2iZmr6FoPx9wPZ8G19hmwpump,0,0,,
BqJGnfK4Gj35rsvvcbDNVxtJDBNJczPYSHuujH2iUZZs,0,0,,
2FJkXdneMLkESaoU2U4nC1y5VNNFSxpRY4EJZwLpepek,0,0,,
8d2UkRW9uGo9oapMXEexADLnxLMbCtihKtueSepLG48B,0,0,,
54JCZwAThrPRfr1gUEoNLKz8VLA6DPDBLoSdDcL7pump,0,0,,
Av67SYEwmfaPmS3Yc9gJSrGu71EQHn7PyLvEFDxtpump,0,0,,
giSM3pvVCpjhVXwhJA2GEG9r4MQ7WuXUwUaLhfUpump,0,0,,
A8ExAkYS4UJohBmQmbJH9DecnRb3HvkV2EMKh2NZFsHv,0,0,,
GS7zD7QyBRpFoMsVZ8HxfBiFAUPqZHNzC7SHydNxpump,0,0,,
4cGgVsTxohvq6uWspF4CVLHA8JQedhDnKDSaEXzbpump,0,0,,
9LZmD16W9Mw7jJAg8WG5EBpkCoLYJsTPopR6VnTCpump,0,0,,
3CmtdWJMEsKaR82oK9feN6mBZLFSWshhnmWmdvwY2R6y,0,0,,
D3sjstAjtDTWwovWnUXZvcjs5iuhQVDRE1vvsZLfpump,0,0,,
MEW1gQWJ3nEXg2qgERiKu7FAFj79PHvQVREQUzScPP5,0,0,,
CY3dUcXrBt37dibZcg1bk8q1ZqtndKQZ77U4aKb6RcY2,0,0,,
3wXgb4TwSmzs7AjJ2gaDZhKSB5TEgWzMyPyERe2LZxJk,0,0,,
fDJVuPCzsi4pfc5wBEan5PEUDPvtvcTWm5gjLAtpump,0,0,,
493SyXVKmQyYvLjzEhhRtPnqKiVWkCCgFKiGR7nfNdNz,0,0,,
9zt9qBmXdvcDksAoctyTtW2Logg5NGeQU46Zhsfppump,0,0,,
8sWKTMrh9bWUrvykK4H3jzEzGbEqvJNpS2f7joYKpump,0,0,,
HE3bra2UhdhBrCX1yzLHFVjFaFp591zSMvYzo3ropump,0,0,,
DogC4JhFWEPGxVYEkBzWfX4cKSnEdZC3YbTqMEdYaEdi,0,0,,
cWs9L5LtSso5YuE48Deq5rmnwUnEj93Kvgar5Hnm9tB,0,0,,
C3txYxBmzR24Ducufj8iKUSJhWUoubx7oUpTUF1qBJod,0,0,,
7S7FiMeBt1rNENww19XvP2s6gGsczRCJsFYooWtXjHa1,0,0,,
7n7YHRnPCzxcF7492ZZrg3189hr91CVjB3chWYndnDnL,0,0,,
6c5xX8YnJLQa8HwPYsbLuVjUns3M4DTfVofPaqdeGpkh,0,0,,
655Jywgb8V2xCJeL7h73cs4eqCNQh8kMR2toUHmzpump,0,0,,
7aC4gq2ZsjR5ha4EDLRUcBeN1jkQL9jcJDNX8bmddM9E,0,0,,
34pMsy5UsAmjaXDk6WYEcxZJQYL5zwpt7rBG5VSYeJ76,0,0,,
GAMvB4rhco369BrLnf81jm2YZdjYforrxFMh1pSXpump,0,0,,
658gVRm3K3kGTwKyGhsJ2akKgE7zjDFHTDsscaWtpump,0,0,,
8ypJK8k7mYR14sfmiQzuF68mvamu84KtMn1tvcrjpump,0,0,,
BFUadco9hktp8wrLas34DL5jmVYE17qYmfxZykV7pump,0,0,,
4aqzJyTavMWcdhL1ihht1DZsMjBQW3gjDo18qQLYjsAX,0,0,,
8Sk1mazEDN1L6P6E9di4Xgza3icJw4Za9KUKqnUNEQrM,0,0,,
GpKUvQfGPVhMM62e3aCcBe6tUcVqHXjLK45WySdq5dJf,0,0,,
D9iWks4VDiEseFEwSAdCc5XEwvrVFjp7iiTNZV9xC22A,0,0,,
FytSzGJg1VFYZ6iGxnzG8nqPVAa6wWtXXE1WHViX1z7q,0,0,,
73LsT1ay85UgSvbUB3p9ZDxknB7UaWwATGXcg9rMpump,0,0,,
7rF72ccFdtuxDT2f1hUnqkyX81pN3LotV3tM1KZ5b2b1,0,0,,
FHHeb1ji8Qm5Nq68S8zPV9HCPbE7YBdBmV7fgqYRpump,0,0,,
63BaLJAwDzxK8D7Esvq3bQZRSbSgwLcmatnaSYJqpump,0,0,,
6qjFyECqTuoeZLdTQzgm87vp9EYkXwEVxidXnXCbG1ew,0,0,,
KkqCJwRvyoGmMQ93p8U4Kr6t9NTXWr1PehFYFzPpump,0,0,,
ExAmXuCUGSJArR9cFYHTRr3TiA7Jn9cfFZgJcL4Kpump,0,0,,
2ViSxTqNGZKbrEv7ULMqLipyeDNGQXbtzEWB3u6mpUpA,0,0,,
GxEuQcfuBLJ1DLZvAwhLMuYHr15tqmaB1tH6Pk6apump,0,0,,
GbM86ZU8UhcSwiwkB7uLqWaPnGnQXNKExJebzDBspump,0,0,,
HAB94C9z3kn32ChZTfnx5xQL8hcZNDbuoAuqtmYkj9TK,0,0,,
9cHbG9rKPkg3XDrMSzgWVskRuUSX7EUYS2mh32q1Momv,0,0,,
6dbZYBohnxLPJb9zujR89B64Lm74tbfqRYyaghHbpump,0,0,,
FccXvrD4RwLTx1xci4FEAvkmFcsgpB1KCwmELejtr2yj,0,0,,
CB48KiK1oi1tWtjmPWxVR2NPeEr9ewzmZQ8ERk79Ue4b,0,0,,
DoxsC4PpVHiUxCKYeKSkPXVVVSJYzidZZJxW4XCFF2t,0,0,,
5NSLkhKomR9YUE99W9i9xbxwuoCvqEXwEhAAeN2mpump,0,0,,
H9G3pEdKuRdyAg7ytxexJ1o4nTnyem4JkC1w6AsSpump,0,0,,
14h6AkD5uSNzprMKm4yoQuQTymuYVMmmWo8EADEtTNUT,0,0,,
HhCUxpFg3pcK3yoxPNBsYupn2vqebHHvBpZwiStXpump,0,0,,
DFwxYdmfLJsPTyrNJCapGadF58Y74e2TFpVAyhbgpump,0,0,,
45g2pMaWgJy5B2qngrJqUegjboFV2mE7jw4HBJ1rZgSc,0,0,,
7HSiceXdTvqsvZiXUqbZs6LLK9xaPmhqHMDKBrKdpump,0,0,,
BwHZEG96CrUrMHve29Xj3rkhCpHB38cPoMrSDMLTpump,0,0,,
BzRJGSG1MYq5rb1AnGzJ9hNpejkLv5SoGv3NrkMopump,0,0,,
8Gzt96hA6Q2QPEVpB7zJqt32XWGFUY4bs4FU4tjdpump,0,0,,
CDz1WStXCQhTA5cW8N8HKMauuXGwwVELYP4PS9QWpump,0,0,,
GYeGsWZ2q7T4YWrRYVYCV1xvg6n9d1AAoMoPwqppump,0,0,,
Tj9zUeuddHiRVE3LZQNqjjA3nFhbGMM1EUCekJWYUfv,0,0,,
3dszoi3ge8r3yihQYUQLwct9FomXi7wsQRFtdhWcfczV,0,0,,
PrsARm8CKbv5osQ33absu47rEnpfYUyBaUckbD7pump,0,0,,
9uEb6KBSwThaUygiEGa4wdZB3LPQhpgvHEtkzWeVpump,0,0,,
CT6K5GjiPb6ZUexLtrmpzRnBXFPGbjfwDTfsra3KVHVR,0,0,,
6tCpSeeaatDCo4Ue14VhkwM17YjsPCgcxGoh1ZZWwXVj,0,0,,
7a2WyRsFbARvsc8RsYLqLnBkyTqoJxfgMf9p3n22pump,0,0,,
4AAmyhuio2bi7wGaPh1W47BD44o2YHrqr4WUSGpSpump,0,0,,
YuRK387nTV6Nf8Dr6UiWoAwvmkWxwkGsP4JjeNJpump,0,0,,
8QwqzHgsGcVrxgT8Bf4U3MMsiAsFUpxTEEJu3RF7Mpvr,0,0,,
9a21gb7fWGm9dD2UFdZAzgFn5K1NwfmYkjyLbpAcKgnM,0,0,,
CbzUCCoPP2konmP6hnVonhGNA31id2T12pqj9qMCNoxs,0,0,,
9NiHcbT8EohKJid1RdU3232tATmM1CvYemTeCP5iwro,0,0,,
5mSH3YMv7q6gPYmwGXoVYEG3pKTpDUbC3YF7XMtapump,0,0,,
A1iiBpJPsYtuneg6PPhGRHxuaRjoJLuB7fP8oS5pump,0,0,,
6iue1uadTiyhzRp9aZc9sMKk9yqTkTqKLYKvLhaipump,0,0,,
9qKJHu4rWSKvK8uEG6N691uhvSaGmT1ymAtHZJcRpump,0,0,,
3rsLopLpKA926Ckq5unv2XUixSAC2Z1hJXVJrDQapump,0,0,,
DqRAkLs2DquKDXSqU6XpTeYJyrZn9FZNwmhXG2GXdrYQ,0,0,,
DLScRnWofxiYGqnvZWGy9Gt98MPqKdznaK4TRukxpump,0,0,,
J9SXKctbZVws65vjBHL91mqStzq5an1xZxdi6a4h853o,0,0,,
CQSPU12VppGZB7LeRkEaKzrRBzvo1LyA9mR2ydiwKHaL,0,0,,
7edoQF9NvwPD3ueGXRYFDnahBPMLCafV45vjyh3EFmVk,0,0,,
3NMK55CqJXh6YnZJ4W1g4yHqEjSQtNK79sfKoGsPpump,0,0,,
D4cDRzgSm78vu3sMJfmBW9RC2WmLH7LWUwGmgV8Rpump,0,0,,
7yGtFR2b4jsZQKBC1ufGKoX5dWzSacNSyPyqJ5apyaKM,0,0,,
Hysb6TsTBG4aJ1tyoo3egij5GvrnxvNBHDi6SDzSGuwt,0,0,,
6LkzKeAnQv5nMbeM2U7XtggywrUtyBuBfPkAbARDpump,0,0,,
G4LJcPktZLrgsxu8VSJiBvm2mUVkYvPWzTHSAQ1spump,0,0,,
43VWkd99HjqkhFTZbWBpMpRhjG469nWa7x7uEsgSH7We,0,0,,
AEXbqWmEHY4wXS1XeLfieBDh3ZEvVqkAdDzdaMAwpump,0,0,,
H4migqCcpVVeDzB9ALKL5obvDRMNS8tJhAcLMejoqRNY,0,0,,
BCP3tdCpDGyNzcgi8s2abF4EqVzjGQWkhx6xJFDApump,0,0,,
C2GizoQtixmwMH2ki7FayAQbuMQ4EQ5fgtComSGoBvVc,0,0,,
2ZvcCgSBkgkgyBBkgXVwLBmZSWAFWthVNTdKk58Hpump,0,0,,
275gHC7WqaeccZSHJ86mjPYzrKzmTVTXjWeHgttjpump,0,0,,
8DJFdAgWWVgTs3vurYyjVhCPZ6TEeiR3KjC18DaSpump,0,0,,
2Nt2qCFNKv4KdWuGqHF9VACA29vR1qwgvE1z4bUMpump,0,0,,
9MBzpyMRkj2r5nTQZMMnxnCm5j1MAAFSYUtbSKjAF3WU,0,0,,
5vHFaW2f16gkpxcfDp7J3a3cjtrdJH7ErJVShFXCpump,0,0,,
GmEXg8FwpULzVb15r41CNB5qFnRcXCrEyZSmD3X7sv2e,0,0,,
8vX3UzQxPkqTt6rf1NumNJMPfPLfCB32q7xLzSz5pump,0,0,,
scatYPdryopAPpriuyn5a4UyPSD9weFP4KCKq9Ykskp,0,0,,
96pVfBphb7MymA8TW2o3LN3MQ4ZEUWcNNQgSzdgLpump,0,0,,
BJbG7wFjv1qxdJfUQCLhzKZCp89jCd3EpseogAvWmBQv,0,0,,
9WQ9XoY7ScNVZDSFLNHrF98myHpPrWGQY6Q14g1cjzDH,0,0,,
8fZL148nnC168RAVCZh4PkjvMZmxMEfMLDhoziWVPnqf,0,0,,
8kGkYXfrieTFgWNbThiatPeAAUxdW8HaaVb251pr5f5J,0,0,,
5Q7dN1Zs6hdfQ6431mSoxoFrHDPdssVfw8WGsirWgFvc,0,0,,
3nLsfxN32FK9ucP6e89f5w9WqMFUtMCtuJnfbmLftj8C,0,0,,
BJz9EzCaCiXV3hQPiNUuAqzWScujmW7s7ELntrV1Y1aT,0,0,,
6eN1RvN5xo8najYpou5tjJ7hcLweontu5EHPqSJBpump,0,0,,
AnLV6URRUi6gSaRunA141ZuBySuNMTvaWpSXbgLXpump,0,0,,
HjHgtmRntsg3wU4aED7PfQ6oFq4XbmMrLjmRAkG5LumE,0,0,,
Gvoif44JE6oqAoGnuL9JTEDoN88kXSJP36vRznFf4HtL,0,0,,
3Ca2V5YzjHqGg1LJeAL3tCzXZJHCdWy1RY2ddB3PH9Le,0,0,,
7dySSeW5rDYAHsV8k9NK2Pi3BXAHDx7CyM1HUV6BsunK,0,0,,
5VvzXybL3Zdz8DaCi7QqbFh1hDP9g3gNiKoPoeqBpump,0,0,,
3nh4AYBcNDUmXPZ9eaF4j22cqpMi593PVeXv1sMUpump,0,0,,
3iQnu8YJA2kjAQbXmhsBynFPdzxFqM55qbb4Ezow9JoP,0,0,,
CK8jBy1R7JKr6FMSmaHJGi8GS3XPryWFJ1ebX3Uvpump,0,0,,
9iVJR1tjDgNHw88xtXXGaU2We2fR8qEm75ZSgztqDkag,0,0,,
D2WgVsM5YycKd9w8oxf7zCDvwYCcYCvhmuj29SWgpump,0,0,,
96Dh3bJoiBQ1ZywkBibArTe1oWiKVcKZJtKXfDD2wNYB,0,0,,
thah8XiackGtVSApNcq9zBT7DdbrVUkGB5dHPizpump,0,0,,
EgADUQZrfT66vadw8KbXnce1zUcwtygUjap9BZNU6g8u,0,0,,
2XeqbW1DgaNx5hZ5uMW5T2nCia2jg5X4E759iAeq2jZt,0,0,,
82QjqWG4Fyk2FGQF8j1qzKRdr6416J6KLWtmeWbSpump,0,0,,
AkS7NtbmVmvjgbyTwqtTqngZNiXynUsP6gyZFoBntWpC,0,0,,
3spukw2M4AeJrdNXN2GRrSjsZhmziqTPVcWynCnDpueH,0,0,,
CS7LmjtuugEUWtFgfyto79nrksKigv7Fdcp9qPuigdLs,0,0,,
HeUms3pGNqgde6zc4TdKrYGv7xSa4uPUMNpMS3UQkFmp,0,0,,
4GULMPKBJLruChBZWksZzukAg1AjSCmCTMn9ny2Xpump,0,0,,
HvQKzBzp1YhXdqDUrUB8fqrfbJ6rU9CytzscMyG7EFAe,0,0,,
4aU642ras3Dnaddk44hjUTNUSM7hpgeMdeUj2sexiZkK,0,0,,
3XTp12PmKMHxB6YkejaGPUjMGBLKRGgzHWgJuVTsBCoP,0,0,,
3cmy7z8vfGw7VnjNmn9i4qVW1FrPw3AuScFZjZsGpump,0,0,,
3iU9iYQ88v5GxaRRDntiwAgd9KzDspX2LKVG5euppump,0,0,,
Gkv8J93zFesP4cKBkExvmDJyRwN8wwfYsMVGXp8zbrfc,0,0,,
2eCVVZ4tomqn4eyuA9Gh5PSKrjNXGwgMhPALGtAkpump,0,0,,
2E4D7LwKkeFv7BfnymPFRzRYKPbHhfmGnQVr96Q6eeKW,0,0,,
cocogeotrEMgATPmCCdp9TNtUypBFL73mkdbERJFom6,0,0,,
8Sk2EJ9oo25b7Mmf4qd5gJw6z3738AXvAbkuSSpQpump,0,0,,
whheYm7JzA2DsAofFKvXtNdJ8HhQDxa72fa52pdHaoB,0,0,,
5CX2BkpuKcAzyLH1dd2MtSb647duA8xM2VULu93Cpump,0,0,,
GiGa7QnSKruj3kwPSMdD2aRVpZcmhnE4NubtYM7PdYYE,0,0,,
FZwMWYqeSroFvCJWeidTQfsRppUeeUeTCL4ppRREUZno,0,0,,
59u8qAD2S2gEtsY5Vs7dJ95YspnHavyHEtRfzCEb9F7G,0,0,,
ALCcdrWAgwV4tJhn5T7qxKMUdrBMDKVkF53ZqrmcJ3XZ,0,0,,
BqJyEmXDw6oGQLzHM6MsBZjpip6BRe1MyeZJAfK8pump,0,0,,
BJnJAG1mx1DtWHkbvP1cx3DC1B4sXfMQpftNVDdGpump,0,0,,
6oXQE9haR8kkipinGU8Lr7tqwo4WxYMBzGPu8vbupump,0,0,,
EsNwBBJS7yR5ieUfsL5YrEFoVTmvL1Jk9MqcXxqEpump,0,0,,
84pjxhHuwCabD8VDRAxf1DRqpesL65MbCdSKQcffVuAY,0,0,,
6ggzBLdU7ZeRoeng4VzYWWHRiNQdxNzFYmg7NmjTpump,0,0,,
BSUTPseuaYdHYhEffR9EfTsUen8ctLKbmL21166xpump,0,0,,
9Bn39AetkawXcZvgCTt89ekt5HrcauzPZZpCKPr6yD34,0,0,,
DoDoYogRFcc7XRwdJfMQKLvccYJKAvqPnqVpFZq6kjYs,0,0,,
BqW3hjs8orKALvAyu8TNWh8BzjEVkL2uvsgbdS5xiSWu,0,0,,
7QPapcNC1zLReJFdz2DSTvGKTGZhP97vMHCsMTwa97C6,0,0,,
9NekWzFLuJEd94TJwTXcyTH8mhw1qC9FNMrECaKDBhv2,0,0,,
H6VmKygE9CZSERCrbZz3fLrCSw3Pw9iN98kNwyPJpump,0,0,,
5KV9nzweDRwKcrh9GJr6LyL9zQx8a5r8x9qgQcAH2RC,0,0,,
FJRtY4GoThZwGM92eTNziwsTXBiZs3brtFfmDj53pump,0,0,,
HpzzHA5hXjkZSDXAiTj7w6DfrActA3y3w4ah91bLpump,0,0,,
3WTmwa8aKrNZkhT55PTkiSkpp9t8BAr2819pM26qpump,0,0,,
DPEPsFbcwLhNQP9RWZDCaQUnDtdRjRCAom5gLWa5pump,0,0,,
A3dgn47MytozEyWviRfTynFjaecvf6RdTp8bbNS7pump,0,0,,
HhuNLvutiT7v6fACB4CeLhB5pzeK8ztaLKkfjsNfpump,0,0,,
degod39zqQWzpG6h4b7SJLLTCFE6FeZnZD8BwHBFxaN,0,0,,
D4cfaQhhfdP9MsuhLwSCuRdfPjws4S5sjtgX5F8P83W7,0,0,,
HzpfTu225CNB9NxPKx7asAmcjBPsn6cbrXG6ReTPpump,0,0,,
4AcNRnBBz7NsMfkdcLwgaAu2dijxkxuzg9v7P3MgA4ny,0,0,,
CDx8u755YViARCAsvSLshuHMjKJnUMnLqMeHZpcRMtfQ,0,0,,
Q4tcAtjYseSu62EEUKgBtMQQgu8xa4T5dNdvmbEzU8Y,0,0,,
DVZrNS9fctrrDmhZUZAu6p63xU6d9cqYxRRhJbtJ4z8G,0,0,,
GWawf9BQp9GdwikY8GDKCEHQwzjQxoi1CdpaqhDwuDAK,0,0,,
GpFPrZ9bQrc9UewwnRP99AMDFxEVo9WpEDBEbefrpump,0,0,,
FRmySqvKu17yuj8HuppukAGnhQbngWpyjFjo2zkqpump,0,0,,
BcjQVMVXwUjsKU9mccvqiVog1gW5rh3gWhQnxxcNpump,0,0,,
Foth1khUc3rGs4wKacCicHsEqU2p7HwPtYPyjGTpump,0,0,,
8iWsK2WH3AGviQwAnt43zvc8yLy6QMUSuv8PK2A7pump,0,0,,
wJKaQEDxnBXwj4RCqNKE3K8NZaG992bZYnottcupump,0,0,,
GXwESPtbqvtqo1gAdhGErRJz9smz1XYf3QdgxcFdksDm,0,0,,
EDJEh83Epjcc5gBUsMoVUErkpAKfcE7irmb9kPkqpump,0,0,,
4dx69VLhJGpswMGdVb2thWsuykyhWRZrrVjLZ1mgpump,0,0,,
9cZuFXqbX8g1aixfjLre6MN1HGSoPy3rFGrs1vSipump,0,0,,
9pvH8ZNp55RVjeeQT5qJrAK3shhLNRvL23CuF6JMpump,0,0,,
3ag1Mj9AKz9FAkCQ6gAEhpLSX8B2pUbPdkb9iBsDLZNB,0,0,,
7qBKePC5SqZKDRNsbNhqD6Y6S8JW2CM3KoRv3ztDpump,0,0,,
FgWto1nfArQTpg3o74sYkti753caPfHNXHG8CkedDpMg,0,0,,
4jMjgiPsQe2QcTrnkWw3bnxZTCiLYg74ogf81dgpKfRi,0,0,,
94aep4mhCTyVjW9GfCh2tooek26TkV8UQhQfLXs3pump,0,0,,
3wJ8vbpzdXnWL2SkB3fzkdKgyAUPaK98BD9C9B2bpump,0,0,,
DG3LB7Kr8Londuz1j2us4YUXyNqiiLioKdYjSB37HbN2,0,0,,
2BdrhzorsfqWfd3N9M9U4pLb4uQYw1agTZPMSat2pump,0,0,,
GinNabffZL4fUj9Vactxha74GDAW8kDPGaHqMtMzps2f,0,0,,
FDTJzoVQ7rHPFyKhyJzdHh1nbX66sBKPzmknWsobpump,0,0,,
EQHotG2iqNSvHekbdvc5b1NvUVa96HxhzWCc6TeZjup2,0,0,,
8fkXhZ7rNnRGNjyChQzsh54p9G89KkkXaymBzXQupump,0,0,,
J4rDnYFsgvv5vo3PcVEBpMFPgu4uGLpvLzk3xvv9pump,0,0,,
APoUuz1f4KSb52ifFYgbeghXxPDNx7GkxgYyp83Kpump,0,0,,
ESMbwwUbyCz1zjbZkP1of2XwrSW3YiaSC7JB3HFapump,0,0,,
ERyohC12uzjcXi8CTKhqsZsqgLXQx4E47shzGEAhrba3,0,0,,
5sYp2ygdJwbv1ETyrsn68yUyJKGSBPE4VLChxo4npump,0,0,,
zMhY9vL85dL5SEcLLJvfuD8J7Dg5oqBZvdGmRui3tZx,0,0,,
6YHg4Wf9ZXJhWaxgoR5fiAhRWH8rGtngmNwDUUsAXXGk,0,0,,
7cZVjca87D2b8MRF4z4BB8CDTPc2Sw4UzgQ8xKTupump,0,0,,
BWFKLaEYDoMDYzZRB2bYLPhMJTycD9voNihvSL34pump,0,0,,
7h4T3UmF4gYn7ZjmyQ1NjEmCd4pM4GNw46onLGypump,0,0,,
AiHM2AfLWAi1ZpER5XaDavRCW4HthChD3FveQJcMdU9q,0,0,,
98y2dtKJNTEv3kf5VL73r9P3bBGEkSWAGnS9P7EhqDTM,0,0,,
GyCenQmE5Ncx27Hgf2m9auNqD2gouVbRryFj5YbdBTwy,0,0,,
2BRtADzxBF5cjNGiT9xUNvrFX1dw4nnLdydMyXCbLJx5,0,0,,
4B9qo1WLad6qkFBXA5pwNbznmutG6irMwkKpL7EkWMuN,0,0,,
AdnFCiHpJgxQJVZqgUSGLToRbgpkbozT6Ynpic9ipump,0,0,,
4ermJvD1anQRa1c7H7VfAeEVsTSGSMWMgrduRijWSfyJ,0,0,,
CZGB61g7u8vEkHifzsUVchNbfcuD1Tbn8enD5jjXaGgf,0,0,,
764eAwHDCegpjMy7RqoPeusPyFrs9tPnd2Crsv7WeA71,0,0,,
Hg3GshkxdbjtaXdNgrD4GxJPZH9TApnK6pG8ZprJiCVM,0,0,,
Eq6jPVDxnQJwbMV8hzCoQjUAhecVZcYkzbbVZCHNo365,0,0,,
6vggX4CZX7DpzD6XaCc7SSeW1huJki8D5L2V1WLubgpX,0,0,,
6ZUQAjQsAr3JQRRmbf5wXVgpCxD8vuq6jZGfRpTspump,0,0,,
ABi8gk6c7dQHVtSqNeny7YQNsgRXJon6vqx3uGzBFR8g,0,0,,
12sCFPJSfe8PXE1aiW28g6ZskJ7w7kKsiAvVzLUXpump,0,0,,
Comp4ssDzXcLeu2MnLuGNNFC4cmLPMng8qWHPvzAMU1h,0,0,,
UbP16suUxvr9dMrUmmVw1wYtoDYn9EKAp4Mvue5Qhgs,0,0,,
J9JRWXX76n53BozmnayLgGrbrMng9Ln1okVkEccC8zz5,0,0,,
EDXbuD6Hx1BvGMa6WHFCQLDu1fp5NHvvHvzEMfknxNUA,0,0,,
JB2wezZLdzWfnaCfHxLg193RS3Rh51ThiXxEDWQDpump,0,0,,
5CCnUzGNZ4PBZx3sx4t7RNyUb5qwF8NTrUSnG7FWpump,0,0,,
3DAGgE7jk5fGwizLmmPiQVcVTaL2tAobDB5x9dNdGkGh,0,0,,
ERBeYFBP2oA1MpcpMAGEEpzBZVmBhjQu1BG4yML5pump,0,0,,
8EQeemcUppYMH1T4JQSh4UNE6DLhJZV7ap6Y7k38pump,0,0,,
EMkKfFKQwM7pnWi2zkJKMAa5Nf9RBmgyefxGUVDLHQ98,0,0,,
Fs5Zj7cfEjHTYEYNWdrLtNQxQLqfcE1qst5C3icVkQew,0,0,,
8jT2uVGpC6PbsPcQJ5bmEH9D8pQq41WEUMaUpo9Npump,0,0,,
FjaaUG6wvttguoQVhDvLty1oCtXPuJrDrZ7B8ncuVcP8,0,0,,
CRQdQmb9TDmG9FFTPEL9gqDvfyF6HxGaHwiq5eybpump,0,0,,
gitqaSweTsWHAdSXJu267Krj3roxY6jAaJqbU7iom82,0,0,,
DePNcJnQCpcR38AkTkJJ8b7MrKehJvxN73mwtppqQfCw,0,0,,
GFRKjkdSDCs8W9U2LHUDvhi75rj6peYxjUVXcThapump,0,0,,
312E4zu9DsWfoU1j4EZd7yrwQZuZZFv14QZQePzxpump,0,0,,
5MJRcGb789Zb6MqexpZqVCpQigQoKVqiBR9U3sMCxqUu,0,0,,
ksFTC3AK6dWvs2W4PRaZxkMJNRoPBxexHxRvYoDpump,0,0,,
A6EjZ7vd8iaoWQ6Sixm3o1txbShbBrPFqqerh7AYpump,0,0,,
FGjrNU5bmC1ZS1w8RVihRozDNRfrshhRhAdLZF2nzgFA,0,0,,
8TYUnpKJmMeXfw2feRZJnUzHnzMkXbFK5jfpP6zGpump,0,0,,
FYRdR1uqt6bXHNdsgJJL8Kj6eszELzDseXosRPQ82m6m,0,0,,
4v14k2vBuoNSDLnMa12qK2pqokp8K7ZpVU7uWjZgpump,0,0,,
2228n1BPZuuEdtm36mie5DtftZoqVGKXDKnqzG58pump,0,0,,
HPW7qGNPFy9BnJYX5sqXP1U4GtfE74RU74v65zZupump,0,0,,
Fopobj3RauniU5qQvECSU7ShfeWcdS3GUQWkhvkofdEC,0,0,,
9UNhHiFn6eTWKhAWu6rGpti3E9E5isi9oooLWEgpsNay,0,0,,
FtHCi9cxJSSizrzMzsPjAfTfJi32V1CGRDM5Skqn4QBF,0,0,,
Hvb1Hve2sXpS5z6CXJUBzg71iCxq3Mbp5GfG8yFCP5G1,0,0,,
CXAtTTTyrHYt1B7pc8CJThygsTLWszd9ASffCE1Npump,0,0,,
AZnZjNctmBwzPb5aS2GYWhGVzv658Ae2e6X3yFMSpump,0,0,,
2UhmT92PJx4qp3ro7mkri1tY3SEjumSZUARnCWT9f5H4,0,0,,
13Y8V7bPYEhSBh45L8ojw8mK4ksaPKSYyYBYHR4Jpump,0,0,,
A2GHnfpZvyeZX5Pr63jdMmo9uYbpaaKqHHuPD5xD2n6v,0,0,,
GSXvsGygcMcbByTnGZqBtML9Ntj373bJtNXEfRrppump,0,0,,
E74qiANTdoFA6yaMCau1noHcae3jwArms1NJa3xN5sMB,0,0,,
ADJLVeYuVcrYW4sAthM7KT1D3j6cGJj9ZvU3BSQmNufW,0,0,,
Ca6SY4x9xKf9gNMfe3DWuuiPgNVYqcgF7EDKf6S7pump,0,0,,
BVxi7Le7GDcdiHg5teDQZKHhUC1aaQjy48La9yMPpump,0,0,,
CLoUDKc4Ane7HeQcPpE3YHnznRxhMimJ4MyaUqyHFzAu,0,0,,
12qQ7NPzEUYspwW7opSRPSXH7Kwj2wU6ezPtWRKtpump,0,0,,
remiG7sGaHWgrY7o6SXJW5CYi5A7kmKutyJz6x6hUsp,0,0,,
Huz7DeiAJKATSEofkS1Bry2NkCwkfcQuZFE2wRqRpump,0,0,,
3zQjdiGMm1b8BV4vY9aRKqBykv8Qd5uupo1PhKZqx7K3,0,0,,
BP38kC8w1bpc2g3vQ4N7TP9hkqBZ8T4P9roMiDAUaLbE,0,0,,
CduQHdRkxgSN1JicYYp28BV4RQkbymVGDodjaw4epump,0,0,,
HnH9hiqEZpjDb4KKLCJcq2LXFACkRMndtqHqg2dQxWiw,0,0,,
871giqL5QjMdHa6sbUGC7aLhXwYDKw3NPPoZm59Lhiyo,0,0,,
tpy1bxaYFf7eCaB4jEeKJCfPKW5p5wYg69CLf4Wpump,0,0,,
AgLzeo799sFPB1xYepkeDyRoGRtoDzVHo26WensCpump,0,0,,
6wo6TKVebW8RRxyT9CUFGFNHhoV8nwqwdZzm2QJXpump,0,0,,
nYWd8trEoZfqxcTXi7HEUJAWpDhGb8hobZBtHF3MFrq,0,0,,
A2PVd9wmEk9Ek9MFbF6VVBm4UiGYK24TCmE5oR2WDWGH,0,0,,
7WoL22CxJmGimvL21LRc5M6v8chF9A6FK5LjqKY1bQYY,0,0,,
6uumXiddeifV1kwvrhKQbhJCaFf1HHs8Cd1LUtan8Ckt,0,0,,
GM7aqMgrN4ghY3RLkEJih536keBATG5jm4HZaiy3vDai,0,0,,
GXQsNZHe9smhH3F1pQmMUCwALUYTsg61keXJZGG51oFm,0,0,,
EpPtathNtBLh4Xn6vJxoaekRpCfhNK4sDhqiaDJfEQ8R,0,0,,
HbfxH6RJZLsbdpfuy12AXKoWi1uLHrFLSx31ceqYpfTr,0,0,,
5ipyFvwL2aV7hA9mUXaK1ZvRpRYeJyciRdrS7dvrpump,0,0,,
EWx3xDR76YfxF3VHwTLgwU9WYrwANw3yxX5vvk8Kpump,0,0,,
5BcypcSTzVSJNjHJLahngfkY6Ktp7JQVuoA9N7Xrpump,0,0,,
3cFVS5jQNVgFQxBJiuuZL1jKa3fs7uhCetjKHSSipump,0,0,,
madHpjRn6bd8t78Rsy7NuSuNwWa2HU8ByPobZprHbHv,0,0,,
AiLMt6uGiWq4EkLmXfQgM4FhnbQBesJAvcB37VmHpump,0,0,,
2Lz4xVxfdLjnTD7Kv5wKc1wM9qKBqUsf4UpQCEDMpump,0,0,,
3U3a3C2tUwKUzvdudbXDPzYtY1QrHYtnWAL3Nos5pump,0,0,,
2kATD4v94ahnHyB8rHywAdLUwWAWAiDq9heMqmVEpump,0,0,,
2GZq1BZEjJfXsf9UjjSnZj8pTpTRbLGP1tALsXrBpump,0,0,,
DXFQZR1DaGHxEKDRDT2Na7EU4CnNDYJBAhL1rddKpump,0,0,,
iQuoGfqmXh6J3PShHDntayXGVixfp44wzGkVaH8r8RE,0,0,,
DexxZWtZd8hdmeth9gKYXgTWa1VYdMVrWFBZ9RXXXhBn,0,0,,
F2pWEJ5MXy7QaoMW7HAuFxBFek6wEQYrqTUNcAGqpump,0,0,,
6E65W9PgQKpuJGvnAtJk3uPYgzy3G56g7zMa9GR1pump,0,0,,
4Q9snUPq4MHptR8JVG6XXon1owX2k9VBwsRJbnnNpump,0,0,,
3eMtc3qcr7BEjyzdvY5sGNaibXKanZpm24EowXcex1yp,0,0,,
BVe7uNu1DWEebKEc7yiSXnrPf4WtRdMBQiDGdFFd49uy,0,0,,
zzzCAuojhwY66B4TnVRou6nMS8hMctpQjtHGbumDWDx,0,0,,
5ar8ytTKNWKLHhDgeMsex2emTmGgDwrVm1cG7yWP46zm,0,0,,
3VW2XTSNoodobNHenaFWEJEg7ignSFa8Qimx2PZURGjF,0,0,,
FBkbD3nvgQmRsikG7WSB36dHRpZpsU5vNK22rRhyq919,0,0,,
Hq3joAJvDFGZBBxsDa1Y2DcE58kRP8cNoG6S1c7enve5,0,0,,
njjQ6guoe9kkF7cF1vZum27rjboJqaVEVjGsoTqpump,0,0,,
3dwu2tw7kBFZvWEdJMbPCGm7MBwgziABChLV1kGspump,0,0,,
98wmwoSRieRyCFmK1uejfTBdb2xavqMN9KdKoHavPpKw,0,0,,
8Q9VDdrd1rNczTEL3ivPhwsYrYXVuSAdHuY7gFJGpump,0,0,,
2TYhhwG6zCYMue6QHmcxEHnt8tMhnyq8hbXNUbdrpump,0,0,,
8w5PGKXL5rFFyU9ohW4G4JMNf7MHKMHTA9h7bMiTpump,0,0,,
Es5qVag5JHnFoSe3DjTsrGTf26Yop4JZaj99SJgynwsM,0,0,,
7BgBvyjrZX1YKz4oh9mjb8ZScatkkwb8DzFx7LoiVkM3,0,0,,
A4XnZEpMmCUvvmyQbowAkLfFrQt5iz1i5b5VBvavPCJn,0,0,,
7RVntPLpY5jatkd2P7YkW3B7vAjTbAziaZj116J8pump,0,0,,
7dqtGRSw7LpHzqQYBiM8VzYsEmzfeWsHhVAVEKSQLnFQ,0,0,,
9vrGUHwsC8LyLjQoh3zJb9S53x7A88u49La63qPB6F5t,0,0,,
BYCtvnvfgjEPLewsDcTEMzewUcYb2N6xC4m6KVNEidJZ,0,0,,
8GvX6MAoHRbTU47urV8H7nRPLjYSCkxEq6qqAFDDyXYd,0,0,,
J4MxeX9Wt87jpJKcDhr64B8gsdcQHpXezEwqzt1Kpump,0,0,,
6kuh3nVdQWQFKMZhgaE43kuX6hpJQhT9ad1U9aJrpump,0,0,,
7gGvGrGNPfmiB7GZjjZ465bfo1Ca56mWaDq2XmBDpump,0,0,,
Fu4AuCD6buA1hATc42frTucfV2sWBGvLNfw5Sfsspump,0,0,,
B1aa56R4FJegCMDLDVZPyA5w4GcRwXTp2GVrQNb2pump,0,0,,
BjotV424H4UBvrAiGFGjQGztLxoafxM4HSdCXZR6pump,0,0,,
Ek7m7ScUnLCjdXVxMDmhpPmsXESWmotTr9n7Z3BNk4Bs,0,0,,
AN8yJbEVhkdLpdDxGKBwjKa7EM7YAaWWZYAGBvrFv8wN,0,0,,
Hr9FW7tE4EWThuBvjqSMxmkxJTpjxGYXA9WNBazdpump,0,0,,
8TEfMB7LZHBFsfjFhMx3qbUi34SefVmbq7bfW98kKY32,0,0,,
5D3jQRLzgKPqyDPWVC1DYc6bXAyjoK8RpkoegdzEwiyU,0,0,,
AanoBfpFqsa5RUd9RVCbhZYFrFwbUh4wg34hitT1cR8k,0,0,,
GsL6xKMfaKATM8iL8ssdmgpd1ApBHJ9gKLD3MsXypump,0,0,,
5iA4oZ4goNRK7RkuUxSMztHCcAPwQP1YWyG7u71KztqT,0,0,,
FufcdjDPpyir98GQ5vjg9gwb4Zb8tiPdmxzYX3STyyp7,0,0,,
DDuHLRyb2DBpzoeMZBKQWSqaK1GPbVxNoDNUVmdZpump,0,0,,
HCq9orwso55TowciCZkD3Yb7c74iHYRGvQrubz4ppump,0,0,,
Fv4FYb2YnPWsLnk4wtYXZebTVYAHX22wkp2w3a7fpump,0,0,,
DeRJGKomYs3ZHgpN4PTCUrT3sJXh48iCpSLi7hFvg2JJ,0,0,,
3XcJTtZazf3Jy9Szk6SfkgbD7ToBtm3WxtAtcsP7pump,0,0,,
JBSVUpKgYNHt4GLtNebQxTJmZgftTMWENQrziHtGpump,0,0,,
FG1tJmNEFLUcYuUzJdyYQzLrTY6UoKesMSuntQUKYQJN,0,0,,
5XknGDPf8Jii8vQtbeVmBHSDd2ZyvZUvbV53uwsL2P6L,0,0,,
EGji5RcgQ6635yUT5ctJ37Ti8LBDEYDg76hz8b57pump,0,0,,
4BZTixYyFSJ9TVWZySPYur8pZSTQdzbzt3DeNxQHTMtT,0,0,,
91zBQrYLwZS2MfNKvHpn5CMydHvEwrmvphvNdx35pump,0,0,,
9fURVh8YkzXDch2KmiBK7YT1zPYGC9UcWfXATvcupump,0,0,,
7wSnBQGN49uHovWAtRtKK111JtmZcvL9zX7FrHARboL7,0,0,,
BReSxAuENKLu9ywQuacupjDy5qPzoZQ5HfcoYgVipump,0,0,,
C4BmPqBQQVgcrGMdwV3rXFQRWr8NkWzwwXfo2ZT1c4pC,0,0,,
EkaEHWz4ngwtXhgQM2qRBkLrnxCici3jDX3TimU8HuR3,0,0,,
9udgpyW1ryaS5wfVQM8ELQbPt8GGMpD7id4tMGTtHLFP,0,0,,
2tQzaV1Z7W12ThW9jca7xM2qjfuuXXYBsCyAu7zPCiqZ,0,0,,
CpfJLrcKurohU6C8t9TxkpbFtFohja2YKGfjwpzXpump,0,0,,
HpLfPx1NkMghAEVq6d2nv84LiZt4nKvGJ2aRiUFno1DX,0,0,,
BXbUii9pkNXzjyDj5bSEdZovv51s7nXqnVi2sx6FxRPP,0,0,,
E6AujzX54E1ZoPDFP2CyG3HHUVKygEkp6DRqig61pump,0,0,,
iFM8DtxFw84nndPSYELRovzZBDatYUzSmk2iTgepump,0,0,,
Grznenwm9wYatDMzTcNejRD6pPQ1i2ph4Wo3LDwypump,0,0,,
G4QtA1bwbrvegKMSN7JrfY2Tq7EXc4hrkwwirutwpump,0,0,,
9vzoc5K27f4zWt6s4yiG5BqwQTwqPZbRieJJJcMHpump,0,0,,
7CgKnUxxHB5HG598hyhJfqbB47gN2Fdr7TN7WrTjpump,0,0,,
9NA5n2YeuH9JLebT7xEcbXem4DfzSVbA5WAXbGowpump,0,0,,
5eafqp6ic7WpxUsKJLhnLxthUcEYatjhXPNLBRZCpump,0,0,,
AbEUZa2DbnAKqYsUf6iHejh64rwNgeYvyCSUjE1arjV5,0,0,,
7GuMgDkktPxsJHo5CMiR5svG9P2VmnLRZPS8rLGav8AK,0,0,,
CRKH8N84iHiE1StwPooiyRwj8GKf1j8cViE5jktjpump,0,0,,
FJLehYsTWsdXP42tgixCvNzMN5PiWkHKNKfFPcCmpump,0,0,,
HVV8nqWBN11T9HLhfsXi79zHvAvs7q83dMb7Hx7y2g4H,0,0,,
CMNdVT9XGAtKuAYBMAwhnzRWrqp2caq9Supdg1Wnpump,0,0,,
5njPgyEfBDvGxHtMTN86yQnNr1XTd3zy9D2eb84zpump,0,0,,
9HsX2cmfw7cDGXGu1mYR2PK7uLVivJTDFB6YW13Jr8yw,0,0,,
KMNo3nJsBXfcpJTVhZcXLW7RmTwTt4GVFE7suUBo9sS,0,0,,
CC25mdLvBrnnEnaisKGZthUXynPTgdhjXnE53GDxfJ7A,0,0,,
GTLMdhtcHhqAbY3h8sKd9Y6yNLmYaT4NS3qgQr82HBCT,0,0,,
9WwQBoPS38sv5ZPXaGy6kTzdYbNeHZzm27hkfXrJpump,0,0,,
AZUb9UB4MVbAjoVjvJ7EDN7BPijAmLgcddo8gTEFpump,0,0,,
EikrgpRn8KDzK3BJhXxRZNbCe2a6viZ9B8g6j66JsYt7,0,0,,
7rqXPaJQytbAWmcK1bfBEW2CV3Azffo3RLqwvGuKpump,0,0,,
2eCKzhXd4v9QS4Huic592afTNMgHr5HjwE7Gurbepump,0,0,,
3QsH7ixxVZK4QBfnC1kQJZ2aa1Jxrm3YnPNrKjRYJRhn,0,0,,
AyLPSTFedcckTch9Bg45wYwJfXZm44bnfj7g4U4apump,0,0,,
4KFNzs7AADmuUBPGXsvR5qanYgBFHVdhPjELNwRVX7FR,0,0,,
9FUbhTkjXBP43y1eLLQa12WsM9CW1BPkTNUzWbSVpump,0,0,,
HMxw3CiD5rR88A1sLVutfokfeBPEkhXL2ZoXV6WoW6n7,0,0,,
PSV8WftgqPZ46Unj6sCedztnAv5t39bhhFmehchpq4c,0,0,,
EHwxCnHrK3ysDkJkscqNjJJrd9UqYmFxUvt3jykEpump,0,0,,
zpuZPYnuiRnqBwpArEjkFQ7DvdLp2WDDnr9dTt8pump,0,0,,
AquEdp1x9sAtBJMXjggNojqADhck9ff5yR12pcK8pump,0,0,,
BhRhWKfVGt2oZ84BqDpujVXsDZrVaroeH4ovKBcFpump,0,0,,
72VMbkfBskHUTS7adZ3egwitXbD5X85g5ggrrfvUuQQk,0,0,,
3WPep4ufaToK1aS5s8BL9inzeUrt4DYaQCiic6ZkkC1U,0,0,,
8oD721crRp8YTSj6RoUgqeugNrU9sg8xd9Qv9jBmpump,0,0,,
DbaSVQ87gQumixFumMHCrMKFpq5dSYNtKiVNDw3Vpump,0,0,,
DtR4D9FtVoTX2569gaL837ZgrB6wNjj6tkmnX9Rdk9B2,0,0,,
359UPi1vKerydZfMnPzwdJK2vusQxSUPHxmdLBZSoZVw,0,0,,
BT2M6Jzuwe9c5H2LMaVZwedvALJpWbZrLELgQo3pjCCr,0,0,,
BvduSVu2XebcPo7uAKYTK2eKpzJ9A8s1rRMLkX1u7M9E,0,0,,
5BSBGBxrR7QYWS8ARPqjkGfQSbLBAz2ykGXVjgUnFGMw,0,0,,
2KAGAKPvVZrfFugtKfWMGWDCuMiXE3qptcmowUUBpump,0,0,,
GxxuChRYdJ4269zg2bCoonXBycSoU6PoNngno1iwgd2y,0,0,,
Bo8qygFPPvDXdtzD4HXn9NxMFvCnKMX6FVFJKiNppump,0,0,,
8q3QFhKKjtTmMdcYp2axKS5HrdEg3k21NT9Nztr2pump,0,0,,
8TzfHZa6ZnvvGsQfnFC5wGrCiqbN9nD2KMjyabfrpump,0,0,,
DZBztmgHuuY49pVkwCTzusg6SXCpbj16ZeSFfQLapump,0,0,,
5WwSgqBkvks6ZbMJRPUCmja4ih2VqrCcx4Unw82Kpump,0,0,,
8swf6DkL84yo4y6BZwLCFWWNHpTm8TgwbL5UYahzyJME,0,0,,
KE6P33RZj3BCYvWxzSefPz7xcP76tpcCtZz14e2pump,0,0,,
8Vb11fvr9f7k74hrhNJEqjGq1hzgBH7FnuwGFbPppump,0,0,,
64sd4GgBhAbQZtVm91HcyEcvg97EMhbzTwQKM4o7PHxo,0,0,,
39Mzpdw7NDGiXmZZGWiCdR6Nzoc7muWuYkPsVDV4pump,0,0,,
HLgo3P6qf3b98pBabnWtfS9mbiXz8dRoM9KkcBcspump,0,0,,
T3HkfF6ec1BWE3rCkZt36zCu6WZXETPk6ySmRNGwYhR,0,0,,
41ogcpM8btW6s33SVNM7spBAQQm1ZVdmuDabLLi9pump,0,0,,
DqCojM5Ky2Nhpoed1oMGUAES8r4Juy9ocDothANBCPST,0,0,,
3QiXih8yiduq6ESbVoLeBrNo4TsLBESpyMvbQxo67WXB,0,0,,
GuFmsJrhxo9iVX7WpKGQ4kYg6yofMJLpWPypHM44pump,0,0,,
HJKPnX15UKa9Cw6e4vbC3mBkSdNgSnUmVVMXM82dLozL,0,0,,
3prqc1L4uATBFWNDUcTuAhDM1U66UmPDr95AjFL7iFZQ,0,0,,
GXPyMX6jeV419w3XYBbANu3hgvuZy5qm8Fy6X51m35Q4,0,0,,
8rkH3j5qLGyBDmkJcGNYmH6TxGZwEnhz4rUFNVaGpump,0,0,,
6FC5FWyDXDJMfKrbBGHXr8YDpsXRVJMKLh7ZE6Vzpump,0,0,,
G1tMTiNqcddSEWzrGsVw5x1xQ6Nim6jojdGZLKeRpump,0,0,,
73AtZK4RmHzmdnkoDuoDr9gMgLCJoJLpyNPywwoafpj7,0,0,,
8QXM6vf7E1TUJ9MvFf8p6BDWCYwBLYd9T26MPiprsX3w,0,0,,
BkuhUp224bBip4BS5mLMLG781dxDzFJGc3QPQfDDpump,0,0,,
ARjxEpmsMwj3WvuyCi8R2cPebzCd1BwY4GwQf7XMcBkd,0,0,,
GXDzV6mTbBXPnyjRQqr3aeexyjvBjBEFfZa3gYQopump,0,0,,
92obneiUDwW2d6gmWU8xxf5MKrYm7ZaE4wYwdQXgpump,0,0,,
D2aTzNdi7VCSa1dqvQtKcbj1uZSJpdrZTSAoV4WokZaJ,0,0,,
CKMYq8fN5NyqEhttWr8xj4Q2fyEJv686QANnT7dopump,0,0,,
J98iRfdhY2gvo1xdzVJpXf5uz6eUTUtQDRKA7qourCx2,0,0,,
9rijonvzmSDrhFieqKQvgdr2drauvhuQukg31vpvpump,0,0,,
8HfFvgutvKBjdbTqm8h6qZ2VSJ3TxwrZxHT3m34Cpump,0,0,,
3sCnWuP3njqbuFTB56nSV7TRZFXidWujmWzJurN4pTRo,0,0,,
8YGNACGaFimaFGwfZs5sZFhxrQfxc7F3ZSHKHZvCpump,0,0,,
YeEZPJ4sPYrAatEusNN8EWGmcp94UdyGMZjRYyzb9p9,0,0,,
DaxQcyxV3ShrcHJemZykQpxhNMSRGb2um6qazgs9pump,0,0,,
qm7sy3qzeN8ph3YYzw18mpkZvJHfT4EGuUri5ecpump,0,0,,
BEnHB6yZqXQQWgg2EsZdcu1JJhmdgHgetNcJ5Jzf5RvS,0,0,,
EozCkzqvNtjX4EQWNLxDvVubNrGTemxBhnJNqwi8AeHh,0,0,,
6Fb84TUdMNAVgwRinLeTgLov8dJnk5yhNt41Xq2a6s4c,0,0,,
EpHwoiUMALCGAi7YUhdhAqUkqzxmFJh6d1thrXgpump,0,0,,
5H3nbrLqv2LhCy69PVEuGvcpjYTj9EgDwS16pMwKpump,0,0,,
FbgJxKXtQbRyWP4N5uRFELY4ya4g72WFzdkd8eRZpump,0,0,,
DTJCBFYEQopULpgdLUpy37euzTy4PubY8jHX2wvENhGC,0,0,,
Axprarc5dAgqvRV62A8B8nKy6Q7StEn6VTZm4ZqZpump,0,0,,
ADDVKF2FcK4ohTKjpn8eXXmGwWyZo7ywFur9HL38DAKe,0,0,,
DnRYTjQU9QTExM7WxhLbqi2Fj545hMEruvNYKWpi9eyb,0,0,,
7iHbiVJsEvnkETqPr4ZtMjQv9YiPrcSqtJs8AFYGG7HZ,0,0,,
79eXoT1aR7qhBMGKXzVNdV4ZcLqHsupqj2WTFvDumpSZ,0,0,,
7CSWFsrB3gPc5o5hxKTJCUbFDq4QyTWpjVG76S1Xpump,0,0,,
BtxEAoBsEPwG1z3HrwPJs9HezzCNygqh9r3z6Vv5ffWV,0,0,,
LoLLZBUGyTPNWyFF48KbcmkZGc1ajwaFdWoLhF2nBfQ,0,0,,
CaCG4QQ1P1PifqctriL5iKXea5aQZtrCcdFqYuLxgK74,0,0,,
FCTD4vHdWesmAqapE8r95yKUkrdZ7PFZbzD9UPigbL6z,0,0,,
8XKsdYetB2JWtATrmWv7St3PNpSkxUjWNn6ADEGUpump,0,0,,
5LbEZWxePVBh8gF5prs6qR6kQxLKzGkNp6jzGCLXpump,0,0,,
DNR8uFgUt8Sz1q1vphMoAEU5uNcVhEHyq4fqiXadXjtK,0,0,,
J2SGgapQgDoedrJiFbB1jgqW5dn6iaMci7TMwnSDpump,0,0,,
ExPJ2CQqy8hKA259U1eXFkoEj186WSWp2Bs2hZX5yTLf,0,0,,
ASNoTS4cYopuUbmDMWM4AU9xdCQnb5zPe3gBWfTUsLTE,0,0,,
6MsuX4Fc7aQ9FFwnBFnA9oQZhUsFKhnjritV8Hu1pump,0,0,,
MWEutzuMmma3DrujJZzGFPysJGZpGe88e6WMkC2pump,0,0,,
C7hPjHP6BeskCQ96Ao5wi8vsQMYX23ZNX946YNH2pump,0,0,,
Gj6PVLoFUUt7CM1CaamLJKW9mGEnzhotDP7its7Vpump,0,0,,
GVQ4gKZnja2AihfoAEKJTtFES2n4H6YLSSF7jYKc8Yia,0,0,,
GJCZPansrqnb7Rt3FYUb6Na5moTmwCr5MP862Cicpump,0,0,,
E4dZabjXGnw41SXUg8rtcGjrw1763jsULNAVT4crPz7u,0,0,,
3BCj79LQrNE9otEFkbvVEP4zXZcC5RvY89e4rP78VNg7,0,0,,
6pV4aHRoaTGY6Cs1VEhs6Ng7PnsSKTbQsTvRyqxYNFue,0,0,,
7Evf7wKzFjgXiMepsSrKprXgVwYVdB1rUmuXtwm9acLx,0,0,,
CaF7S1uFwgX72cEacTKPuX5PxGrdvTyyfKSyDGEqpump,0,0,,
GoCV8S1Q6vP7zNfjUFUZx1Pm3kQGwgb2vKVzg4Bmpump,0,0,,
Cz4Q5Tef5Wptv11J7grFfaNCKuD8Tg4x7SAALYb8b8X4,0,0,,
5HkbYej6mQu1xfk2kB3kuxL4sUSAZBqVaSDMkU75pump,0,0,,
r8kCxSyaKCQBgs5v1dSTqheUU2ur8bLiYgBThMpAVyb,0,0,,
2TwVywyULd8UpWCrYNiZccmpopyG2R2YE8oqxHCT5oCp,0,0,,
HUCXhZ3gvax7umq8gRZeRcjMkBmfUVgPxfUtbdftpump,0,0,,
AAqZ6CECabwnYLm3FDqPrVQotXLPGQ3BJSfecYmXeJU5,0,0,,
JDUrmQ9xjYGSAbB1uQQGTGzvGkRYRWJSBPheRSAS9GBN,0,0,,
7NHPmFKvj9U8QcQ1eAPceWLgS5y2DQarNrr8kEPp1m1A,0,0,,
4N2V5kx8s2Ld22Yg3zwVx9ttA3F26PSFQj6X2KWdjGbe,0,0,,
nZuEp76CPtVFy7SsRh9DhTin2uCEPceEnKbLaWcpump,0,0,,
kZEn3aDxEzcFADPe2VQ6WcJRbS1hVGjUcgCw4HiuYSU,0,0,,
5QQRKwnJsoy5MHbYvUe1zgtNUGhesQ5SErQvnAZgpump,0,0,,
2idBzH45gfXFEhivcQVTXVgQGUDhX8scXoZwAiTQUT6L,0,0,,
APoM2sXUzdRHTkUjXSsdUheX1wPPdP4HFLotmtRNMU8P,0,0,,
2zrH2jE542mzB4HABgBjdWMQPtNC5H12pwo1iLpfpump,0,0,,
BczpzyFFQB7ydB6A1pQeHDmtja2zcxk6NzCUK63Vpump,0,0,,
4QmvAPffMFAvDPfHPJg4aepGqCqHKfASGRAUqicSpump,0,0,,
842FK7G2wxFDgNToxFXFETizmNMJTfKrrJ2kUP6qpump,0,0,,
DUuFK8VdzR8HHz14zM7MDdbZQmVcuSPZfc545RegWTMF,0,0,,
By1ExmbUDgN78ZYs4CBGZGc6fc6c2ptiqEXbiX8upump,0,0,,
BrNkLuQsY2pyMuCNohE6TKu79BMN9ehik6yMjcsHc3mm,0,0,,
2784oaEfz4nRg7vmkwYcTRWWkit6DQacRCoi74hY4jbh,0,0,,
4MpxFCnzDYkfTx7wiJ5N3Mexu8xMEBp5PfozVZVnR61v,0,0,,
oUrWyKrJYykYw6ThBt3FHeX3AM9hQZEu6ZDZHR1pump,0,0,,
FcHwsKxC8nuQCCWG3YGtGebaCDchpZ6T1xbDgwfapump,0,0,,
4tEQ3RBXV7jXCjc3pmeq8AbhwedkM3Sm2kgya4uZKHm1,0,0,,
5QzVU4pd7apoXVhoAn97xYvgxdSARncgchLaH53E7U3e,0,0,,
3kFpo4AM6sjR6vU61U8crCqRvNAtrFaVu6J2qD9upump,0,0,,
AiQcnL5gPjEXVH1E1FGUdN1WhPz4qXAZfQJxpGrJpump,0,0,,
FoQ4yi9FgpMocZ1syE4XGKEw3yAeDx9PK2TKn6SQpump,0,0,,
EaVwRAXqe2Cbesm9dQs4AeeQP1X6VB8dczZHmXuDpump,0,0,,
6mtG3P27uZCyKesa66WFsqsjmpsNX4aZjFWrr3yp5sAo,0,0,,
7EUeMop2TtcS385byCqbjZRbrrUcgrCnd3K5iBe2MPDa,0,0,,
CbeNiGRG6QBBaz53yTMAEGszDV2Nov5aH5DELzzTm6sk,0,0,,
DMF7dX8Qg6HknTuh7xD64daPLDShJMM5aZd8oLHepump,0,0,,
Bz6gZDcjfcBNS9x3SbtxuQanaK2kzNaGAQsTBzLMpump,0,0,,
Au3eDG6WxFWRMMNLijtuZ7y2yn6SBnEN5RdFt5uJabyL,0,0,,
2eaE3Xhz7JkfhquqEsnHniFGAeJJNoW9L3iNGeSxa2j3,0,0,,
9R1S3PXVPEw73kvZx4aSPTPVw9WqNwnQySBC1WbT5jyh,0,0,,
CTyKr3oGdoPKwyBG3oWjcjjxBRqxjUnnon3Mwoxa9qfJ,0,0,,
FYNZYRhAFWJXZspZJfWx3EK6ThkxSvgxZNQLnkDV3vqE,0,0,,
khDgKAP8mRb8PbZnVhLyMhLtaRWvgciAzB2XiSLpump,0,0,,
3xZoug5Kt3Tyx8Cro9fb7otWr335Sih94Q61RhGXpump,0,0,,
BLuYi5WtwCkAVEgxwAL119GwzFHzjq6me3eWPW95pump,0,0,,
8Qp6KM9rjySGj3WSbpVSam8xvoZzWYcWMnnXU1ypump,0,0,,
8Z4DBPLhQCRP2nA6VG5fdvgJjE7oWYoU1G8hygAGcSS3,0,0,,
9EYScpiysGnEimnQPzazr7Jn9GVfxFYzgTEj85hV9L6U,0,0,,
9skZyj6nbqCLfCQtFaGC4kwvkBQWKLYB7PztX1NBpump,0,0,,
DFVa5f8FtnwAimjL9NhqT8V1XZWxTQm8LomTcXERqPoi,0,0,,
UDm8Zw91rFZQ9CZ6aq4Bk91LEqTEXgZu4TaK11opump,0,0,,
BGH9aexjVtj6BUMXNzDaXLUazKs1tndv1GkrFM3MdGck,0,0,,
BigaGMpcCq3iBp62RcoJw1w2aLGYtqPsPRguYH3xpump,0,0,,
KoaRaRcVzNqnqfVeGPRZcHjN7YmPGrQkSLPRy2XCeXd,0,0,,
2a1rz5GsEEeu12YJNcdmDgJX4MQVSkR7z7ci5qsTP1jc,0,0,,
oh7aRwFCeMT3ozjNSidAZnHrR3e6VjqekQTuQqWpump,0,0,,
2ykcbSyDQAJZ6KKfNn5ksLhbXWDj3mUgUCR2JveWZBFo,0,0,,
7CCwEsmmbGQHKufkJwqEC4gnbbcSvVog9MmvBVXcmV2X,0,0,,
3ytQ1uY1XVJMuXcA5ndjpjA1aQ7etcHQCyqzuZxupump,0,0,,
7bRw2TUnhoNrmkterXcGeJVb6cadqibYNcRztcVEpump,0,0,,
5LGSb2sNAekH26RxQ6KS9G4Z8wVHiXyzARANNT3Fpump,0,0,,
A5R55aw3ysECjBmaczFQxwu3yMGHruDLcKa6AAkvsVob,0,0,,
J5wMCab9sYGqEP9RphwwMMtnJX6KgWMYwGpHtoispump,0,0,,
ERg4SSavMmM9nsmFWVwyRJZVCTCyLT2r9fgkQngbE4iU,0,0,,
D4R5MEE6eAywxURZJzwyVPcKxrzsSCgHV3VN667LLLv4,0,0,,
D9q9kDqJoaZcTnWfLgmg1CHHRo77f3fmPJkMWXY3EjJU,0,0,,
6XYXpmCNnRQaZcKid92LfgADj3zWq3ukZ9Ks9aKpump,0,0,,
oeU1Dx314CJ3ag9TZ524Xoii1UsfEXh5BfTgnxqpump,0,0,,
EnuhUNjptS7hjbWiSNEVL2jgmhr2dWNmwkt7nvhYDNZc,0,0,,
5sb2VHyP9bawbg4xp9stVGxr2MyP5jhKamTQgzwHpump,0,0,,
EhVVRCmRKeQztB5nQRQwnYVrKJnFtHUQSEUB5xRe66f2,0,0,,
2Kf4GdzYiGtgh4K7r1Mn3ToNpuya7W16NjA8kkKjvzPY,0,0,,
5Aq2s2h9u13appKHdcEjPC9RLvKVp12oehKhx15pump,0,0,,
5R9tKhGSP7Rbx4PYmn1QxNqegss2AQRMeNa82Lpnpump,0,0,,
EtBc6gkCvsB9c6f5wSbwG8wPjRqXMB5euptK6bqG1R4X,0,0,,
EHNrufZ42CwSz3SkNN36thhYK6n6J1SYyiGihPcE9Yva,0,0,,
Cdfvp8H6SC5aAkN9zV8dz4UmKDcrxwufBpbw53wPANdx,0,0,,
9CvpEXQwJStUE7de3DYFZHV7bJmPqTDAxUXKE4n1TcDT,0,0,,
BE9WCtE9p36RX4kmsN5VDd8MSc5QwJQcARbSL3R8pump,0,0,,
8VRfgKJY5CnfgGkstisB3QgLPWM6xYBK4esrfN5Hpump,0,0,,
8vCAUbxejdtaxn6jnX5uaQTyTZLmXALg9u1bvFCAjtx7,0,0,,
2oppVoxew4TpwmvyjiUCeJ3vxNgeWUUkYxnZgUz6pump,0,0,,
7iagMTDPfNSR5zVcERT1To7A9eaQoz58dJAh42EMHcCC,0,0,,
E5c98SdBGad2TVpkSZ7Lct1RqtVU4bErpdX31GZDpump,0,0,,
5Pce1jd2gCAx6jvm1fN9PuDq6gZuDcptEFxqC9gWpump,0,0,,
6s687jFczAQ95YYYXNGLdki6u9mAH4DUwPXtYpD3pump,0,0,,
DqUvVTF7gC1kyH6THgTrVFUJVD4KF219NMPfU1yqbWLZ,0,0,,
ALW1DD65EtewCiRz65gUDvYYAqQWLwjo68XAnsR7pump,0,0,,
AnLQDZ8jAuFCohsPWisgWqkfkG5iw7zUfBC7imrdpump,0,0,,
3aQB43jCmBLVDZdVyznfBcQEPAjGPqUX1U9WEstkV88u,0,0,,
GJuz9K3eAGWjjDTARtsSXuyGNUXnvAyrGSMdEYk1pump,0,0,,
Hrd2en37VJaDspWFq6miK8w6xTuQRTHNaD2e3tqH2uxr,0,0,,
E3yUqBNTZxV8ELvW99oRLC7z4ddbJqqR4NphwrMug9zu,0,0,,
FskzSqy7Pi1f3nWorr4WhhQboxzyv8fv6Q2e8xyDpump,0,0,,
FGxJZFJyJksPxmyiR7G61XDRFp73etQEC35c5peL5PeU,0,0,,
6joLF9ik65kdXUZ5wt6eb9RgA13usFFYLQpWYrMxFU3q,0,0,,
AnVLi7Cqb93DK7Z1jtNVyhvWhnJQiGt5pgwfymdUpump,0,0,,
39tEJxpwXMeb7np18UJAtYciaLZBQ6xrtNvRonYZpump,0,0,,
HzfEppdjHaGymz3iqrBgTiRnTDSxuMTLJYaEptmA3Fd8,0,0,,
26WizZiNzXnma3MABD5xaeSxL9F3BFDosujsc4EMLp5J,0,0,,
EFkrnR3xmmwAJDgaFkmzEBrkVoeSSCYqMYGWQhU3pump,0,0,,
5L9vRvbooqBFTzN4Jhb9HdGxDkzgYcDZ6tmZEYzrpump,0,0,,
D9paufRCehpk2YGRPkzJPEUDsvQjaTFKNyFDqgd4xqd,0,0,,
CEjj1LFHj34xq3WYgfYuypRuwWccuveEs3XbruXLvp1W,0,0,,
D64iG9igR1v1eUFfW6WeQSRZRGTPffy3ZV9BW4JUpump,0,0,,
DEdnwaj8GkktePMK9xuiRMUsf2sn91nKfxjtZgXHGQ9W,0,0,,
PUPS8ZgJ5po4UmNDfqtDMCPP6M1KP3EEzG9Zufcwzrg,0,0,,
8oZdXc6eDffFfHz6nbCXMqJzPYXz6TcTvNdqrWK2uB5b,0,0,,
reTfz5xtwM91ew4kByz1fu5ybZdsr4zAVduq49Gpump,0,0,,
58JwWVoVxyrQmQwoJmYb8z6j8k9Xr38mo6Zg13eHzVAP,0,0,,
AsdXQcGBzwrFrs6ipH87JLin4BS47o1wvEJCcAxKVQZG,0,0,,
BZLbGTNCSFfoth2GYDtwr7e4imWzpR5jqcUuGEwr646K,0,0,,
5tx4pu166oSybsRF7sR1bF3o61SsSnfTfpLFRShHpump,0,0,,
GSFvzyczBmq56fHDue4hygBHckz7ooB5MRhtc8fApump,0,0,,
2qsTfzAkpJrZy9q52HkYkwHzmpXDtYqKmpWKbPaZeZG1,0,0,,
43kDpYJVBx8ctbyvGPzfBdrLq57w8m4JYibd8tUfpump,0,0,,
GtWTkX8uqJVoXSYDxDtPiNbKTn6j8KAR2fd8y5HVTYTF,0,0,,
4VcY33JzwRihjAMqMaBkc9Zx1tZarozmqcm8H21Gpump,0,0,,
GsEbfbyjjnYZGMSkXhoxrqTyrzdYC5AFcCisS51JEGEE,0,0,,
G1vJEgzepqhnVu35BN4jrkv3wVwkujYWFFCxhbEZ1CZr,0,0,,
GERwg4MV4kca5RhBvmkNAvnmYdpSKPamngqSahgUDhyA,0,0,,
GmTH6V13rHVXeNdmDfh7VQeS2Lj9YWRKT5XjDEA2pump,0,0,,
Ao3iz64BMUkMj9aJ26KNBbwc3D1CMWcvPundgA1hpump,0,0,,
4aL5GLRuzsnJjJWNdXK7TPTVpGhP6PyV4ZhyQiyxpump,0,0,,
CAe6jQ4czJkVkYfg44TinV7VWs8aT2yJPwH3Smvbpump,0,0,,
5jiZkSgsyj85cXxmWCBHdRx8Cxrft5Y2p7tNWpeNpump,0,0,,
BDRMoQ3KfHqKoRocAbwKpBgJxMwjJcX6JrDPpmFWpump,0,0,,
BJJNHeEZ1wYPCybDZCCFwmEKv1YCcZAbYJfuJ3cApqmN,0,0,,
HBg4n78yC1fagox687jmgThAacxcV9d1yPyVpPegnBdg,0,0,,
FiDqSyqETYmGgGLaUCUkucgGEpZg6kFgtHYBMnx6pump,0,0,,
5EvbtSvbrxS1B1RCmRZDhvJ9GLJuye6qDNHJdELtzkGC,0,0,,
FYs3kU6Q1jwRF5oQV6UvHgjyuuW3bGdz2iJD7JCNpump,0,0,,
6G9iD8AiK4V1m9MivngfpUEniML14MJDPi1WpEzcpump,0,0,,
6J8Aeu1XK6zxHrxNAMEzNKcAnWG3vBFGtG7yUCJgVAkz,0,0,,
FZkzTDZ9LVDnPbELRDTPNQK49cfDBrVmnnfnjVZEgxUz,0,0,,
GpCr3xU3fpFnqoniN1PJR6UEPiqSZ41aTuocch9dxg3c,0,0,,
5CB5Q7GkxxwduBgq9LboGuHpA2LMJLydy7uwKEhENnAD,0,0,,
ETQ1eizmor3uMnPByaRDdzqVDa67XBdxNuWB61t5pump,0,0,,
4x7xoqc6ogyBpQ9jKAWRsNJnUkBzAmXsE7nTa3a4pump,0,0,,
3EB3qhecNSbRTnG3gkYNw2F8xzdaancguRGpaHy7pump,0,0,,
Ck2jGhyMC9nBPUAotGmSwfVYy5Djiet14o9yfcyCpump,0,0,,
FSsvKYeBv2MFGspE7XtMwapa8NqcF7XNJqigozwFpump,0,0,,
4BixQEY95hsjDXWEPgXfAKFnGV34dNZAjrPef3kkpump,0,0,,
D5gG1fhhqmczCDbDGsqAhWZWZDkVWPYU5xrj55QbcTr2,0,0,,
7zaQb3Sqpisqw3JZnUT5qnx7PWCwGcVPK84goy5vpump,0,0,,
9JqctEQVVb4y8MujAX1ADgqLJZ56mjNoccfvZboaGdRx,0,0,,
E1HerxvmX2pYoH5bUX9WepS3D5bzp3eHfryCxccN79hZ,0,0,,
24gG4br5xFBRmxdqpgirtxgcr7BaWoErQfc2uyDp2Qhh,0,0,,
3gXmxqSEZWMNsiG8VQZRYDrVCSfHviXsXmVftboyJcnk,0,0,,
AjQ64aLrBZU4mzbqRDCkHianCEGx5fkEKptCnqhxpump,0,0,,
Fy3FJRMC3N2nfZHKd96cG1X1jxpUzVCBc79xFqeZpump,0,0,,
4Ebscozp23TbuzVnLbjLmQV4NqdZt1udrKxt9fKNg8Bw,0,0,,
FH1P5SnpfpbYLKh7Hzwd8N9NWvd2RM2fgypF5GybvREP,0,0,,
HUVQfbtGgLeKB1Vobg4HY2gKQT4RDtBT6XfbQUiwpump,0,0,,
9Nn6G3UrKf46GjYJERZdBNRa6oiZBvcQzWfkV2aHTwUe,0,0,,
BsVXtbUMCch1Pozin5mYfT4qMtGnVQ6Er4Q5X5TgfUTK,0,0,,
AbySnfrzUuXEYtz7wSkwJZB3puYGySYNR2h2gvqTV3JC,0,0,,
FuAnDRbC6NcRoTBzdU8SSof4MgWryQfJGy8MT3NfRYda,0,0,,
DJyziWyPTpt38ibZbQV3hMxv7BQwdXSoXFBChXK8C85U,0,0,,
8NxTWCmbJGZ1PWcaKkJeYSyi1pZUo7KbLiPJaZ4Wpump,0,0,,
3khXLD1A92LmEKZUskF862RVk5nr2dUienUzt9CyvpXA,0,0,,
H4iSABxCygF5caEvqZeVY4ELqqXAUBkMhGh1z4GEpump,0,0,,
CAiJZWf3viutV2okFjmTieMp49Ko3B6HqTSckMkp9tiS,0,0,,
GGxksMqzV74ddDPwSPZzFD6qGmA3P7nngWjoMphpump,0,0,,
BWL1QKFPU4TDovo9ixctdxQmfjJtADLHCmQkrDDCpump,0,0,,
3boRKAxWR6weV6kufr9ykdLcm9cL5q2p469tCqeCAnHy,0,0,,
EUZM3ieEJXKed9pzGJgiQdoJj36HJ941MRN94aSqaTpV,0,0,,
F9yiB9kPzCQKE8vP9jZfHXXuTL9z1FKTaZvqqKXdpump,0,0,,
4sp2EUDrQf46rZun6sYAWzjrXwUpx2T3njuoKmV766RJ,0,0,,
5uueYD5wnnfMMPZFQdtKFQHFrsWfsu5CF3gpNGnAwt46,0,0,,
BHWHPFjYE5J73vMLJoC4yQqERjxwbcE7eUHQSyQ6pump,0,0,,
yw1qQQ8Y1o1QMd4binGzyDxgwQZfrKATgvNS2azpump,0,0,,
VP9UaBXLM4KYRvyjisu65rz8BU5xNAbewU7LVmyU2x4,0,0,,
6rYXZn19JJ5Cs4328EHnX6FsDq6w85etJuoRZ52Wpump,0,0,,
Sp4gv3DnpQ2sLmxSaT9QkfSerk4bvF76NqN1MuQpump,0,0,,
M7cu6qCfkoEBGr3NkgFVhmcMxYrFkRxo9WuVc5Epump,0,0,,
HreQ6UgRWhCpX77gQhhFPJd3aRn4A6BJKM7Hagujsi2L,0,0,,
BVheg64DJXsRJUA5XSvGhV4XfXR1DWSDA484h4VCULZj,0,0,,
GCDP1tzk1bEkKhvuho44B3X7b3LxP5h3ubeCDVGWi4Zb,0,0,,
2xyoTZzNVvbWABQmaDwYb1mhuvutQkGuCPTSMqicpump,0,0,,
ECLg1WNdaFCKZggU9rd72mCpH2D6iZjnYiewKYREpump,0,0,,
A9cWm69VFKx3cKRN5NtkxTbVLTj9ZWzgZt4KLtADC6z5,0,0,,
3ZcyC6QbPgwrs7rpiMgJLdjoYDEB3Pen4VXn7nMopump,0,0,,
99RmNGojQRMA2zbra1H5KQwTAFPpvfYVUdw2q3Wsxikw,0,0,,
F9FMKvjEhQr7v2TfevwGH9CwUBEVs9WZfuydiRkTRBzi,0,0,,
8HJ81sHVsmJMzm6XBfTgywWQXwQTmVdmXaQHm7htGPH2,0,0,,
88YnNj323udGCQWvWdz7xRN34mevPjeg8tKyMhrkHVpt,0,0,,
EY6za54F1sCj2UasUFET2PcppCYg2iMsNd4udQvpump,0,0,,
7uNsJ439a2x1AnbY1CNNLfdvFTacfDSM6hmBYfidpump,0,0,,
8aTqDpt9rZmXdwaMFNRsq9yazF14WkbGAPnhy7FFGuzZ,0,0,,
EbTF8hBRb27yCQoPyYBmDYiz8Dk2d2HdUyvybpXjB25d,0,0,,
3dj7LQupbUJdLwvafZF3jidJMmsfZAQELyZWVjhRpump,0,0,,
EPvXaXTpZnUj1pjntN86coFgZSsKnB8LpjJEcr8sF6TC,0,0,,
86P2U88Xz3F215XhRrSBxQEEV7L5aUz4kgU7SvXFpump,0,0,,
BpexLiUkckZ5G8JUCB47vu3G6PdwckcwHCHnVejuWPSB,0,0,,
FBFh7c73Z4qKhjDD4sB5mAjji3cB9H6ZsiRTL6EveDpq,0,0,,
BwfSJ8Hi4VP9oNFKK5LhqCPAXaZPWb8AHwVE3k9Epump,0,0,,
2RN4v7pSHR6SwC3LQuCAaxiGWt38JhDeskL67hbopump,0,0,,
HJnrVW8XfjAYkpKb5RjvUHufZ6WPRFWb89DtrL1epump,0,0,,
Bp2KgefjvRDhvuLGjXHsSFxmqkJEXk3ZAa1FQ4rWpump,0,0,,
GSwLCmgLtxzqZFwMd8xiz9iAEgxnYsgSf1VgunVBpump,0,0,,
2g1RAAvRPV51N4vnV32YhHqhdFEZm3yYC2pNY533G6k8,0,0,,
5UofhCbmro2tGB7Ji49SfqFag8j7ymrRyCmBTCZXGQQa,0,0,,
PtcK5r6WeFKbjtccbU1fgHu2wWqqBuu9PC4Qnaspump,0,0,,
7Vb4Q2f3B5KV3W6Y3qGpDP4TPVxrsrzSugns2sM3pump,0,0,,
CK7UwtyYTo4CmBohCF9RhF6mCNDxnLMcZsCqouP9pump,0,0,,
GcQya1borL23BE1VftysEdydNpSSwn5M4f7LQmM45316,0,0,,
GXBg5pYDkZqpbDwWaZJ6Cbd8Hmu3KDSYR2Dhp1CokBbN,0,0,,
CkyM9DBTzUCm6sQQ6iX8D3Twpbp2cGyVoSTwFBuhvFzh,0,0,,
F62aBJWCCtuAc7xrwsXSvKRnSZozUrADo3Z2WUnim5aV,0,0,,
3TQoPEwAXAQZ7RPs1h3TwZ7QwWDz2UDda5yvYPVrQakJ,0,0,,
71d8YGeWmdcFYYGbEwrH87VPuKsejoXTw173JoQpump,0,0,,
8oAiUkC1gpr4Tuz3ZA7YUntWE47sop1fYmGWo4Zrpump,0,0,,
7XJuwN27TU2Gt5yKHRvUBQynQ1Vr8uG8X5To1qZRpump,0,0,,
DeTUi1JbC2q31jfR9Qc1zoJjaNFmw1hgWBXxGQKvpump,0,0,,
CpN2Wvw9Er1hfrK1J6L2u93Tw3V9RJU4EArFRdsC2mGY,0,0,,
AkQnfcSrNj2Hw1dQDWVcxTPgVtWhXWFACYHYQoP5pump,0,0,,
9jca8QgA8b95FTSSANzp54LPmsSoqPijnhMsqgghAQTP,0,0,,
3gKBeBzi59kCFkuKDj1SiBSyqXVBpC2RwVUoKQWubvzH,0,0,,
EbnHm7rC4FUp8uNq8wGau8Ac92DYGu5gExVM2vGyoJem,0,0,,
AJFbnFBBUVQV56iS575YoAK63BVhJ2trVKwBEQgNr71F,0,0,,
4QR3g69u2wn1bcyE27qGjK1qZ5f1SVKxT6oy1RFMhugp,0,0,,
BHknpip7ca6UeATDTRRSXtuuoBpBxZtVJp1SS9GRpump,0,0,,
8J7UhkUautkuoMSH3z1tAUwqYKnC91F8ZQYtatSWa7nQ,0,0,,
4Mik1HkqcfMhtSrSoyX6z1X7h5xoitgefYP39ZrQhz6P,0,0,,
FeRV5ktSv7fYqGsXyJvF8WGYtjhS6qEAao4kqjnekFdU,0,0,,
FajuVHPacuc6mnekB4xQLQaXGJLJBNCqya676eCnPonu,0,0,,
5FDJ5NpDaBiQ5aq9hJwnD8xbXmMCZ8KzjGppawr2pump,0,0,,
2UF51c9Y5Xf5qjx4AkbxnVYt2U1ziAamyMjtqwfd1pri,0,0,,
6XnHdsvqPs3XxPRFhg5MBq9vNpFmmzih4pJ9SLFSEvo1,0,0,,
G4A5da43abPuwmiLDqCDhNX9YTUrwidP7mTS4HHppump,0,0,,
Av2Li45X1YaQUkXvm4VYWgdWYTFmG41YKnXULSEWZwof,0,0,,
DmnGzjsEoUT3okETvJvsXKoG8ZBbdafPEDELmbgqpump,0,0,,
8WQWc8DDPXJRcYn6Y7PDtiJuaXunjsDY963Yb7Ns44HX,0,0,,
A1FVZMHUQdStJvsLNsmy12d32c59ASmi8x4jJrmSpump,0,0,,
6WNva7iLjTvxSfXPSmbjceW5Yc41LUH4SJNqKom5pump,0,0,,
9cdGWrBGh7EEBDo3xaoMfHekPgfPx6a24RssNM4n4dxR,0,0,,
EMCNeGQBRKexVDds7EoospkebHMapTHRQ4mSdKZxjjDJ,0,0,,
2EkXL7TMGcQkWDowZogVaB7JewSegJQE4vb9H45ppump,0,0,,
7sFkV9Naouhm8tws55AKg6uwuuysBSbRRFzWeZmJpump,0,0,,
2g4o5LLBFr2JHjwLveRFA8aeaHiX4qTjCmmcSBZCqEGa,0,0,,
78DCYcQymwbUegmbKSCdYHoLC647jgTiGGo56nDDpump,0,0,,
6R3cyLUa8PmYo3Xk29bRXxGeVHSYF8RYrAsikeSwpump,0,0,,
4zCL9Lcb7D1d4DZwrCLKXXUxYEWhjEuGJwC7eNaMXBT2,0,0,,
GoRnxWR5h4HMYAbCWhfPxsTF6N27jTRkBDFpAsvLpump,0,0,,
6AEr16wXbxcCWMr61YQLWQv5NRY6GzFvKvTWmtwHpump,0,0,,
7Eoqk4CiXJnBmdbfc5hwfmEb2RGVRNPCaDXwbPZBRTMV,0,0,,
CTg3ZgYx79zrE1MteDVkmkcGniiFrK1hJ6yiabropump,0,0,,
2siNVXDL6Zh585SPhvUa6Va8GTbhbToqXzUbnpEppump,0,0,,
Gx3jYBPFCKzDZmg466yHtEuCXKUpYuXTUWFwq9etpump,0,0,,
B23WJHeWarjCFKcKSJtinashJMLHGssQmau2xjHmcZTA,0,0,,
4j2gUEmfbSAacvSSd6yXo8yEzXCAUVeoXrqLVV3apump,0,0,,
5HvxUFGRRV5FhzJtHDYM5uhSTjWGPp9XQxLLjhMcj382,0,0,,
DWKScU3qJvo3he2qtuULDHWq726aEhvCuuCu266opump,0,0,,
AK1ZuRHkb4aBZGDwyNWwb5KaJsCvXpiZUDQkUEsqpump,0,0,,
7x9rQNZ5KhjP6zcy9UKmpT4kaEAQWHJkrU3TVKScbjNw,0,0,,
BeDR8pw1xiBceucUS1xp2GsmnCW8bJg3ULTKbEdfpump,0,0,,
8hPt6fVt5rsnE6DCbNvw4mjiGUhLKHYq7F4R8xBgBPgo,0,0,,
7W6R9rG1kfadLBUWw4mAj9eRCmARtzkbttKVdawVx15V,0,0,,
fESbUKjuMY6jzDH9VP8cy4p3pu2q5W2rK2XghVfNseP,0,0,,
9VBhKuR9DxDP1wQCi9MPFY5q8fkYb62CPUYpx4Gppump,0,0,,
58yjHn8mGdgGYCu5A6WiE1MbBHidZqC9N6b3trwupump,0,0,,
EQs1EZbYLEAeMQNmZjP2ej8ycrz7aqUjAhsoAMD34pBm,0,0,,
k2jXP7rSNEqY8PK6ydkXcszW8MXDyFxeiKEhvsWNEoT,0,0,,
FDccTr97YkwCxb1aBFz3VKsSYysmmrpMoEAxGmQkqRed,0,0,,
X2h2pyb81yWFw6fFCF864F9sYYs3d7us4ZHBq2pFSnf,0,0,,
FJvmeqEf8HkQVatYiMV57wN4q8tML1Hg5M7ze87Fpump,0,0,,
B9KrqYC1BmqTrsHEjMw3fQhL8wGSHtsh335cDuqqqwei,0,0,,
HQfxnnRbaSRj74GHApfM1jDJRi7XUFBRUFPRC8MNpump,0,0,,
7rJP171sidsq3y8Yfvs7zoedWLvcBEW2NrT7tFHim2XT,0,0,,
H5Cr4Kf7jmnCHuFN7H4bJYT5pfKAhHtU1JaRMzBspump,0,0,,
EQS6KHutXNS5VzDpsMV1KNxth4emtB3LnqC9poEooucL,0,0,,
937NmswS6Vjdfz5hwDtnApWh6U9pBWq9UuXL6fD9LF8J,0,0,,
2KSq2JQAoKw4aibuiCbwG4PsEcUkjbWpCUXEbnghXrFo,0,0,,
BfnaaezMrwjmq5baqXbhuvonn7Cw35LgjKJydf6xpump,0,0,,
7bzcVLuzckijouLGzpJYeCNCehM5JHCCB4tNBRVudjo9,0,0,,
4UGV9gZCTMtGwhNSifYHbszifZBGvp8QeXkjZvwamyit,0,0,,
CRzme1yJi3FFjYPEsHLxDrJWeK6B8N6TcxW3CLTLpvF6,0,0,,
4xoGNpN2mwpF5mKqnEebxAPqcdn5fRSVk6vR4TTNBWyX,0,0,,
RodhH2Xivnpt9AjK1ZniRap6TTcK1yx9CJmZ5zqPipo,0,0,,
APXEzWaC12YAejZr1v4sBhTcJMosGSA6oV5aTn9Jpump,0,0,,
Bk6btMamZ2UiUdgxApy5w9iBRU9JY1Kr3T1Zgbae5jZw,0,0,,
J5RvRF4dq6orfqwAEg58gR8PgascQShDvH1JkkTU5Jfh,0,0,,
6MCUwF69PUQHDTnGCCHZqSj954j6e1XUrJYnWxQvDj6p,0,0,,
AskE9Jtj6gN7Sk8zdzRJTZn71VYUGhCLgR8334nKpump,0,0,,
Em9zr2tgSmGgRbz3kxyQeRXjRi9oc13wMu6cKam4zWFW,0,0,,
AyjZUxyoESFa78wtaqjMPnv2QaqYSeHjpoLuPVc5qF9k,0,0,,
GDUtM4vUAUkk3UeKpg7w3DEJzhKjjc2YDJdTzSUyfcwp,0,0,,
8m2u1VEqpYz96uFqR5RcFNFzCgLvC95hgVzZfQMz568A,0,0,,
GJxw2CxnfufAGGgmMn36TyufEx1aqJhWPJjMPdPapump,0,0,,
AChTMKgnVuZWezRJ7uz3Vuny7a89EqMAV7MhM8EWXsYH,0,0,,
4mRuT3FC2Lb1yZ6FTTET3bZDABqasvafbjtU5pF2pump,0,0,,
Ed6npiRV9HLqRdkMdgmXLE7oXShWEZ4hUysDmc4fgrwm,0,0,,
C7xGvy9yE6FF2AYgJi2CCdRoUnPZLPhADRJgAQP3pump,0,0,,
GvwhEtWzoWoKob8TRAFv9nA9TmwAqmZV5uGM9uv71mC5,0,0,,
4R6cYDycvM1jNcWfcVEyPba9xysDpwqeq28w53Qr4EtF,0,0,,
9KFMyd12EyNGjsGXsQKsm8LcF7M7ZCJeRbyuNG8eaVWE,0,0,,
APrk4LQGgWznBGeY7D3wQ7dkwmghMrtxsyz9ekfVb5Tf,0,0,,
84SX8ryZNThRXYZ3q3wW5w1eRq11SmLRPAcaaDDQXUEB,0,0,,
6FZB6Wqzqvn5KkFrJMnjB2gohFqBMaJ6m3o6zZ55W5Hk,0,0,,
AvBfjNtjyJChXKEvB2ztgQr1KhAT9pUyYA2q2EMQURuw,0,0,,
AB1e1rTGF8xSoYzXEwNWohuMHLCMrBoaSxT6AARmQksd,0,0,,
8G7KcYNniH8psR72nwNA3VGpfkJKZNDJzosKt57KbUcb,0,0,,
6vVfbQVRSXcfyQamPqCzcqmA86vCzb2d7B7gmDDqpump,0,0,,
bK8gvDz9pJcTtER8CDJoojXVmDP4UzKjUMjy6aKgBJe,0,0,,
2fgrDf2hmf7tCbh7BDdEe9wojkg86rQHoD1Tf15Ypump,0,0,,
whG3tKvRvgCBrBr5K1NFxhKqaizNpbH6YvQxbQf8c6U,0,0,,
GUNeL5fhAcTk9HcaG3PPXxdK7pSiHNCgmioPJuDhCnqQ,0,0,,
9WuADsQtSPQCA18xan5PJj8m1t82bQeUkLoLssS2pump,0,0,,
EtQE3GREPyFBCU3yUXc5nWs3wRtLYuMmtKAFAvXD1yuR,0,0,,
7nFYpHyhDgzg3ioU2JFko5kaVwm6bjkL4MtbUiVAiYbJ,0,0,,
9P8qGXDLsZuwev1d4wUMNSRQ8UFoHr77ikidsRzzMn5L,0,0,,
7fnYi394mvN8XH2vsDoeF8ZiKtpT5N3pRH7vkKXtpump,0,0,,
9UA5kKfeRkMZuh6qE3koZRzLE26sojmzCrBr95Mpump,0,0,,
Ak8xoqhjMwXqEH7JR8L79UNMXbincMU7NGvWcggw4CZR,0,0,,
BxdmUqPzmFdHNcpe8dg5wZuEVHKipy2uE9BP35MYw1qc,0,0,,
8aUaUgigQi7YD6zcXGq57CDf21FR82jkSDAM5gmJuRbD,0,0,,
7CuyVDu3QVZg7Q6EgDPLbTzka5AuYXFsriSevHsVpump,0,0,,
8QP6tVPFBWGqYY4wDX4rMhzKAbm3E7awRAiTWC1UXqLc,0,0,,
HsSNPzGYX8hFEkmHnkScXR7BajCNLQcyfZbQyuL6jXkP,0,0,,
4cdYdNSPyRLkphWyCKqz14kegG7BWso3RXtUFUP7pump,0,0,,
2Bj3YDphkwBr4PuF3QJPEusyLXwVTgsQ9ezn7PD3pump,0,0,,
2DnQiJLsqpbs9VMKsrqMsja9ffPySYaF1JAxLgHxpump,0,0,,
9uhHjyfc5tKdaZnjstLLKoLGcF889ub8zX9wtwhtzgK6,0,0,,
4SwxYnVw7WBchjKSFhi2kKPzDfAKnUpweM4y4yJgyEWx,0,0,,
2angfLWR7rkGW97JR2Bppw1LfPbYCEpJ1oX8GAvSpeNZ,0,0,,
AY4AxLZaqZ6XAt3GhUnqreBH1DM7YzqAsoqQ8KmJpump,0,0,,
9v1K1BmBwNdSzqRu4NDo9gf4WhWpCShsmmRHjnCTFQnm,0,0,,
Ap5qyBJJ2AmWA9HLdHiiS6REBYdVBa9s4CFv9qXnEJj8,0,0,,
FxwbKC8s3dq8kkwJyHN5KEwDuhzawgfTmWRnfnX6jBho,0,0,,
3uGADryBrqgrKfXHymw1mcirydhQYWk61KEcy573VzFo,0,0,,
7zxSB1q1uzZ8jp1h5Kcraynp9iiVFvFPHRFVvxjnzZny,0,0,,
BvSyXBvy76mUgzLSbvvT4NQw5rSM4P5zAsdnvqUJpump,0,0,,
5zJaWSHpbnRPnY9QaxZAfbvpN9QM9FbnHKK7qTgpt7uy,0,0,,
9jsXZ35tfbQF9Smjc52pVmgYbNJbVzDX9mDvctQGpump,0,0,,
5BanFxgBEJEao49wNjwpc7wWrYomqvWR1DPa2Vz73nzG,0,0,,
2aU7AVV3zZQeiVUCvqzJLEHhvAGwBaSXDKQY8d5msnhE,0,0,,
CpaJQJEkYo81iih4ZLKyDAPEKdCPY6c4jor5KsQ6V9cn,0,0,,
FH4ibsbhhHyb8NcR5gVw2xVvYMwHFuUcvAx6En9YRWHi,0,0,,
8ioJhdRHo3fQAjkmQ1kRsU3BvGTBBRx96Q3gUcwDopRg,0,0,,
FfCht1iLfyWC8hcQDG4oZ8wp9uKshRJkzjWxn2kKocnH,0,0,,
E1k5RdRqiJb3Yzqgb7naKQMRaJSmFhGP7T4BmsfCa72m,0,0,,
FHVCJYw6WQmXkHJfNVRJ4dTkW9DJdiLMNC2KvaP3ZPR1,0,0,,
3bysT9iqbxZwfjesePdbKbCGCVtQWuCDK2kqXLTpTGHs,0,0,,
14wsLiQvpaV5LRibdE54JUVfLh7gzjWEkQwvYXgpump,0,0,,
BJ2ENyjuBGUQJr6CCDBcGAQNQDbayoNbDziDGrWSQQ4,0,0,,
DUp2qMMGuACziKeyZRtH9cuKyqtYpqJ24iZg6tVLpump,0,0,,
12WnYcuH8DonpxzgLADujkdNHWNBoFXakhLZP9Y2pump,0,0,,
ATJ4CQmLE1nip35AeET7ES4a8HkkuopveLekjooutEzW,0,0,,
unMk4NhEDPZSQsBt5xUFKKW1QM84hJpq8BrDHCMpump,0,0,,
5CLSw4viyMLfnRHHxZpDF8CuZt5e1ceq1AJqd4GjAJNX,0,0,,
dGW3wh9njNbvhZNGhpZShzMQkUZMPRw3iFTB6ZQpump,0,0,,
4D4sPAAe5Q18QDor749n4SBy5jfgVxfgcoFKt1X1kdQ6,0,0,,
2peo4Lr4vpWY3ttQCnPNjHQFk8oyUnhNcfeFhTLD8ha7,0,0,,
9YZooL8xJAzWaCYUqjtiD7hmbmdWUb9ZNx6ETL8cN8jT,0,0,,
8LvBqPF9m9QT1TUxBXGvRxR4xTFdwuWqtuYw3ZSBpump,0,0,,
CzxdLrFjnxfQaGSGRGzFL2zWRB9nc4dm2mbSU5VoxhMq,0,0,,
8Pa281ygrppnAd3NGdJecGUva4WKPQ6QYgjW8hVRpump,0,0,,
BFeEgNX7FjrWczNNzuEiwg42hHZL2prwGWJ4T57rtUwB,0,0,,
6Pv3DtUuiPmc3B2GSctSmj1McMgVCaFRJ7supnjn9nzi,0,0,,
BkvnWerVaa6NYvPAdeX5kBsGhCRjDnUUutAa5KbUvJwJ,0,0,,
5Yn6a5nr47VJzZN4421LQA6bxZQjYB8DUCDbiXPyrtCk,0,0,,
BtNZc6PRDtQ88C4aXL5nH17T245sm1xegyDFdKqRtbg6,0,0,,
EFDAZU2vDQKBpphZi7iYzRNG33k39eV13qeRSRPrpump,0,0,,
urWpDu9ngMDaDnhmRMs4DMAmki74wH8aVMtDNjSpump,0,0,,
733eWDyQr2RhNkufBb7PKsoXG3LdLJaxSPLPfY5Hpump,0,0,,
12WRu4BdJk1yM3Nk433yg3S9GnxniUdueeu29iMPpump,0,0,,
3jW4qfs9ZEqeVdTEN5xhoK81jDyU1tCFJ1uWM1uewgQp,0,0,,
AvRaLFsvbhJwGR3ywMm6Wv5MdJoNm3mLCkCQSER5aSxm,0,0,,
6MJLnfruz5hTgZJ4eXJepn8F5nJ4RiJVGRctUZeosFcW,0,0,,
FUGDJRJxyfF3GDj21KTMvDT6V5fodkXuhwALM6Ajtk39,0,0,,
8Y2RvM5QUYy7Bagci61cYYhH2VWbies43VQCznu2WfVG,0,0,,
CKsuDBW5eobUiVLdj3ijRF8doShvwpyS6R3wBJaZF9z7,0,0,,
BhuaUEzgFhkuQ6cxTJYkPxELfzc5RPcjeqd4cNtSP3Ep,0,0,,
6MvV5hjy11Szm7HmLciZepMJj3ez9xgLWeFKozFxV1sS,0,0,,
CovcDCLajoWWvQvK8MdYKGYTz2UxS5X6Em3irqKkpump,0,0,,
5CJumoFSKr4M6MvTyFyW4VQogNVyxDgKsfRuksoepump,0,0,,
EG1iPWKoE5LSo4HiFdoSY1UjgrqvJFNJXBncZZ3Kpump,0,0,,
17n7hbx76Z26Lk1XG28rEe31QfTXUkYFXper3oRNXHL,0,0,,
5TNm9T7ykUWyeCihZbdehPmiPefxjpV1mPWnYuueq3xM,0,0,,
2c8gWW2NQTSg9TtDW13Q5wXbCAByDQj5qbK5Wd1Fpump,0,0,,
CKNiBTRPM4Fq3zPVT4pt7tcDG7ErDQSL3DuQBQbHpump,0,0,,
GzTYtvJXde3QqjTi2hc3akZmBmWDND2pAHXcQDFsqR8R,0,0,,
Hb4DNY8B9rZ5CpTA98mjTJqYXWtaKfwk879zYTdEpump,0,0,,
2LSqPMHbTEkgco7FwWsT9b399MqgoTsT8zCWbKRXMRNF,0,0,,
KoZjLMcHt39CtsDPngWVTewMoKVgFuEUVsqMZUkpeze,0,0,,
HQQktWei8bT6dxCdKTrGG5GbrLkhaFZ2PWa9e6in8J5a,0,0,,
G5cV1CCcgxKBVrhQVZUhDnRCrgxaAm3pggrq6Wqf7T5,0,0,,
3TcwEUi59fJSjmwbMLivfYFxg4nuxWYjjTSyKAqvE5y6,0,0,,
648AtrKSfMiYGVVAew82BEiBrEowD5ujtWaPBVGapump,0,0,,
DQhA9PnVNbXLEML9dmBYnK6Ru5UuUeiXZK9Mp55Jpump,0,0,,
6knS2iQca2b7r6uNxEh65CG5Wpt9g7vy5nNmTLk6pump,0,0,,
HdgrSekmNdLFg5REpWZbb8VWUNTu9PnwKqau7rBkpump,0,0,,
HKjAzdghQxo5fRb7n8RAwoEgoSgQFiuDMdFCd1s6pump,0,0,,
BaDjVCpABEVCdt4LT7ivuzA4izBwJCqnDjrLa8XBtT38,0,0,,
FjReDbpdnsPVtEjVSUKfD5ierDVdkLnXPVQqogkwpump,0,0,,
Broxp21DsfNMxiPvJgZai3Mzq3qmzZHSG1XW3MjiLYHq,0,0,,
35p9bzKiCT2v2RVKVhRKNmy6fRSKsVSyE3nLy3DcWhUa,0,0,,
8hHtQYxZnEu83uEgU1t9PpH8pyi2v1UTen1BcyVWb8g1,0,0,,
J9zjM2nn4DBYpFy3qrReaUzY66g4EFMwLa61YSGCpump,0,0,,
5TEnMUM8XXbGaVQJMiss4kU9ByL5dt5cTDoDQWrGiEnR,0,0,,
7varXsxzia6s3fh16UbREcVKVvdrwQqLS7vm6ufapump,0,0,,
C2MvcWD86peRanQAnJfiDPurs7e7CkMsnP1bHBNJvBpA,0,0,,
B262w19jxiU9cpbZTxHwD3698B7k2KC6gNbWP35qaPgR,0,0,,
EMx5zEaDKFYqAi6xmUMgJRS2tnpEbZGwfydPbnh79f6e,0,0,,
ADHNaCaEkTdRGr2wbxcwcJMLidwLM6pGZagbS7oHpump,0,0,,
4iGsDXigKiRF6z2uRjViWSvMP1GPQA4ehh1rtAgq9KX2,0,0,,
5sAqKYRgZi34kv9Gno6ubDDZGPVuDpRLhAMhqtNnwnHP,0,0,,
9c1Yz8RFekx4Jx17QekGxtYGNV8y5AL2aDMVkbf6pump,0,0,,
ANzT9mkXeXtmyxPgCXL4PLukkrihPhNcQXXEM8pcWvBR,0,0,,
9DZvu8yahirm6NagRa7Cm484VbUwZYKRm3xvpMrbpump,0,0,,
7mLapoxpTL283YREdz4QYNZBkD5SYQsw9AXJ3GMsngsq,0,0,,
s88MQrEmdBgaFMskQW2jKvm1Spfoe1bVyYMKbc1pump,0,0,,
Fbep9TkaN7EDsk7JFmCmddn3SSYX2prQwquWddyQpump,0,0,,
BxZVo1xfQBb4n5Pr5wqviSj9B6hQj2NMWRgoiShousBx,0,0,,
7mWyQ2WjM9KJFSTyVt84HL7QnJn9Qok67Xak7hyYMSpR,0,0,,
BbCdxokJStZnePAnN9ccibCDVSZRAz2vAc3SYDkGfeK7,0,0,,
4F179EXXA5qahQkHjTABYi5Ci9UFcQTZfa9jogUBpump,0,0,,
CSRZwtPqaQCav1sjb1mBW7FfYx1CtV6CEneNmpAaAvB7,0,0,,
AUGKjyErqFb8jLQaqw9DSSzqkAPmWdjMHUZ8umctpump,0,0,,
HFVnDJocPMsFHUWEBiciAwWkdWanBexdxpMUHE9npump,0,0,,
s346aePxq2ZGEZ6fHxJAeKWpEAqoC92Ey3CyqqTJYWG,0,0,,
3SuXWUoMkYeMNyhvF8Ydn5PewbyrmzPDcPsngR1SdDvU,0,0,,
HMWkK4mvu2MtwgTRxv794x7TYS8ukGASe2KpYysGpump,0,0,,
54mRYUmrKyvVD538pLi2GPS9jUXwwaejXRbh8qMppump,0,0,,
7WupcDqVeUQahV5ahfPoQH99vM2SKnH8oX9CHFCYJ1L4,0,0,,
A4LzeMb2UqHzb43QuVt8N64rxxK5xQ6VLRiCW4mnpump,0,0,,
E84oiQLZZS7njLchup3wPF6jXSyk44PK7uvXJeBg14Hn,0,0,,
EYwekqw9wncwxwAD8tq3khcko17XN2eUYayM1xWCpump,0,0,,
6VDCnhwwotkispNUhcJQB6DJi9kxJ399d1B6Wuq5pump,0,0,,
57grbir4zCUSQT356nKhW7YWoYxqiwpyqNMLPsbGb8yV,0,0,,
6Cftf8znV9DqYkjNTRxkNijc899yiwMzi36bdqpUpump,0,0,,
E5PbbvR8KsZjxaXRM1c7kGoHc17kKpkTocngfHvFpump,0,0,,
98PeX1sFL7RoJprMxrvAapzZu4v6YBCEVozdge4snQpF,0,0,,
FSMsMDrLS1p2xsq4P3yaaAWvBSk7J1ckJPb3oPWsW5AU,0,0,,
6QbDaFsz9V1BXk1dca3opQETS9NcQPABi2X7va34LPg,0,0,,
J8xQyfH2pG7jQod18a1KsAqXGmBWtn3VmGMEuGqCpump,0,0,,
HpxXzdh4nDpaDkdda8dNsMxQLsFXTBZhdJQV3UUXpump,0,0,,
Ehr9Mn5wtEx4BkZJR8MKy7mKaUuGDxWMworvz5Vvpump,0,0,,
GJy3dXeuXp53EbPkiHGMDKhs6SchvmVcW2RDBCuCpump,0,0,,
C8Ve9VMMgMqgDqJ3jhxfeMSmd1xtmYnWFn32cBPExEQM,0,0,,
9UfmKcrW6nHtvgu8haMRWY4g5fKPb4DB2KtB1q1SJvui,0,0,,
2sQthzVJJ8ETp7FzEVdPae1RvcXFMXZyg25bgkynZot9,0,0,,
4yT2ZP4E7MGq5hJTM4g7639uQmbXDyRC3L11bEEYvUEA,0,0,,
J8koYvyddHGnjw4W5Xk1vnZxmKdtUeVJup7ghhzVpump,0,0,,
5vx6n2F9eqhnoHM4KqFURwoJ1ugbZT9WGpxoBLb2HTHe,0,0,,
3HWqSB1qioh37EkyTU1NYY3E9GE5tsZ4AR7k4HzPpump,0,0,,
VZNqxs6sYMAT7R8EFPYvEmNtmoSSwDf4bjZTHA1pump,0,0,,
BC5rVSXfYxqkPzYqXzsCpGptpnRqgF4cRa1uMNcrmLrA,0,0,,
3SZfpY3Q4WECB9GzxsDMwVPRACZaNptC4GkWaBfgMNVv,0,0,,
7k89J8CRayZkzuhAhAow9odPnTpFZibqfgBcfRoC5MF8,0,0,,
EJ6jksYHCh6TNqgF9pkAYmk8P4WTgcRAvkLKLiC58Lsn,0,0,,
DBNCHKkwHLkP7TSnaqarXqC3tPhxU6ss7G5kBW6yt1zW,0,0,,
8Qp4VrHc3TBLMdmV3vB4V1A4MEULCVhjscSiEmLUpump,0,0,,
5zdipu84f9ZvYnUkPM24X2ECCvJ7sWWsPKiatXhNpump,0,0,,
AZ5rAqoujXNSzgueBKRoxmTWDT9Qobkw3gcRGtFBpump,0,0,,
BYRqBasySaH6ppDtG1H4rs7fcmtbRnbDvZCc58zypump,0,0,,
7iXW1HguUkWRpgzxEJ1HFqTLJAgHL4gyZ1p49fBHfDvu,0,0,,
5iv3nT5eGZaext76x8mUYszg8zBer2PWKsuiPFHqtQK7,0,0,,
8TUFUC17K7asDNX6Xp2nqbZxNRYdBB7Vp8yJR6Cz9QwX,0,0,,
5xhfJe9Q7yCnoxZ9egjPCoQoPpDBeVRgpRAiMHUspump,0,0,,
GyJVQoHsKwodqBtpxDWkGbBmAv3BmeANRGHam8fqpump,0,0,,
4L2ES9EPD3oqE1cpxEzir73DTwVQv3erGym4KTzkpCkJ,0,0,,
BdLdJPC3XAcDEAMM4uK4KvhtGQnY23g23x1Jcaad7dKG,0,0,,
Dyg9HthwdkenToccZQM76TjWFoqSPfQd5d8iR8vspump,0,0,,
5Uv6DwTLvFAcZ4jG5QCWaB2snu6eEacy2RPDDUpvJzBo,0,0,,
CpygZ7uV6Nqr9QfTxQhF4tfmxMZ9Vs9EynqE6oDwpump,0,0,,
EeayBUFrDnXAcwEQS4rPznhTFk5eaGJEhXgRYWRBpump,0,0,,
Ag8wL3xGHmfrJrSW7VkWqLDv4dhEdhWHsZeW9Zvfpump,0,0,,
9zJC5PEQxGcL9PrtRn14b8mTnXJNsRR7rinmj9axeGw2,0,0,,
J2fJnxvmM4TmFJUW16gQdg5sbPeiwAV3KAhbNnvkpump,0,0,,
5UeaxTbiipJSNgkdx8ySsk49pRuATMMFuNGhoNEwpump,0,0,,
ABASgetVRnkkC1HyPht78sLzFaM6w6bSCPJRyo6Zpump,0,0,,
H9mpnF2o7QLiPAx1bDcyqMoF2FVgdeUNipiQtU8opump,0,0,,
8va8VQPZoMJk7W5SMZcJxfUcTqPySqWz5VnSgJiiT5fP,0,0,,
CjjkgJmNpSitNJ6FmTBg7QSh2wbxpUitp9RHd2KCHpmC,0,0,,
34qs7wJgW9W34ooBH41LTN9rVmuFLm2ubYPMvkGJZ8mU,0,0,,
3Pamvx9nidNDzr4mJapp8GykGDRuoMAzgrKAGxjipump,0,0,,
28zCyAYtLrumBCAMHKiXnt3vMnGQ9ng9djRQkkz7pump,0,0,,
BqqzzwgH2S8QqEziVSnWumiDHwV1NtbB1pYD3wbApump,0,0,,
2KLvzGx7HSAUtt1RcBXg5MxZxWMiyc2SayGVY1BtDwkZ,0,0,,
FF5o7ks2BG8QTkdfMaENRBMdXP7ECrkbAYCwwL5Bpump,0,0,,
8UiNm9wM6SPCemBS6oNT7qJ8vPP9F7W2SuB129g5JCj5,0,0,,
4E71o3tpn1PyUHMTjt3eYgkwswBUq1ZYwd4eP3erpump,0,0,,
HVAyeGbQ68s1xFnEyHeGNhYSgzLWuvUBzadV4qAz68sL,0,0,,
AdguFkCYMQAsCM2Kchsq9GrvaaHFAVzY4ra6Ama8UzJW,0,0,,
EytFLfSh31iCk7J2tabppifQuJebsemtH32tDnMapump,0,0,,
8zrgJrFt6PW4QJSoHCFXn2uAMtWPNAGasSbGmNpXpump,0,0,,
4sNbsEQuGQpFDVnyVNRrGaRMHPLpMqmuYsTLzTokpump,0,0,,
BNzYj3F6gCsq3t1k5BooYbAwsdmKBEkyHH4QffmBpump,0,0,,
Bw1xwhp9LMGjhyqtvz94oa42CQNYnJThQUn5EUdHpump,0,0,,
7tNJspZJF5XqzZCyz9D6AnTeXPGDAz1dNThCsmEWeJoz,0,0,,
GQaxVzEbu1cMyipVvHiXmbSahwjRyXJCEWGPS648FaCb,0,0,,
CDiAtpJM9eqbx967aeuMEG9Tk7saSHaKTeX2buSGCu5u,0,0,,
6gVJwfHxWov8HxdAZ4v4tt2RpZZst6du74y4bUCdpump,0,0,,
Cs1trGdJmdJLYVc5svdSZ1nuVZ159uf5tNTH87Bgpump,0,0,,
4vvn98wCKNpm8DnftdA6bQAczS7RwDoJd5JSYYi7pump,0,0,,
DZqhD9uQepVvLefDV7hJ68LDNigDtGU9C22Bt3URpump,0,0,,
DmkekuHsUp9BJmVVtjbzEcPpmrGaHs4Fn7fCb5icSuYm,0,0,,
FU1q8vJpZNUrmqsciSjp8bAKKidGsLmouB8CBdf8TKQv,0,0,,
9mt4LkTG28B1mQKPjCKkGwMjGywS9q3v59XBomFNpump,0,0,,
JRKXwVpdyQbF3A4pvQvKYj22syubbEwfwUiobDzSPtJ,0,0,,
79MMMbH1rWGR1WVhsPu5aqQeACTcn1awrybDBwiRpump,0,0,,
8sUY1bHHNC7Ystya9cAKtH2RrLssaUfnj34kiyGbpump,0,0,,
EwnsSp2jHLvMVoJdGMofW48VQwMi53zNtZuVpQMSHY4Z,0,0,,
5oSdehrNUuhDbxUVpkDEXRAykhYQeD2L1D8S99SLpump,0,0,,
6kRF5N2GzKvGRWZa5JYbn6LcHunpm2d3phkwzmmepump,0,0,,
6YtL25aoR9cgXkQ3D637tXN84ncuV8NKp5wmdeFVpump,0,0,,
GP7XEWzzhcRtx8TvE7WwK3xv1KcZh98WnqvhfuiPZv5a,0,0,,
BJskcWzbEvY5m5fDx72mYNkAAapaHqUkdXeVZdvCkUho,0,0,,
5JPg32uSr81BTNVtnK8AmrRZABtR8vZ3Wb7cdabiGtWF,0,0,,
3NiacqbMpCbPr1NdUSZ6LDvqbTtCqEgnJn6dhdGzpump,0,0,,
8vVx5SXsb4WyphqYiiwVnuBK8ukJNBuXK5vhPf8wpump,0,0,,
455gp8fE7dprmsqbamZ17X6A1rbfjwDZVjD1gTbjZm3h,0,0,,
8ZsJk8J5XTahu7CceVTecngNM6pLQW95C2SSTM24Thru,0,0,,
HKErzxpVC65fZrGWsfL7D4v1PvHRbTVzkNZmwYMgfdMH,0,0,,
bfTHwXHeTMiv7eXMFkHR9ZuajvFNWVzpxMYM487pump,0,0,,
76MXnfNURkSPW1KDSaDepHyfXhmdfJCLoEjLXxBBEnvg,0,0,,
8MT2XB3yDEp43xBdrvJQcDG6vvdb9PNBJ7XL3YvTJGgs,0,0,,
GrNiYFY6PssZ38p36FAxot48nHfGcLRRrhrjKBK8cNVa,0,0,,
8CLTBbyKG9j65rjBYsEKo8bRPFKjXUpHUfTHc7kcsw6H,0,0,,
3JFhE2eoyHbAeXXfErERC8JiEHTTg6fw1tMK4czPpump,0,0,,
8Wc6M2dPmmo4VgsKKTv1pLeSf9UC2nhXkNXywEV8zNNE,0,0,,
4GniFbshqU6VtWCLJnKadswa8QCk2cFg8cgBZrhe9dam,0,0,,
EnNCgGDVYGQJFmWkQ4e132oXcK7VBMqZjeyHhnbppump,0,0,,
354gce2j3VqCUQ634EXHGMuxhSLDeZAgoCSMySaqMa6M,0,0,,
9qyt7Q7xjU8cjhX74WBhgqsR8CFq5VLHdD8URyTXmsNu,0,0,,
8FEmRG9EkJrb6SKfteWJmaV3CTVpLn4dT2pePs1iV3RB,0,0,,
773dqr9ugeuk6thk5iq51UdSoPhiAgMfSpHo7yUx9DxH,0,0,,
87VAKzvjPtiQ22Xj1J9xuqoA3jSKDogfgSSjmKrkpump,0,0,,
52xVvKFSxv8aFXkBVMs6bH1ZMkL7JmruqgoVyDxppump,0,0,,
7s8TCGtENGZWDNQ9mvmrFTV9fuqJc4yw3FRZn4Dipump,0,0,,
46rUTKS5y7tLBAhsedScMPULXSnFFZpoJTXwfQavpump,0,0,,
62jW3NU4EMYV4N8bxhdRFA6MUuwtZPDzbjBeDc2ypump,0,0,,
DzBTcjCRaK524YZVaR84j92MH1yUWtqLxYrEAVjapump,0,0,,
GGkyPRwjTWMkzsg5ffBqPEEANwhV1a4dBgPjo341faL4,0,0,,
J7CXbwERi8YLp5qif7TfUu7yMPWhsCLpcbSFVPnFQTrt,0,0,,
BQWnjvmswkqBSJHvdqmW2idobCDJC3KqXvqb2caYNq6p,0,0,,
8WWet6KFcx4uFJwgvPHpn79eHbMka3nYv1cnCFNdL6Kt,0,0,,
BQpGv6LVWG1JRm1NdjerNSFdChMdAULJr3x9t2Swpump,0,0,,
CqYeGYDePJxpWrmt6udvrH13Pf7WuP5Dh6Dycg3vpump,0,0,,
2tsNhfLiD6SY7VTchCBMfAVMqV6EAQN37pS9ugcEpump,0,0,,
B4uf549kGJauERx7P4A2eHLpFTRX3Cktstb6hPAvwmZ7,0,0,,
7PzA1tBc2aTu37N2p7xWRZ69hTYtuPJ8zkHgwuqmpump,0,0,,
GAgB4kzw5Bk8zm9Jvp9o6siJ1K1hKwT1xbrZGRjHTwou,0,0,,
5iU4t2eZNrnVZyiikvVAWpm3Wqg9nbVLfVRo92V3pump,0,0,,
2Ybia1EqZjdS6zEaVfks4aZZ9JJ4fo3sEivec41hPcS9,0,0,,
Gn1haSB4Jkh3E9PXSC2BRYrh97ReruvTqf13jd5Jpump,0,0,,
8mQvv5KQy4kDNhhS2zpUf3GPezDY95LqbxQK3UFopump,0,0,,
4KW2dYGRdxFaeMWVKh1STeyGnG8KyREbK66J6RKMpump,0,0,,
ADF131xN6Z4GWpNjm7J2bgqYPZcVn6ohQQYvihFUFwD9,0,0,,
79ySw211nEeYGqMCjagFuenix6kdE8cJXqY4KEuwXnM,0,0,,
7zrz3AgKDNQ6TxsfTSFU26NKjoRhFFHbPdkqhbhFpump,0,0,,
BAJhSPYrNyP5hZT8872Huz3uq7jti2J1Fdwwu7u1pump,0,0,,
E6RvfQEqmWqDGieMtBXLn7Ar1i38pA6sLDLX331tpump,0,0,,
Crmzxr1u3L9o8MJw6PxmZcFXmbgJzGuCTn8podyewCEP,0,0,,
2wH3PCx9SMomLDvaWBpEmHnr8XG9opDaJt8BQ2FugpbK,0,0,,
9TWa7NPkeqEojoY9Kue7A38AvJV1QTfjKScvqGsEpump,0,0,,
HMHZBcFFi1n7QMDxazU6RZVCt9tU6DNr4s2FAzVFpump,0,0,,
8d7P21F37dniBFt3PFDmhxAw6QBVCkwSfCkZLzKbwJoi,0,0,,
6YhHH7RZiAHbFNhjDmky7jDRUmFhoSQofoACFneKbHtw,0,0,,
9YqXMnwMnNk2JbK5PVffsRKTJ3GxuMn36u3TQKT9pump,0,0,,
DAmKsUs98GCeTGyEarKLKG27dKHBKEZAbN1NydPApump,0,0,,
CHDTQV7hkvtiRx5s43WpB3dz5wRfK9tn74gcGgVBirPg,0,0,,
3isNQa4TQXjKVEU7RyjQvumcUygz4cPzyZ3kmrjCwNXD,0,0,,
Fvws7YzMjJLTdcXuCfSTwWtNmzueo6efotXoRv3hpump,0,0,,
BKAXwhxf2Ch2PJjRmToWMCYToxgx8g4eLZPkQjv6pump,0,0,,
4NR3gFV4NqzQ3aPzZyGA1H2wcusqQ3rxHQwNjxsFk7fD,0,0,,
EVMwsVikohcFaG2C4m1EsvWMVKsifVfAWcWxtke6pump,0,0,,
4T7Uq3mJbR1RMGcTh9ReJ3FjixQLr3Pi88qsiYitpump,0,0,,
4HHeecDRA8rDkxjzyRn3QQwPEkxotZKKENJUFCsspump,0,0,,
4w8mt8NuTUfVKADuc5r6MtCqUj3Lmzm2Pu1jhn7sGsJt,0,0,,
4VFDPNNtccrL7qkTMZSJRELj71876rLSqvTEGMHppump,0,0,,
Edp5hqg5Kyg6LuATS3a7NK7Dui3RXLgfEixz1NoKpump,0,0,,
DiNC7ZUdaS6bhURBv6TBwgn1m6TqPGpaToh13VAHpump,0,0,,
3nFCe8YZhAWGpXb54muVencXoaM1t36DBbynTfjepump,0,0,,
4JJZiF3pVTvgyjMtH52JrzSXHweZAnmFZqsgy37rpump,0,0,,
3NUaf2mtavNDDVAEujbiJrmYcFyFpQuXQTMXUEZj5P2y,0,0,,
DkUdsPjdG2i74yg5DQpc5YR6VCYj4oChynNJywRXHcPQ,0,0,,
5PQ9K3NA7Hf8ZYwB5TuUfMiD9mNzd8P1S1fkc8rmpump,0,0,,
7G5DM7Jy7TMWKgH313tA3vF6AqHpbHP4TWZzpTVLWv9c,0,0,,
BRDsXXhZu8gRQi6yZA3UJ3qGrGkC23rUvU4NiJcupump,0,0,,
FTDZ4b9nJtFFRuMe1pxf8MQEKg1SfmpcKVudgDLqY1Bv,0,0,,
826MSR3ktVG778xjiEUTCLg3wf8XvKjPFST5nhMapump,0,0,,
7t3gRJFjr2qQi6CSz6PcdHKdsbLwgkH21wCnmB5Rpump,0,0,,
CDoAQnZMduTqvr4tJPRhutZq1hqfM58jarm65eECSPBV,0,0,,
39fT82WA6T465CJPbcmtNVPSqNqndRVPVGP1En74pump,0,0,,
8dEN3Xdex5zhRmxdRZKq2HojpJ1NNJQN8kvbHzYupump,0,0,,
3vrC3YS5V7Dctb9VmETPKdJffKoVbtxo3ECQg98Spump,0,0,,
AuQaustGiaqxRvj2gtCdrd22PBzTn8kM3kEPEkZCtuDw,0,0,,
6YPVWNNgEYEmrRqv7QohMG41XuTBRnBrqwSbWEc1pump,0,0,,
5x8v1dNKYwakSJTjcP6bDU8x5318R6HpTFp49SkU9qwa,0,0,,
9o2BybaqzgKm1swuRyxhuKF4d2hDQ6dJRiqthvBeW5HB,0,0,,
Dzdht9VQpQCcAYTWGLJPS7xLyJ1FFyjGR7PFU6TUnRc4,0,0,,
Akb8kcCzEXbyp2JFNKXcRNi4PC8t3nkkt1nFvJpPpiEF,0,0,,
Cia9ESnZHDYYP4pU98Ba6YwXneqb2tjmqgMtju5wogHd,0,0,,
AXXC871L3DRsSUJPxW1bTzUmbQVKiiKwvUZcqEZrZnrb,0,0,,
EA5WzP3Kea2o7NZXiM2kR5vFRibDcqjGCM2DphBZt1oE,0,0,,
71iohMFyQSrrcXDFYXvb5eW4PWQiA6ekGYgyNxHmpump,0,0,,
C9VMXnK79N7RKwT4ogExCQrmWJmj2uwR3wAxUB6G7XqA,0,0,,
C1XU84iJUs2WiPy4G25VmSsSFCY1G9uj6TDyAXmRpump,0,0,,
G4RJPzVfDWxxZogJpKA2WyF4nYorrmkMTnRjuPQiEK6j,0,0,,
3kgSusfV5F47T4vgrjqbrepdQUUZkEBwTwr5HRFum36h,0,0,,
5poGixubKCMef8EfEcrcChZTKAZ8wzjKdjN39bpPqyNA,0,0,,
44vhQJ7vhDY8UEFj5sFzPSLk5ccgZGokiw1am1RWrwyP,0,0,,
9nj92MjhAKKYyVmoNKeqN7rVDre6H49MuBq8XMmUpump,0,0,,
7z7KPxafRcdbdNXoxNmHTwc5zWT6DueMtdk6b4Yfpump,0,0,,
9dd5puzHeceU2SP6qqb9RDRoeEGfas1HW4MbEah3R3JZ,0,0,,
BWzZQswJRUh5aHQ5P6txtgC2GwYdmJ58ukwriUFFpump,0,0,,
2rp92hstqCHb6BFtEXeJbn2qYCgThiWAS2bctAdqpump,0,0,,
3tK24MC1ucVNWXgnJXVMCBeWcdKd7cdjsswUhcCyjx1o,0,0,,
7BEv5LEBKQHAYuk6wu25xdXb6zhJ3kHyc6wmyYFZKW4u,0,0,,
9i9DcXYpmfVCAYg8tqBKShz5yZk3VTWnsn66fcTApump,0,0,,
F6YyycaAJ5m7obW4HQ8AYvPPsQWuAbf4c4LMwjjtEnp3,0,0,,
3ijZkvdGiJJ2bVuoZzwPogJAqbwyjn8eHBLxNrWZ9qSt,0,0,,
3St4gUoHFniBtM788xLAGdCgesQdRs8mgTFr5smHqQAG,0,0,,
8uFp7CMzadhzCqWmjPLtMubrEyN8dYwcjNKeTxC3FAdi,0,0,,
8K7ue91jzpqCqShwLJ7xZ5cVdkPVb3tj6V2aJZraaEDR,0,0,,
3HXUdiMPfx6vfJ9AQznWrw9BWvVkLUC1KrUB5mTepump,0,0,,
piinKrjeiUVwhnXzsgNCV2aVGsBc4GwHQ9eCtkAgcTw,0,0,,
E8yBUD4AGdxK7MbQEf85oaAvVBuSoRsGCvX2sMxSpump,0,0,,
34mb8tLBJDzT8xGqdCwRbq3rhA4DrNyrXEgJEpLKiWuD,0,0,,
AY6jdGqYoSW1BDtR9VYckTE43jV25wYNHjrcbYnRJKLb,0,0,,
3nUJ6an6Q95oSnntsfbdkzb39wd434p5xDFVcYTSpump,0,0,,
FUGEBoyL5tpnMdHxHoeAU4QvYWabbD7826djUrHxpump,0,0,,
Hj5SmbS4NMJZF2EseTZbMQYbi4BdEvYLfVEZcD4Hpump,0,0,,
7FudWD1MzjsMShawBGTSqntkSMx69haMUAm7L3ZLY5ux,0,0,,
4PCcH5BxVjMRQFjmtSvGfEFrkb2po9oWCRsuLNXc4FaR,0,0,,
7yeADPH2zc8yoQFcK6ef4VtCPwT9X4Mk712bHn2Hpump,0,0,,
J5HzihzWjHwf4YgToYhUkLpft5276ZkKFHht3vKiQWRp,0,0,,
4MSuF5xY2Seh3UfXh7rwkBjwU24LrJhYP24jdu2L3stZ,0,0,,
2QB1J8afhyV9FU6mDRkrkoqGA3prPwB2GaWKTZRRt7e4,0,0,,
GvgnLdVs3r2R1RUsfEh4KfV26CkZwR57UK6umR3Uksex,0,0,,
534LL7XrT8jWo6LFQpABfWo9fgpzNKs7ikhg2sWZTNc5,0,0,,
2NVghefqf3M2WHJGd2opN6jVCa24yCXhsR2V1YmUkt3U,0,0,,
9b8jL2wcVjBFpieC5TUR76BDJ6sW8Eghd3fyq5VJmzir,0,0,,
CErSur2Z2sW29keA63jqvPV4rK4TeijKoK6dXXd3J2pM,0,0,,
9u321XmFWk6MTTkkaMYs4njb6LXKR3PPWihsQ135pump,0,0,,
EQdV6UznPTskJEwjWcS2FM2V14yXuZYTbzAKsprM3vgs,0,0,,
9yGxYKNihFkhG8PagmiXuy8MD7r8iamyZLaFTQcVWJ3Y,0,0,,
HnKkzR1YtFbUUxM6g3iVRS2RY68KHhGV7bNdfF1GCsJB,0,0,,
xN9Qd63mUYg7npanmdksmcqp3NQjTcGFQPTyq2F1TQC,0,0,,
ErkqHeoxZCS91Zym624kA9sn7bCdyV6pWcEVJGKupump,0,0,,
GWjdTcfgXHKL6qqFQXQufYSTkcfEGYJRkbyYSA2kpump,0,0,,
EWf4S4KtDmCAZDxNNUygmsieJnCW77uhnbqf7UTcHR3N,0,0,,
5nQ7yjbQQacXUFg6vm4PkguizC4Rps55kzZsf6c3pump,0,0,,
97JDMsah783qsxN9va4ZnRJZN8hUWjMH6w7iBAm12Nxh,0,0,,
7bYVYg2TVoqUxbp1agZqoZrAVsCTzRFTWLozjAyKpump,0,0,,
5uHD8iFzLSraJJSYsNK52kP8WDZAdos76PLqKiPrpump,0,0,,
HisgbvoFNSqFBJL9E2DwxYJHfuQcU5pn2KDhzH6MzM9Q,0,0,,
ErLWbcwqwaMWeMbzXQ9AoPMisTX44J7PfAsLsfdN24ij,0,0,,
DuCmAYsoBAGsoU9epxbjZb66qAr7Xyu6EvkPxks3pump,0,0,,
Acyp7WLEyDDgX6XzUu7B17gbuooLHbgfB7M8mgeopump,0,0,,
5U8umvVDXceCnUPSAY9Zg1T88Y7fENWMVVwoaqADyuyK,0,0,,
BVSzADoP2ep29WrLj2QmLqK7axWTfPHXiJPfjhSrpump,0,0,,
4STA3H5ASp68bpLgVNmymuhazwEpWSa5vteE6BJ1pump,0,0,,
GSgFLVfDLkeS6WTUzGnUfLNVHuLW1Y9kqqaVaHvcuFGJ,0,0,,
9HX37VD86rcXAxscM1AA68vbF8hcHECApSwvYeJQpump,0,0,,
7b7uX4ddWJ4zPxpAoZBVWEJKu93yKVBJBrn4eWeApump,0,0,,
4WwfjyeYD2C4dKYFYWBu1hknbL8qETW7jGSPVbL8795z,0,0,,
BprPz3BbG5dDqLoY1qYqnSadTEas54E5bi5MbyLAZr1x,0,0,,
8YUMWSbBT4rqpPPMT1Bznn3F7VXzi8MS7UHjXePqLcTs,0,0,,
6ud7Jkq2TZiHTtAJBeLvW1AbAm9rkiiUuwFZx6S7pump,0,0,,
YgAzPAH8k7CbodFTyQra8T6JzvTeQSjhYMQf174PNUT,0,0,,
C9GctjGuiLLrYkfRaXPUik7rTazH6XSXi6mevugSpump,0,0,,
BuQ6Rp73PYNxi9TR47zmANNecnpY1mZ7Rtxp5WHApump,0,0,,
9T9ZBxLgVPgyz5Z18N57WZ5Hbbv3taiJWPDqQJBbpump,0,0,,
3B1zoded3LWvaHwTHK3N8wATLJSfAoYfUB9AJnB6pump,0,0,,
6ZvA7thtPgmTRgmXWfia5uNtShEBrY4YTVfLkY2suYZ9,0,0,,
2Jy5doXbCaJdHnhbcDabPcG3Z6Znbs9mG36rxtLEpump,0,0,,
6yL98T7WmUdrbEibjWfZ4UM7zxLYPfxHz4qgtaerpump,0,0,,
2L9p8a8xp2TgUDpwoKwsRHQs7VPxHvz1xpyyd1rEpump,0,0,,
GxLUhe7UfH2Z8wruTmVJifDvy7z65Cpr5tPXVmAHpump,0,0,,
4N85aLJ65oNGQDgoY4qJ8taW7aaP49j7wdpGkkFTpump,0,0,,
4MFJxBz2cPNtRFTnQSzuP7P8CDyL5BAVmWqXtaiK16aq,0,0,,
B2BsVuodH2eBGRnFckRYYW6yjur7Tn8cCxaSE2Xrnj5V,0,0,,
HzJqfPbwYBoHiuCCm3vi5aFp8cuzD6XA53Uj2zXvpump,0,0,,
HLcbFjt6r7mp6jki83nHbu9YDuy2TSmtTHiHwcvmMVgt,0,0,,
5zk2dbkVaXXfPdesDxmhRUodbVjgSaE6pSjcGpaNLBMV,0,0,,
EarBHXni9dcGTLuUMuWgYJ5s7qDKwzA16WuUdBBXpump,0,0,,
AKc3BEw74aZ1mguM3RiXmvP56bnUYWgNKU4xnATPu1N3,0,0,,
7GamYwu7K4SzTYEPFBGdFp66tT9Ec815tcyk3cYZyL8N,0,0,,
33Kd6aZC657fnLmcFPyTjiHZmhjnjeme8schmLS2pump,0,0,,
AwsEbByszgLYfvMdqNT69vBFfiFVbg9ENMLFxaMiukVn,0,0,,
3TdVVPGxzaQve7WtuMWU1BNhrSM3X6NQYi2y47WBAK8J,0,0,,
2WCJDP5xDjqkFrwLYA1LcKXnXMbxNKybbAEgd2PjUzS2,0,0,,
BcXeBK6doFVmoVH1LLJH49n1QRFtabowmWTaxwSrfSmf,0,0,,
HqFRxRjrRHsqbbo5BRUrk9pi2iqRqKuBa7DGAwyE1Ne,0,0,,
ChQX4wajFU13mA9AJ1t7tdwVJfyR4cnviEQautnypump,0,0,,
9L2UhB5U3ZNZSsac8Gj13JU6SnGNZTcnXbxhHNeuix4s,0,0,,
55BFqkqzcADMdgm38Aq8tDCAzWvqAikDngrCbD8xpump,0,0,,
AsYSK3LKVyrKHHPm4TqqYUwZw73uswXuAYjSbmWAemJk,0,0,,
ENFcR4n3TTSzwDLxuCst3dUq8HvA1czhDB98cj8Ppump,0,0,,
EBdawfhzt4Zhr8YKUJUqTbfCZgU4KfoPbgj8ZzDvpump,0,0,,
GBVkba2ggjdZLCj7zFuNPNM5gJ8PMqZM65P9RLh2pump,0,0,,
75DvRjTDpaEbrdUHVomdjfsiXbBi5FwNyctyUgfLooS,0,0,,
PzuaVAUH2tfxGZcbBR6kMxeJsBngnsPLFotGJNCtcsd,0,0,,
4EFD2ro4cS3iRgnqtFJTVvCh8GiCGHDa5hjGmVz4pump,0,0,,
GmVstndqubU1GvdByqdML8QUiokRA9tEhc99Upa6pump,0,0,,
7EVcd9Mpq1Q52pDKTG5GostarK4445CnzxfkYT3cpump,0,0,,
98dFpTi6Xvsw7jnjMaWkUSBmEUEcMy12AkKXkAgWmArF,0,0,,
AGMa6nmf6DiG3MH8mWEhpXaG3YBrYxF2QaGdrqWRN2Vo,0,0,,
5eUra5EUTvpw37zYTLo4W3j8JLfv5NNQHvLQrvWgpump,0,0,,
6jCnTMhpP4RU7gYcvRq2eGQWPo7WdthWC28NcefhuwZ7,0,0,,
B9zD3B89Ku81BS3JprXJPLvm6bjo4Ymxh1nNJoNDgusU,0,0,,
853YSecyubMjVdw8x2AZtgmMyqG6PeSNgzvnPsPBpump,0,0,,
7sqZVLhTyLuzNF4Fgat3PnQzQmV7xLmHqQ9iFezbs1TY,0,0,,
D2G8xFQ8qPqAJNTRtpwtZ1ZMH69xtytPnpuAmGUGpump,0,0,,
5LLVLe9VBoLsvw1uctubSciP9sTRRcCnKFzBi1v861tH,0,0,,
He5dGZ9C45oR8C5h8fqiHyLq73e3dZQ6WN6qqWTGDw73,0,0,,
HECZgs7unJtJ2626a1FV4BnmVr5BphuZWobVavdmpYnY,0,0,,
DNP196sBqPH133WD7zh6yYNEcDsBiMJJwQzHZWzKokyD,0,0,,
8UjBEPAQDRtqgZocPD6ApbqxzWZMYYa5rmhPSk8hpump,0,0,,
GXKWRz1aZMaAaTd2SWCAnH12Pp3PABBm5MdZ2sN1pump,0,0,,
8sZjNXtA14MEuGU33YHnEAbi3hymEje3V98UYmh7pump,0,0,,
D2kVpU44McxeS848Nopzx8SbgCcfPHYUxBoeaWWePfye,0,0,,
ESVRQ6phc55VCw7sWB6JgW3PeTB6N68kvwjfsMPcpump,0,0,,
7yFKTJSiNHkZzAZJqPmZoDsMzgmvgQghT1ZMDryrpump,0,0,,
sPoonpDEKqG4DkSg79xDzGnc3sYkyR58vy2Nw9NjoDi,0,0,,
FVqxVaSLbRjw99QFqVkbx1TgrURVmW67ckDw6un9pump,0,0,,
FNXaU4zCEMumA1hHbvc8EFfKfHxs3p5JpSuKnUGKTuj6,0,0,,
Hrro7XsywzNy5bcuvqvZBocuKtu2rwKDW385RowNpump,0,0,,
Cvd2cbGBk16s7unss9pxfiVu4KT9TjmGLRspmSeHyLsY,0,0,,
35JJinUgjXSoP8CBj1jNRxF5nT5gdJHpLgzYxtC1pump,0,0,,
69Um7TRvskGHzqo1eDSyBGHsVhnhmEZ7d19SWmBfzGC1,0,0,,
9K6jn2usb1YJGcTpFVLwkUvsroKyDLVY6amgDEoMpump,0,0,,
H7AiwkjmWXVu294sdWicHoPZE4e9u43FoApvwoyFpump,0,0,,
DJfrje1JscN1fJMB3aUTBh8SsYxiDZ88GJDPStMbpump,0,0,,
96vfj1VTvnRnvjgSKft7w7TFmdNNCRrpMSsjA1EEgx8w,0,0,,
8wa8cYPkgptU5jfY1HdcV3bqfonAU5y456d8FJ9dpump,0,0,,
67p68fQBqAeKEt1jEM5bKMLR5mfiDKgEcoDxKfZpump,0,0,,
6HGjjmVdZpQNYA9SfLSUZpTxskpA7j9nm4qHLLyMVgYX,0,0,,
A3ya2ejsHPREvCACaKNx5krSvuUHiQ1AwkNZFdnfpump,0,0,,
AP3As3pMa1SA8TDLTFT7K5e846L718RT6yRDSQNDWVG4,0,0,,
27FknWPytv9fTNEwZv5RaUByysiqopYamSP8x6pfK4x2,0,0,,
ogAiuaPFGJB2vNDMUpV3A76thkD75aC9tuBDrEApump,0,0,,
AEWZswthxuhJEU3HQ1dLTqqEKERyVgAmZZ6xdUwfvQ45,0,0,,
7FYDohPbqfi2cpAkSTGSSxQ5Sdwt4sd2SgPGdxo8pump,0,0,,
6ZayvWJbfXP4c2PYU2vJjpXV347ogG4sBV5oCDUcpump,0,0,,
GFNQHAAo1j4cQ1YndybxBKNiXzCLMk69bGDADCVFpump,0,0,,
E33ise4T7jX4ngT5sMVEMFEumksGNgwEWvvM2EcpgV5B,0,0,,
97VwGFwBrVDBApK1Vo9QrouyAs285YdqKHWPy2qvArwF,0,0,,
DjYrvmmY6ojf2f62TckYxBtCCHCJNbr9A4EXFwH3pump,0,0,,
DedD8nULcLHFmp1aM5SXTmEVV1tGgdpukdMX8RjfzfUs,0,0,,
CHwSwwaw9fChZVb575rMsn9pftccAxKQ5RN4Zovznauf,0,0,,
EM5XFHRjzDexTbrw9uEfMGeZRUU7qnngN5rToEb2pump,0,0,,
9P4fPmirkZ3JoLq3Zh5X1ksBzuxeQ2y1vGFk8Cgxn81U,0,0,,
QRYVRkQKHkZvxek49GWB7WL31dzmVTnHjZMUss2x5HY,0,0,,
4sAj5j6bpbVkus8qW3Tpkxj56to78KDyrYxtqoifpump,0,0,,
6N2L1hQsrpaNKt41CU19cjMmFzsYqpuSQYM6maJfpump,0,0,,
2RmKsDJtawcEUcinFii5acSLJyme4swRRbgPGmt9AeEp,0,0,,
3fRA5RMn7QArWEjX59PRrmAXNUyT2yhMhXUVtJvoaXGS,0,0,,
JC1WWYCZEppkGt74p9rkYhQc8Tt1BJLcpssWYUEQpump,0,0,,
EtL84ek6gaAMms6AkinFaqa3XHFCEKekq2A6ofdupump,0,0,,
5Po4StuMLfZZZjMWf5chLVTfTQrqEwTh9mgFksZoxGsE,0,0,,
6fDxhnnX3YTY1Gs935gbbbGqitB7BJeMAPZPB59Wpump,0,0,,
G9k1KFX9tYkxhh1jroa5XSLk771XzvUVaL56UkfrdSp8,0,0,,
9yTUJXbfShEF4TP3chE1hvoqT7TiqNdTi3kcdDYn2NKp,0,0,,
8MWsKSJZaobhBYsmZsVKgQwfDswm6GaXok29XJA8pump,0,0,,
BgJW7U1u2RY5XJk9uYb5AqFRzjMtqE7pw3kaf9iw9Ntz,0,0,,
4Swh6SkgFotuVFJoukCP1YcStLkR8QxkZ6RVCsLTpump,0,0,,
8MtxgaMuGvqAsYcLpPLBhYdRaCVEtVuoWU1w7tN9pump,0,0,,
GVmFmB4KW8uXRfjiwbh9JcCRCBFtKy5SQ2BFvdoipump,0,0,,
8JT3enHmQKzn1VguHYoHGrDSvDrqHVkYZBwGCiNGpump,0,0,,
XukVnsfkpRru4eLXHpL5fEfhWiqBR7HWdq1awXKpump,0,0,,
7HEVaZMbunuFapQSgJKy18aA8sXd9HWoa1PjuNYVwXbH,0,0,,
CoVHTmy5SrNbu4tG25qHPKk6FXJR11BqqZ3Nhd21pump,0,0,,
FWW6K2GLEqfWDPHLoi3zJDGE2zfi9K8BFwyzmG9Qpump,0,0,,
ExVerFZyMnTSfyCShtFDwVgY1BxePAppfK6AyCZ6pump,0,0,,
CHVggq5Bu2UKLB1MQtLciDV3UKv5hwLkJwA14egApump,0,0,,
4DEFCb5t4Ww2YScco6mUhQNCpkB76ps1ev8nbNfvpump,0,0,,
GJLiErro8cbWeDngDMWJug9dkwwckYZg4Lvb79F3pump,0,0,,
BreuhVohXX5fv6q41uyb3sojtAuGoGaiAhKBMtcrpump,0,0,,
ocCxa3Z24FSGBVwCDTMxfvEvXyc3gJLCH4DxcsJpump,0,0,,
6V5jzLa2xBUwMW6ePkD3b51sgiTieZsUPgwVTAZNpF3S,0,0,,
4e4pi2xRnNqVvNfLUcLCbXNiFfgNQuBCedUeJgE4pump,0,0,,
7uJC8azmzGjTQriRnjhzeZjkTDGho6WqL9sixttxpump,0,0,,
6DoMhu61y1wH5FUYEU1KNmscnMJo8RvEpDes4P8bpump,0,0,,
ANvj5i5kFhdmTrFQMs3Md6RRBqFptC4FGgnLeGP9hYE4,0,0,,
9B5NzHyr6Vp2iMDb7qDd2NWkBUfnvwNx4KbH2RrXy9CS,0,0,,
G3ukjeHBrDJ1zUFr6KandnW4bPcjmvK3qL2uATRb3F63,0,0,,
FATCoQfKD6d42W46hNEiiHQ5C3kM3mCxcTJjH31AvWaN,0,0,,
D71Gyn9TCQjqQokpXEAkuVnU6tbmLgu5BeBe9xsyUhBm,0,0,,
HVqkGQhJZdL1NK15TCipwooDV7TQ1mSfjfUW6fMBpump,0,0,,
FcTNFmknmKXbaY36vS4nQycCkdtkNhajoUVguvQEpump,0,0,,
7sb9A2cyzZeUrvutYAVvZ8d7digdk6LVrNtMgeiGU1Cn,0,0,,
D6WCYAiN7MHkCbGdu57w1S3Y3WfW4H4ZEfDNAA6mu8Tb,0,0,,
2PCiNfeDQCLiXeSWggPiQA9YMSYxNiJWSJKpGrf9pump,0,0,,
HajAW5mw2VD5knsrvMWUG3G9xZUEPYbntKoVG7ZLDXS,0,0,,
DyEjDBv6v2LWZwvP5cw2dbjtMDhrpZUBqZXLhaTrpump,0,0,,
EYKcjpfwFiGUupmZCoT4UYnuefKMTZYqSP8rtLZqorih,0,0,,
EYXzHynaidUzZVGFEtwunbqG8yHj37EXQkYWJ7rUGS5S,0,0,,
EgCouiJyJB4BowdJBs9QdQSV8hwhzGRUAEDz24qonNb7,0,0,,
GT1jji4gqNgigvtwmjyQWiv5wNooWCXjn5aokXJEpump,0,0,,
7PrRkPh4nohBW9fTafdzA6Pwoovsixvoe9y2nsBrpump,0,0,,
4UCqUrsCyRWga6b3REG718dAp1c3jzwSCXDxY3Bjpump,0,0,,
3GTdR8h7biYHWTF8hUsfuPBAtG7D4LrcTcCXQq9v4vtT,0,0,,
8cGWLGUmnpmwD6DKc4QJnLnDhYSLsuwed9rJ6GQPpump,0,0,,
6cTEBTDzHGQmTohf52DRhHVMiuuwbeCwpfm1oH54pump,0,0,,
8p2HuMsiiDA82gACB1bwA45QSURpU8JxzdFbTwXkpump,0,0,,
FkBF9u1upwEMUPxnXjcydxxVSxgr8f3k1YXbz7G7bmtA,0,0,,
AxqudQhcMd6A9hxCseJ2AuS8miwFw5VmtwrqdztsxtN1,0,0,,
HoDsKo5nAgfJuZYt5hP5VXWFry94HevxZTrxTmYeW7Bd,0,0,,
8rHA9yb7whcdEMovz6NQ7e5PYuPvoH5o1aihnbvJCmqr,0,0,,
APXQ1sVVwhYeiW2r8G8Ud6veSz9XShMLoiPfiCgPpump,0,0,,
D5YZ4YCVr2d2WDducbrXfeeaDqU5b3FwKqP7WSTzpump,0,0,,
6fvNdkCG9xNHy3Dx81WKbsRBZnCH7Jgv9v5eTVmLVv4,0,0,,
6696aaLfXjEq3jAoKYf7okbKyHH7ZaFK7qTGdnMDW6sH,0,0,,
2QvWRumwVt5xTHmH5kAzZgCVG8dJ9sfcjSN1uKyepump,0,0,,
28LeNJN9V8PGnsNgWbxrzSsek7upZBMQYAMrnE7Cpump,0,0,,
CUx3Fb19Aei8UFYXBTQqd4CfFt5jNdUQUyeqVKiXBuDc,0,0,,
64wYxUxoHoHw7mRXvcQJBoLvTbuKCcu1e1Re5yHopump,0,0,,
A11P4YzikysrP8KAwhiT2xTuGMHpH6i9oHSZnntapump,0,0,,
5KHmj9gu5ww2y7NGUcsN1Lnyy2XuYjfahCvaWfaupump,0,0,,
GsRcrzn9u4ayWoueweWUzURb2spUwXYJi4tALDVNpump,0,0,,
GypuJUoMn7Fkt6rsx3NcUh8cDkxKNoqhmmXhJfCC2gZ,0,0,,
6hjK1RNYFtZfTEWbn6aPzCeynABGtkZ8wEezKFhcpump,0,0,,
A1WpmBTaVFbsKSm4Ab2oqaj6D6uAKmA7vSgpiQD6pump,0,0,,
8UNmRVNmDUUxahKLwonJVsa24Z1BApEUXfZi2eqBygL2,0,0,,
HyzUwAJu7mBZZjaKTYSMqzoSSgwU2H27irPaN5VDpump,0,0,,
J3uHWF2FFsWrMAfF7JSzeViqhXTVNq8aKE1xdKrupump,0,0,,
ARf9cohfgSVr4mCfUjP3nBmFMQvvoeRtFaexwMq763WK,0,0,,
EGxRBwjoC99LtLznAyLFcSxaiCrzPiXW3gHmemq4pump,0,0,,
D1D2CEJo8YiwFDsAgNM8NALMUorgHbZAqNFuZFV5w1Bj,0,0,,
Ehx8qP9LC9eGqKH7EzzTaa1Pn8tXumM5uMtCYKpGgyJH,0,0,,
8WrW81AnZxcW6gDaM8J9XnqEwt3WX9Bskw8nmRCt66PA,0,0,,
Z6TpfVZySS4vWcHrF22yzsa7nZRXQBKu2qjF9bNpump,0,0,,
GTyPVXLyVyBwZbQguaiH3EFrFD8vR3XCYeD2AVdDpump,0,0,,
91oBzETvpZQQR6Qhs43xQVTV4Am6RMQSGDQSiJh4pump,0,0,,
8ngXh7AAqbFZ4MuQwGPjCtgkr8d2Q5ixZzxcdxsEpump,0,0,,
AwU9dsHztu6tbTByWpTGpQLKbKywK8DmtewfhVZ5pump,0,0,,
HNWWdNpUuXvKYJVT5E9zGHWPyzbEKn4LDSotUVoBpump,0,0,,
9iKrpFUQYGMyMf7naf7AVgatLHy7EMipfkwHHHbsnkBV,0,0,,
HRw8mqK8N3ASKFKJGMJpy4FodwR3GKvCFKPDQNqUNuEP,0,0,,
7CjvjddoACtNv35vRistrAjS4nwgEZDdyxEkUbJpcwQd,0,0,,
J2m5CMjWZZPSUqh6Fxrmv15GnVt1HzF2CptwJ1Pvpump,0,0,,
GNvm2VESKSE8WBL4HZ5KR27guQA9hyE4735ZvMBRrvoL,0,0,,
9gyetonQSxpMSjUZNPFa2rtvBNWwBAE4Sq1f7yFrTAvv,0,0,,
2mL68hKgKa4pvJWWyna7EvADCb6sncJqTHZiNSxvNQj4,0,0,,
G9Xo9SKhzRmoZxQsTqGX8bmMXBg6eT7z4YwkupZEpump,0,0,,
24cYzTNm2WpJdTNCG45FChtYMhoKjtQoNBa8JNFEn9tr,0,0,,
4XRkueX5zY9wU5Zts5Lx5sTpo2H28xX4nYCaaFLW1zYP,0,0,,
4T1d5M8X8dfKL2JbZaosQGbc7WqwL1McWGCJP6fVpump,0,0,,
MK87BZoFTmUN2mJoMEQqUvABoE34iPWJBAic2axViej,0,0,,
4a7XsiGJhENo8D487wTRqjVuGRy71EGbvsYae1ktetUv,0,0,,
HiCcr96JrbdXHCc3LhDdUSgR164skNobMLbc9RqsbeTt,0,0,,
BCzSJeyX2uVcDrTHzq49Do4vCyL4ZKM4DDo4VhVxpump,0,0,,
GBeRbFsD9trCxcXZR9SKPUDF7CV6CNM1ahoVcn44pump,0,0,,
DhPxuySkehrLQpcLNAWHmBJtoBJigynHrTuBNcmmSJzF,0,0,,
4t3gZRirowEKGAY2iromk3Wyk5AbjXTcgYiZHuFpgkDn,0,0,,
36jZNg4pgXRNydTDF6eS1Q2mLb8f5mfTW4i13pZMoDLS,0,0,,
5HSAn2oZJ6k6YvXZ2rbpMtqyYYK4p4wS3gVd2VPypump,0,0,,
ECbbgVcPcgbG1rJidrpDmKzZpfGKH7Bpcmam8o1vpump,0,0,,
6kEvCTz5n8a7VARG32wP2cbo3Qir9VjUVMsihrd3sP3q,0,0,,
8wbsnpjmcAatYR4DhbvRNwJJCmN3NzgvDhQuYVJppump,0,0,,
Hp8GN4WFr8n6ZinFuLm2DujHgjbUinEHYYBbsZZ1pump,0,0,,
41bebSEFcBAY4Pk5k3uT7ZMYAjJJUrUb3gdEWvt3pump,0,0,,
22LC9ydwc5M258KJ59E6xxRrE258Lajj1pqfteWas9TK,0,0,,
mqq7mJMhD6upLnLVFok6gZ6Ajk3s1qTpzFvmu2hpump,0,0,,
6WhyN46nWbuhHTBCrTJUNLv9f1rGieCPaDUeUdqYpump,0,0,,
EUXMa5bxpbSjbwigr6t6R8dpp2PjXaYXtdydwAvUdxnh,0,0,,
H8xaXBfiqdWV5nzkqNynZ6j7otEvN1HYSxqhBYRVipNP,0,0,,
FzSB9hK3zmznuoQGfBMRjPizh8d2FboEwjjHdCJXWYsG,0,0,,
C4CfAMhiKsAD9Rw8m8vAzbCgAtJSVQdJgR9jXk9Gpump,0,0,,
695Q2Phfwe5mX7iHUbncLN5on2RBDhpSZZJPzo3xpump,0,0,,
HJkdRUn3qnDSUq2LpFKgTEuoTD1wv5ug59X6PFUFj7oa,0,0,,
9nmu7zbf1kKNb52cAohAzyjD3yRdG8Pszw15Umsupump,0,0,,
7B6r97HhEdw9V3qeCYLhA4FbSy7ZvNUmNWLQn6KVZ9w9,0,0,,
Gc2EPZgZ1AiPGDCM8P1q5wE1RUCbAMhEhXNxqhNfTnGm,0,0,,
6dKCoWjpj5MFU5gWDEFdpUUeBasBLK3wLEwhUzQPAa1e,0,0,,
2vrTSA71k2JnbT7VdyHqGcyjBNvncHcLPuECPXbUzLkp,0,0,,
awVH9tXCXVyv8MosWcfwZB9GtRCmNkSGfPBZgkoww2y,0,0,,
3ixq33xusRhG1DrWz8Mdz6yPSEmd9pdHmDoiRwRopump,0,0,,
PARTY7SfzNrWvxnu6KxBJhquvajxw3ySW4ZPdtUoCrB,0,0,,
45WpPcAcFvbuxq9Poe1bp1huthtWpsMq5H7TrWdBhC1j,0,0,,
2miHpQbYLPvXxC2V234jrrrtnJdejd5xW883a5ToNW3g,0,0,,
JCmiuEvazeTRhmL57NjjFedQYbQLYeRDDua9dSohpump,0,0,,
4LLbsb5ReP3yEtYzmXewyGjcir5uXtKFURtaEUVC2AHs,0,0,,
7f4kFyKthGt1xab55RCJu1fXwXzhjupW8Rt9iLs8pump,0,0,,
52uooUN2zbK2yifYR6FjUcHpDrok33SFj1T5Peumpump,0,0,,
3Ae4HCpJqYdDSY4eHsSZyYhwp1zy2oerk5CFpV26eaMx,0,0,,
EWBdpQoBLLACQJhSHYxv3BufBnZR9g4Q89PLEDwLpump,0,0,,
5Dia5QJAy7Qa5qoWQNdp7FyDTPY115U9C6a5H8qKpump,0,0,,
Cf4mQePeip6ZsqZnB6KaaWCEd7s9uwzApEaBEc3bpump,0,0,,
8v9aqi59YsdXtDfwb7iB5oVVpS3MdnMhuWmkkb1aiTmF,0,0,,
7M77R9TCgNjHbW4QvTT2ajQJZpChDTd3oZJWXb9ypump,0,0,,
kxLV5cgzENvoL7urtd8pwVwL2K4PunoHhYXzxGqpump,0,0,,
126UrHYrvCwvgtyNTpLHWAtunfig5HfY3168AW9Mpump,0,0,,
ZMhhe8567EifMcAfqyipMdZcpdeZL3hEQsFZpPjaYXg,0,0,,
41iJCHhgf4Uw4nQBcAeAfhq8vCNirwB3MXxV6wHymeK5,0,0,,
8gsPhwLeVNQe6NNi42T6Q2n2q3ZPFwiaJwrk7CzaKhLC,0,0,,
CymAEsmuXuGKStpYtdWfEeUn48cFm9QWKMnhKm8ipump,0,0,,
4LDT8u5BcVf2acdWJsqz45yaFsXBCsjY79ERLXX6pump,0,0,,
817BRVsKCsMMPMKzvNardXUXaHQtuboQmNQfMBwPpump,0,0,,
YTnHXpen3ZqzM5wejKFU2J7C3z9qCJp6syyRxBppump,0,0,,
8RRv7aUAQza2qxt2s2zSBYzWScEhmzn5eWbovAJEQssC,0,0,,
G7MyDWxMVXL6R4sa9efxDnqMXBogcb6EPNC4Y8eDpump,0,0,,
ELST1oAp3czkRRRWGeTgttGsEqkD2qjDRJXR4Asmkk5y,0,0,,
Dk1gzfVtwF18vb5ptaaj66XomzvBGQ2fesK7btntpump,0,0,,
3zBtwmHzT9zyBRvTH6cr2sGDRvFenFBmHoR2u6Dspump,0,0,,
H4as6Btk8xycJSSES4hhLEYvcbEnHiqD1xGsMU8Bpump,0,0,,
8G8K4EGuc15vbJYugiVQq8f86TyrzZwCnNxfMhfEzis9,0,0,,
55sZatm77Q93UATX3W4oUfzujWpciEE6BSxxJ9Cn2Xwi,0,0,,
AnD1WJv2KLxBmzDEpHdxnKizeDTrtRmu4YuLAYZxihKE,0,0,,
EufQJbr6aCRXAzNTqA1aVU2TzGJDKLvCivnnKX8ShR2n,0,0,,
3xgGLzZQ5DH6DTXgsCRYuCkCgHQaPQdLB4SpMVhVpump,0,0,,
5uJyPG8FLdUry45Jfy6W5YPFYNpE2g6TMiLk4tGoVF2,0,0,,
3A55jnwrLZMMTJd6Uj7sTcuDFmKskLS6cebijdwyvb7s,0,0,,
8wXtPeU6557ETkp9WHFY1n1EcU6NxDvbAggHGsMYiHsB,0,0,,
EuU4xF2M4i1RdbDB3AHA6zS9p2AHShRRcv4eWGCLb5ZF,0,0,,
9yPfrBhDjDHwez6fL4fcGfZtVXSeB3rStRHv6GRhpump,0,0,,
HJBHJPL6QZ5wq5sXEsEmMNPLZqxJKsQBHiRF3Hj3pump,0,0,,
12AhaWh6JxD7HAEZvtGvYi8SE4NGqYgFAJAwcxUEpump,0,0,,
5veTKGCcY1zWhd5zAevjpZXr2yziMf3bCLReDy6t2Kyj,0,0,,
EWaHMxYFSUnpmx9FBPEzVYKvRyZ3BDE7E4eqpAKXpump,0,0,,
Dice3uJ6AY63bKRHk5Mn24qdNLhBZJFJbaeDsTQrzBPE,0,0,,
23YjdQAyrjuM9wRaiwd3gwgiSxTYdZZBvpBpPXXQpump,0,0,,
5NEkv24A28WQbnuCRa5NN1SiozUYEzfBhZoJuHTrpump,0,0,,
GdTp34pZERrsAFzrP1rB6g78VeXH57fZisKWGpMcpump,0,0,,
3BRk5VYKaCYKewQDPovBrWzHybcb7PGf6ZiusqRDpump,0,0,,
CBeiKsmn1Nyxanw9gT1HvNxPzcTHMnv6P8Z1Xx1Nx7GQ,0,0,,
GZvQEGaFJyMfnV7zkZmZZh4yo3THi9rC9VriqneWNbU7,0,0,,
DbAEqZ53rGBvSrQyeLc7uTqLvKaaGY31gBSd5tu9pump,0,0,,
225s5y5iLmMTS6P23aYKHvN1d9ymZzuX4a21cbv3pump,0,0,,
AXNEu5hzpCvV1YFh4aSaAA8EKy1RTpBz9UhJuzHBtF5q,0,0,,
HH77kGRmvCXdrsigypnG6VSYTWD945fcN9BtdrXa7Pkp,0,0,,
25B6ihoy6wZQG5pCxRY6kSB6k2yFrMAjDFb4Y7U7neT8,0,0,,
2R2q988wz6DmcBBDGoQstqxkmncb3C3po1a1m3hHqNkF,0,0,,
4GVg3vheHU4LKqTv4xaPGjpjEkhGWNHzqoW4JnpAC1VS,0,0,,
5MkgWmmBbjoPgfZFKk5nUyxMd4MuKVLYPoFXGe3bmrBq,0,0,,
D91Dwt1RNdjV99zcWKGgdvhnRbdVENLCkrnBS7G811PA,0,0,,
F6ExBzKdLRcJkCAknQgfbhRXX78EhqoNxPnegJWPpump,0,0,,
8nvm3E7nitWd4qynkFrg1xc3TrJmHSYQqaVRFG5rpump,0,0,,
nrq7aErKK5bHyVFMCKaoTXFHbq4oC9N6vsn1cLG3wHi,0,0,,
9HvM3nS2eDKWxNvi8vSFXRhHA1xhDW33rt4ZA1bE1DbV,0,0,,
68vd2JcynUHYqz5yeusdRxumMBTzmqBiLULWPuZHE8hj,0,0,,
5MZsumh33s7mhrVyvNwmBmVXm3WSeKJBx2yJqEVapump,0,0,,
68LZW6TruVNFQESvi8PoPTZkAHRzpHmcbCRm6UtXAMet,0,0,,
2GHRFfQDc5pqkzHF6GGAfamSyG1MRgvd2Q7PAhSmc2AK,0,0,,
Ga1xKR9HhHMEmqpTLNKGby38QXWcaDjmDBuQEsYWpump,0,0,,
5VJdDyMCtNMtQt2epPRKuGjAQ9qo2nnYtu2zXmvDRFYU,0,0,,
BVhVgtWyywAXc5E9Yhx8AJWBnEz9nVYCFxQiWwKdpump,0,0,,
7J3FRKz5PSzQS1uUBATgBY6qtfNwBQwyRmZZFC7Tpump,0,0,,
CEF1fyNXT3kqHurcadhAFqa2GkC5SnmGeBgdfGWgpump,0,0,,
BQmdmxZdBVm4yr3WFtBM8wsoCfFXngXHhNknJ4NhdtaC,0,0,,
97Sb84Y2XMBJvHP5jmtvYEbKvLmo4sprppzECRuwadx8,0,0,,
CP4AK1sZfucyM7LBFr2eMJqd9wYcfR9nay8QgiC2pump,0,0,,
CzFjtyyTucuL4ijGvNvwnd7svmJzQyxdkCxPYbKbpump,0,0,,
8pMqUa1cUnJVAAzcbhCX87xFSkyrop1j66MnXgSkpump,0,0,,
AzHEVJ5MkfH2x5oqioKPEWHMESY6poLbqwdEANtZbtW2,0,0,,
733YiGWSFs8AZjEXbpTTJLovNEz35arotkod4Ljfpump,0,0,,
CYmywXmhBx4Kzzp4FpvHtcRqhzqhNY9r64KjuVyWDuha,0,0,,
CQbXk942c6GPcRwtZ2WMFP5JcQ9NqbXtb8jUewBi7GoT,0,0,,
EgdyD1oFjvFi8itjBz7iz9AKkFojjoZRifnwnFQpump,0,0,,
5kiJ7wnCCiH6Ce3Zfos9FSSDBsJQmopUr4BTuoVZBjk5,0,0,,
EqMuraVKeuEUFsDfRJuqNbyibcDNkYCaBMrzZJJNKAQU,0,0,,
4jfzEgBuoNXQWtYVUQ1HWuCNy8WyLG7Jtq1efwZGpump,0,0,,
Ah2YgegSQj3QLmmVmG8q5Sn1AjTNgV2GD5fK5uwtpump,0,0,,
9kahs6tASfXb8wXhC9g54mYA7e33XzmksYdpjQBDpump,0,0,,
6K41nVWq9qeWdzav5BPjdon6rEQEGd2UffxURQJdpump,0,0,,
F3vzuq4vZNGyzdaNeyKScUg7eN9Tf74gPkSjcsskpump,0,0,,
2KnSjRwejpCVYtS3PkPXoiPVQ6nqc7M9quK2isfYpump,0,0,,
6iZ2EM821mqPmHaPpLaf1mxS5Uja5dNwiVpprDbKpump,0,0,,
9rvunbw4RtL56T7yG3zG6KkFcEWCPprnATVf6av1pump,0,0,,
8BW2YBrNvXTQHW78mTyxAf8HuLuJCgS1ckRjuYfafaMR,0,0,,
123fJ8eJ3KeMaAsSXAaCE1B17xjAYHuGa3Wt7cwkpump,0,0,,
AEkR2P2DyhLCaWCk9geHBoQXq7Chv2K6Mnb8S9yTpump,0,0,,
AprfQkKm3Bp6wCHYrYsUuqMmvAZTjHUijuMZ8i3KFKX3,0,0,,
7wH5YKNnhcjyqUUXZwsdQWK26JVj9ejfNwDFfR1VCyod,0,0,,
CkXMc7jucs85oPfFsE4N51TgKWttSPuFuu6AAGZYpump,0,0,,
4bgdAeMtb9YCBJozJDdBvG1nqz1nKdNYFinYijSATaDP,0,0,,
AafnYYH3zG1U4SJV4Lb1s3qX6DrfTKGm4jRcJZcDb4J6,0,0,,
AtakVE4hj5KgbS58YzmCYrUwRqMNCnwaamUckk2Zpump,0,0,,
7VLmqqHQbP6gkAxRL8o5Qua5MckL86YHDB3PoLm3pump,0,0,,
8v9cxysferhd54kQDniEpTYWUyJHJ6474F2ebmZupump,0,0,,
6QfqtCrMX7JuzwfProRHGagKNb6TL1psSz1YtPaBpump,0,0,,
8JamYLTLGxAqD1UWs3q2K2my8u9BnhRHNTqJrPce1zVQ,0,0,,
3jBo8JqMYEmjAgnjGUmL33b4hjoADkkGacRPw7yxpump,0,0,,
FZrftaVEWS8aWLCZihRx464SgXoFLvN2vreY42LohV1Q,0,0,,
2fPzkUiJ8YBDkNvGWjzY47uE6dQW6SLGUYGNU4YjuPnx,0,0,,
3Sx6ZuHGbzi24mhR8QfRNyXQXgJFH5H295rzELwRpump,0,0,,
2CkgzQssHbQCgAfMpmTgy91uYLzQhS3BUZwSjqyzWGWm,0,0,,
2niLT8fZQi8GDJQWs8SUWu3uxnRMMAwHzFPPZ8C8pump,0,0,,
H2s5dPtCyNuuhsTtYJaskaJ8CtKfPnaRta6oDc98JZQR,0,0,,
44k93bokW8XAySS1f9yXNpKhTEuPwfzwpeVDSMAsVRVr,0,0,,
2md1kFiAPFoGPZWsuHKMFquLCocXutxe7cUAK8KYawBC,0,0,,
HmP7gAWucokzHHCszEreBx2H8oxcrhpH39sNyDKFpump,0,0,,
7rQkwhMQxdX5Scx7u85hEKcQ5hpQLu3TpKL69P8LGxWp,0,0,,
FNLK4bSwHNrVCeCXCKjY5y6ZCbYM25saKLD6cHhBpump,0,0,,
6asRuqr7yJtqDaqRcPBL5A3J8Q5LyuQt6tqy1N5cpump,0,0,,
J4kisnm6yA9gHXhyCmmoFEV8C4eTnHDKBC4Tcd6upump,0,0,,
2YR72Qtd4Z4odM9TNXLbdJRCsyYQj13p7FcfNBR8pump,0,0,,
5hNH9FH4AgQ9AVp7vVxydyvSH6MXUpqAFvss1YgZpump,0,0,,
5VaPFKEAzyxoWUz9PgvpnsCdT3x6q4YpnHm5zcvPpump,0,0,,
AQATAbRvuFNvCjJAh9sJUFXmEcTtFXi4GG2ShAWMgKrB,0,0,,
3x71khWhSUGq5zwUdWD9Xh5ASWzY1vSL2QT4p6YdX5LW,0,0,,
6TuBfTZ3pkKcmP2ukXiYNP74CNBmiRZfXveL2phD34H5,0,0,,
HYCtvCjWetjHvdw51ATQz8esLB25HguZmrCkpMh6Efay,0,0,,
6Rucf51DM9UvCn9DmJaedqrEdREKvAuWRbB7B3dhCgTR,0,0,,
3S9eD7qoejgrbNkn12NzW2MUvdofTJJ3noecx1DZpump,0,0,,
cS4VyngtsHzGsWy3nUQVGEUKKNYedmLcwgzNQ8Gpump,0,0,,
C8tEY82inN7mgCoBatacvVyeufBd1f1wEdPPtsL4pump,0,0,,
7BMb4jNt2tQG81jX7W22H2h2UyL4SW9QJgz25HRhpump,0,0,,
ijpYWu67ktfmA6r2YPbRsaHDwui5vS8xJA66hqcpump,0,0,,
2gMUuNBwGfmANX8u3RPqK2eUdHHdvPFfrjSkLXVjpump,0,0,,
UYx5ULXJBzWvxPsABFENL91rAj8XRojQUm4ubgEzsb6,0,0,,
6fn8vvRt3944ise4idXeBgHjXtZGoREaUnjMdxvZcpNC,0,0,,
5XEv2dSELgD35N3DsC7DQYmn6iNrnjjN6YQMB3gtpump,0,0,,
HBSeBiSVXeZRny53kt3vkeHR3MohoNvRUoVPcViMpump,0,0,,
AphCWVkpokypD4BjiiozAEjyhiRATTMBoBKdyBtvdDoN,0,0,,
CoUxXvFyK8GEaTSfgTQn8ktiRCyXz33bmuk24Affcvzk,0,0,,
CcN3itNxQNaQnkKa6k4a2u3UMVb7YRR34H3ZLi3dngEf,0,0,,
7vgnnnNk8T1JJw1eN5XX5MK8N2DgCk3fg54oQd68pump,0,0,,
CATTzAwLyADd2ekzVjTjX8tVUBYfrozdkJBkutJggdB7,0,0,,
5xi82LyRRvcXFtoZTBw96L8VptwysDVfPSn7tZFMpump,0,0,,
5iZBbeAVtRYDfwduHkgbPbuAbLuperzBh8veJQb1pump,0,0,,
D2JGRcNqq1mLzyL4ruCb27pzYw8FF3nTK4hMz6GmMW56,0,0,,
4znuiWsXxG7bfEavApbUoaxxnTXYEtpbGyENxm1Vpump,0,0,,
J6zpEeeDWUxtcgr6bY2Gahhb9bVhkvszvZhm6B4js2iP,0,0,,
AF9SsNF5oxvpfH9YWUf3Cw35p8rjJ7f7Dqs4pYeKpump,0,0,,
EEP2VmX7dSbdTB8jdfjeyFqQ8eBhMF4YiV81gRbMgcq,0,0,,
AmmyZDYiwEa4BBzWfUkofucu4e3G5YUZDuof21GmNVnE,0,0,,
GNp3Yjthyc4rm4z7MsvJBdj8XBKVyjrhJX5Ff4Edpump,0,0,,
AiYhnwWiqbdSiEHgAzqrurcdoZx4V21mnuMt5ps2pump,0,0,,
61AbMUfxusAz8yL2GnpyzTSdzfduUkppFKqtUAqApump,0,0,,
CLXPjdHA2ikfQVPeQJiy4vomAZseVVMuowUtngRMpump,0,0,,
BW2CTev9vM821NsEZYZifbdyMMY122eq827xr6G8pump,0,0,,
GgiiempyXB27jfRZVf42TeKgNXpLKcB1WsJGWw4kpump,0,0,,
C8x3CUd8kRL6Rtsznh7sUrvBD6Uxjz2hwED8kHD55H3u,0,0,,
3SawMnZ56amqAh2pum8pvmtxji2TtbgC3tYEM6QerHhy,0,0,,
HxBxPZ8CXi1BeGj1hNHoBCbHdL4UiT2zZJrjQtivpump,0,0,,
11W8vakvavnP9aryEK8jmDDsdeWE6S6SGu8Fjkipump,0,0,,
FzQectckWX1XLxUHNh9PfepacRG1sz8PQh4tBY5xpump,0,0,,
ENFzmzoZR32rcRzMbQzvhGRxvwhfkKgkZ3baBZrhp4dN,0,0,,
B87Mymq8bXDarYwH3ohMGUWdDaQzj6dr1Xudj5EJY2VU,0,0,,
Eyq81x3GhjS23PaafJd5HA5tmRuSDpQPe2rmXdSG5yR1,0,0,,
5J8ruPAnhwShxRUdVGfduBA1uev3N9GYPndJb2Hjpump,0,0,,
2Vu11jw9bidytFxQuJmc7QDZBrcGJLyZMB2WNTdWpump,0,0,,
11UWkTuhDK4wkzJzpYu7WnztNcwocNVZFPxVyhEpump,0,0,,
TDjz5Mz3wej2zJnJiHDEpXWX14YrY9DeB3bzbNZpump,0,0,,
DGv1SskQbd7tvBFnrUkUGabsV4hz2FbbyZEhNEsUpump,0,0,,
AJuHGdyQ5aZJCDo6nUN28w1j6Cz3qnG2AwmACTwspump,0,0,,
89zuXtRXt1gApAaJrk6kyrj1STBmxyGLLyyJ84w6pump,0,0,,
GNoxENum7P8g229n7YBa1sg6kqsSR58p3ee6QTAhQDTy,0,0,,
DqWf9DDK6H5c7KmEHkNJxnzNPSM6mzxonZJjK6yxpump,0,0,,
rGG7NGbhgyEkkX4Jb9wFNn96tBXxG7pyzsFSx9Vwut1,0,0,,
3JxHLz993egRB7ch4H3kHecTcUCspnocXdhdckPxpump,0,0,,
DKQpAd288VT4pLS4qiZvoqHqRgqm72PTfxBCwahjpump,0,0,,
87hwoyaGKUFmbRpVADgyW8qL3tXuL6sZXpnUScWupump,0,0,,
HHmoB1cQmcaNmgeE44ch9vwce1Mn6QgNfUkGLaFZtbAr,0,0,,
9ntbwdukzZgyX6PgqQ4EhRYdWDj3SUv6hjJtWZaAUgMa,0,0,,
4pz9wdhuUGwZsvNSEUrEnAhAm3fNmoPvYwW91aUrmsC7,0,0,,
BDeeKZMJ2fMJum4zzHBunJ6vLJkLEFdFMuZFXG17b1t7,0,0,,
56PVVrHFWX8tLPVo7mqYczrj2FBFAcvC6ExXZx15VJa6,0,0,,
JDem8kVP1BkK2SNxUBSJUTKjcnD697oQ5AZRjoGetfCM,0,0,,
7ootaAeTTNeqJAcCByMrVuw1tsi4KmD61bZtKhAvpump,0,0,,
EsKm5ryMD1fvLamBcjiLM1aWqkxH1R2hnXetMJ6jCJk7,0,0,,
4fA3eVA5CqJ3Euo17t3JoviKnvWrq4xwZX2mS7tSpump,0,0,,
947tEoG318GUmyjVYhraNRvWpMX7fpBTDQFBoJvSkSG3,0,0,,
EBt3jjVkoyWiCJ6HTU7pyJH6iwqUpoRkENyTMpKmpump,0,0,,
F6HxV3wqehcW97QQ3cyZhD747m14HBMpnUN51AmCpump,0,0,,
FWucHu8ZZ2khqgD4HxYfxV67sgTTWg6A5Kd71MK1pump,0,0,,
9AE2GDSB8buSSrbA5BHEhUKhKTjG68xZgXXGUEATpump,0,0,,
8yU1zPdX6V8gsjgMqpHPQqxZtbJ2ZWyDHAWu6V7Rpump,0,0,,
9Z2Wvn6YJrJy6Xyhrjs4SZVXF8BVMFz9mG8ZN5DuFLVZ,0,0,,
BPLmhxKYgSzYiNz5uezR62tWejiSfiKReRoeQGaiaxMn,0,0,,
9WrSVoGm1GwCSK52ZfJyXMN7UrS4kP9VMv6SHzKWwNN9,0,0,,
7NDL9bvEdDpRprmstoZCpkj9j3RYhvSzMRoCssgspump,0,0,,
AjWB3uZQR6spZG9Az9Gpg12XgCKUWsQwRcx3iNLDohUV,0,0,,
GHhKvAwx8Bd2dWQnnthM7ZfUauUNeMcVZMYvgXVppump,0,0,,
FzvT6gkXFzbngUhjr3S91bJFug88yBHQMbPHqyCUpump,0,0,,
AytC5pZ2E6GzuPM5K7De76fhxVJBCuucUYLNcHCvhsaf,0,0,,
CZhaw3dtiDbXBLjKamco7cF1XwbQfZ2gNddN7UQhF3kD,0,0,,
62C1w9gaZinfVgLKK2DbRwSzgSb5UE3XsP5Tcxagpump,0,0,,
884mU8Nhhy5NdRT8UHkkawdzLBa2sdm4fry7v6nTpump,0,0,,
AUrs3d86hgp1EeuankuVrFbuZaeYFmToQvj6aqbvZ6Bn,0,0,,
8Lqgcs9hhbu49iwwFReDhNWQVJfnENpG4JGx9Afvpump,0,0,,
D7chaSQQUes2GfB6mj6jXRfMd3UMHoa3PzvvsPBNpump,0,0,,
EdNbFnpj6RvgXkMgnztkh6grJCYkDQQ68c3kQPMapump,0,0,,
HtSPT2fzgeTZbYX7yTjYQwSmafqxN29LYMAhqXBLpump,0,0,,
EC4t98EG3SxHwjdX2EbtBvDkeDvRiGQKgCsRLR7zpump,0,0,,
2oVQVi53LjmWFt9beg9vN6nmutkaQaFLEBdDzLwaYFQg,0,0,,
77RBCP95AFT9XRsx4xuGUHjBQsjcatGYCZ2VXx8Epump,0,0,,
8AGrudQDbjNjnHzBsrndfVDBHgg6KBJ7RN6j3hbfq3Qh,0,0,,
89VoH6kGA9sqEJP6T42V34gq3i7mpiVB5UsDDT1Vpump,0,0,,
3YzxFqmJrqeL64pTbA4mQAnPv6xZcmjctMM8iC2SQt86,0,0,,
FGw8zrcTXYc5R2hfQ83v5YK9PgkiX5zmdtG9Jqqopump,0,0,,
CMzgHhgrL4PtFz1hrMjtCd7rKjwdfzvUP5CfVXxXpump,0,0,,
5ZHyAV71W7gfpEZoCx6BLCcszhotxUexR2Fb9ZcnpEw2,0,0,,
5mdBkZ4dTP94SE7PyiuWseTDAd1kYxSk6oYaWB7186s7,0,0,,
36JYMyt2DZC8LrCNZAUMLRzYRWS2c1FUZSjVGqnWpump,0,0,,
7vMx9w8HoQMuBnvynhfdAenkDmb6Uk7bdNWx8Aeu3d6x,0,0,,
F6fw97fXctQkkZDzmXrdsqm2Um2vtGnkdSnUQ6V2g9Q2,0,0,,
9bVRBj5s6vzsD1FwyAqcWXSNzpP93e6F3twmouxVTkYU,0,0,,
6GHmoCmqEk2AG2GyoeviV4P1G82rHbUCQ4vgZU7ppump,0,0,,
37pMYSpqquvEDzT4QmaTqbpnnpZa2W9oJHhfqV5Mpump,0,0,,
AT574xSGQgcfv54BWjitFYxLR4Dpwspe29jWHFP6pump,0,0,,
6BBQFTGE8hQgYiCxW6DdfRwAKpU2dwwNurS4Wxv2Ueme,0,0,,
BWDvcMqcuBck7vTXkGhJmbaaqpFSsc9xSyA4XmwCUWkd,0,0,,
CPCd7iEztRBCsJoyPhC2yArnx5EH8MqxbC4jXJCqpump,0,0,,
AsktR1RW2CBUur42FAzJecMmx73XuQUB7STNPiCjesKb,0,0,,
8WTo7oeoKpecCsE9ZjJdPHpBSC4wFUb12khTXyrcpump,0,0,,
8gChsJ66HWyaKyppqMoNeJxQu4WjnN3xyrbDAn7wGbFf,0,0,,
9Ca3o7baBVfyezTLZY42oRaUEWxoiNAYzMfjUbUNM7CK,0,0,,
B8uhPqBqHSBhqC1Mdr4bN8fdsuoD9SBfTXAEEBUQpump,0,0,,
HYYCETsQhHGFw9wpFvi1uKJSfJCUCZQtKWxCsHTCpump,0,0,,
AxUx31tmanQ2r8xG3nBvW1L9miHHZNqMfALzc1ygpump,0,0,,
VYtxhqzE65hQ6xUnHAGsexXyao3tzw14n5u4FG8pump,0,0,,
8RpTEVxrfRtJj1BbW8LwTjVyiZ76v6y3wpeaV6jTW3PD,0,0,,
385uv7V87WNoszgDajcQ6SYsDSgEv8pFSrC4S3oRpump,0,0,,
8oJxWUdExZvsRz7otHnAiPqvuepJ2a5ux2o1tCgMpump,0,0,,
CGdD943TAU3oEKwRTTJ6VPhXqLPZ8UMrfh1AiWr8pump,0,0,,
HHDenWk5Q3WGAQzrJg9MVyWU9YzFCXfhNsVn4t7ijhND,0,0,,
9NbxFpQNF5hRMgwNr4F31yX8wLYFnFhMQkKcgMMx83no,0,0,,
2hx2Dz7dS1A3hWS5kp3Fe5aQG5fRSPXU8qEjGzzL4zuY,0,0,,
YWW8QJsueeTVH67mJbnp64FomaBHDPYStaUkERMpump,0,0,,
AW8AVmspzeEewLxt49v7JMVGNr72yzYJ4fPvWYwDBLJ4,0,0,,
H51vmoTbxbKKeh2B2BKPAioK5bZALLHEWXVNUZAUpump,0,0,,
9kbXLEz9whoN1NCYZh7n3HpHXp75wJ1zG2Dfoys1pump,0,0,,
2pEzBprdLp9ntPmhcNQu59pRQeKB9tdgkfabYKCyoRXB,0,0,,
DMat33pN7YhJeoHZ22K9g9PLgQpWcdUrLtxhC8UPpump,0,0,,
A4E68u8qCcNo5SVfFcC9BZcKnJz51ePRKzFqwnXLswrX,0,0,,
44vJgfwXNRx9K6zU7S71g96Mi3qhKkDAF72XBAk2KSsz,0,0,,
Diw9usDG31L6bHcBbAHA6QQC9ZzuxtnM66MEmeccFq6r,0,0,,
Ct6mKc7t4deipRuNoXigPoLv5x7XErv6zg4yKougrrXa,0,0,,
8aNJcVSpmBDbHZCdEvrPrsm3JhkgyzvNMFWqsWibFsFu,0,0,,
CZcArp1tnaw6NJ6pquyCA2c7RygRRBeN1PkA2bGPpump,0,0,,
4g1T5S6J3Dyy2N37THuXHNYnissnE9QFwjHp3ntVpump,0,0,,
4ePkLCA5SnkgiU5d5LstjSUs1bqJNwneacG27b5UYdWe,0,0,,
JDjprgWYuidVGfExWzMp7Z81K3T6Qsg5aJCnG6srRLGW,0,0,,
6KPot7PSLzoFYHXo3Muom3fTd1bnxWRHiVMBpKfipump,0,0,,
